,ID_Venta,Fecha,ID_Cliente,ID_Producto,Cantidad,Método_Pago,Estado
0,919,31/01/2024,10,25,5,1,Completa
1,947,31/01/2024,106,5,1,4,Completa
2,1317,31/1/2024,235,25,3,3,Completa
3,1607,31/1/2024,114,15,5,1,Completa
4,2038,31/1/2024,132,2,5,4,Completa
5,2436,31/1/2024,282,3,3,1,Completa
6,2578,31/1/2024,201,31,6,3,Completa
7,448,01/02/2024,5,19,3,4,Pendiente
8,492,01/02/2024,114,29,6,4,Completa
9,1099,1/2/2024,282,28,1,4,Completa
10,1439,1/2/2024,130,18,2,2,Completa
11,1565,1/2/2024,97,6,6,2,Completa
12,1776,1/2/2024,247,7,4,4,Completa
13,2190,1/2/2024,98,16,1,1,Pendiente
14,2755,1/2/2024,27,18,4,4,Completa
15,43,02/02/2024,294,31,1,4,Completa
16,272,02/02/2024,60,3,6,4,Completa
17,349,02/02/2024,203,2,3,4,Completa
18,351,02/02/2024,45,8,4,3,Completa
19,822,02/02/2024,1,32,4,5,Completa
20,1078,2/2/2024,218,6,5,5,Completa
21,1595,2/2/2024,129,31,6,1,Completa
22,2746,2/2/2024,217,4,1,4,Completa
23,262,03/02/2024,156,33,3,4,Pendiente
24,997,03/02/2024,245,12,3,5,Completa
25,1221,3/2/2024,251,10,5,5,Pendiente
26,1931,3/2/2024,204,6,4,5,Completa
27,1967,3/2/2024,32,7,5,4,Completa
28,2328,3/2/2024,275,23,1,2,Completa
29,420,04/02/2024,259,32,1,2,Pendiente
30,546,04/02/2024,66,19,3,4,Completa
31,680,04/02/2024,112,37,2,5,Completa
32,2263,4/2/2024,48,27,1,5,Completa
33,2752,4/2/2024,125,35,3,4,Completa
34,2889,4/2/2024,48,24,2,3,Pendiente
35,2896,4/2/2024,106,21,1,2,Completa
36,680,04/02/2024,112,37,2,5,Completa
37,277,05/02/2024,159,4,6,4,Completa
38,497,05/02/2024,169,5,6,3,Completa
39,503,05/02/2024,169,5,5,1,Completa
40,1198,5/2/2024,102,13,2,1,Completa
41,1449,5/2/2024,172,29,6,2,Completa
42,1759,5/2/2024,255,23,5,5,Pendiente
43,2873,5/2/2024,230,13,2,2,Completa
44,484,06/02/2024,168,35,1,2,Completa
45,593,06/02/2024,258,11,4,5,Completa
46,809,06/02/2024,159,19,6,5,Pendiente
47,1656,6/2/2024,283,1,3,4,Completa
48,1735,6/2/2024,130,8,6,5,Completa
49,2126,6/2/2024,181,3,3,4,Pendiente
50,2540,6/2/2024,75,28,6,1,Pendiente
51,2680,6/2/2024,155,18,2,4,Completa
52,116,07/02/2024,71,35,4,3,Completa
53,215,07/02/2024,64,31,2,4,Pendiente
54,441,07/02/2024,21,7,6,3,Completa
55,471,07/02/2024,108,12,6,5,Pendiente
56,1136,7/2/2024,187,23,3,3,Completa
57,1753,7/2/2024,35,17,2,4,Pendiente
58,2127,7/2/2024,180,6,3,3,Completa
59,2209,7/2/2024,151,3,2,1,Completa
60,2935,7/2/2024,164,25,3,4,Completa
61,734,08/02/2024,212,36,5,2,Completa
62,2043,8/2/2024,318,27,2,5,Completa
63,2335,8/2/2024,56,38,2,5,Completa
64,2770,8/2/2024,295,34,4,2,Completa
65,226,09/02/2024,3,11,4,1,Completa
66,1044,9/2/2024,69,29,1,5,Completa
67,1162,9/2/2024,104,17,2,3,Completa
68,1725,9/2/2024,293,25,6,4,Completa
69,1878,9/2/2024,214,17,3,4,Completa
70,2480,9/2/2024,278,22,1,1,Completa
71,2610,9/2/2024,78,1,6,4,Completa
72,2947,9/2/2024,28,6,5,4,Pendiente
73,117,10/02/2024,288,10,3,2,Pendiente
74,1102,10/2/2024,59,29,4,3,Completa
75,1217,10/2/2024,144,22,2,4,Completa
76,1363,10/2/2024,314,28,3,3,Pendiente
77,1600,10/2/2024,230,24,6,3,Completa
78,2719,10/2/2024,57,16,1,4,Completa
79,621,11/02/2024,166,3,3,3,Completa
80,995,11/02/2024,224,13,5,5,Completa
81,1218,11/2/2024,34,29,1,2,Completa
82,1362,11/2/2024,120,19,2,5,Pendiente
83,1651,11/2/2024,85,13,6,4,Completa
84,1680,11/2/2024,241,28,3,3,Completa
85,1754,11/2/2024,212,27,3,5,Completa
86,1934,11/2/2024,69,27,1,2,Completa
87,2534,11/2/2024,250,11,1,5,Completa
88,2642,11/2/2024,54,37,5,4,Completa
89,2703,11/2/2024,255,29,3,1,Pendiente
90,2874,11/2/2024,87,19,4,5,Completa
91,2933,11/2/2024,307,37,4,5,Completa
92,29,12/02/2024,205,38,2,3,Completa
93,237,12/02/2024,182,21,4,1,Completa
94,488,12/02/2024,47,14,2,5,Completa
95,1168,12/2/2024,286,4,4,5,Completa
96,1540,12/2/2024,273,14,6,3,Completa
97,2007,12/2/2024,288,14,2,4,Completa
98,2236,12/2/2024,295,18,4,5,Completa
99,8,13/02/2024,214,38,4,4,Completa
100,14,13/02/2024,171,22,4,3,Completa
101,459,13/02/2024,128,24,4,3,Completa
102,681,13/02/2024,14,29,3,3,Completa
103,821,13/02/2024,43,1,3,5,Pendiente
104,908,13/02/2024,141,11,4,4,Pendiente
105,1826,13/2/2024,300,20,1,1,Completa
106,2355,13/2/2024,150,35,2,5,Completa
107,2555,13/2/2024,130,33,3,5,Completa
108,2572,13/2/2024,258,26,4,1,Completa
109,2687,13/2/2024,73,29,4,5,Completa
110,2709,13/2/2024,304,12,2,1,Pendiente
111,681,13/02/2024,14,29,3,3,Completa
112,1271,14/2/2024,190,27,5,3,Completa
113,1975,14/2/2024,118,4,6,5,Completa
114,2076,14/2/2024,5,1,1,4,Completa
115,2559,14/2/2024,87,15,6,1,Pendiente
116,2763,14/2/2024,273,21,5,5,Completa
117,2801,14/2/2024,105,17,5,3,Completa
118,34,15/02/2024,325,35,5,2,Completa
119,294,15/02/2024,85,24,3,2,Completa
120,627,15/02/2024,312,24,6,5,Completa
121,696,15/02/2024,76,13,3,1,Completa
122,938,15/02/2024,204,1,1,4,Completa
123,1700,15/2/2024,158,33,4,4,Completa
124,1928,15/2/2024,310,35,1,1,Completa
125,2214,15/2/2024,187,7,5,5,Completa
126,2238,15/2/2024,231,12,3,4,Completa
127,2481,15/2/2024,166,4,2,5,Pendiente
128,2604,15/2/2024,319,23,1,5,Completa
129,696,15/02/2024,76,13,3,1,Completa
130,481,16/02/2024,109,19,3,3,Completa
131,641,16/02/2024,184,17,5,5,Completa
132,735,16/02/2024,183,20,2,1,Completa
133,779,16/02/2024,252,14,2,3,Completa
134,1174,16/2/2024,286,14,1,1,Completa
135,1253,16/2/2024,50,13,1,2,Completa
136,1263,16/2/2024,48,38,5,3,Completa
137,1479,16/2/2024,211,33,1,1,Completa
138,2323,16/2/2024,98,25,3,3,Completa
139,2362,16/2/2024,109,36,6,1,Completa
140,2771,16/2/2024,39,7,2,3,Completa
141,2937,16/2/2024,124,3,3,2,Completa
142,207,17/02/2024,203,20,2,5,Completa
143,297,17/02/2024,302,3,4,5,Pendiente
144,386,17/02/2024,250,32,6,5,Pendiente
145,572,17/02/2024,95,18,5,1,Completa
146,812,17/02/2024,280,7,4,3,Completa
147,1079,17/2/2024,8,31,6,3,Completa
148,1095,17/2/2024,326,2,5,5,Pendiente
149,1842,17/2/2024,224,29,2,1,Completa
150,1863,17/2/2024,46,26,5,4,Completa
151,2045,17/2/2024,97,8,3,4,Completa
152,2375,17/2/2024,82,38,1,3,Completa
153,2634,17/2/2024,31,15,6,5,Completa
154,77,18/02/2024,320,27,2,3,Completa
155,131,18/02/2024,17,23,5,4,Completa
156,166,18/02/2024,25,13,5,5,Completa
157,223,18/02/2024,221,29,1,5,Completa
158,236,18/02/2024,44,21,4,5,Pendiente
159,434,18/02/2024,90,23,1,5,Completa
160,539,18/02/2024,274,14,2,5,Completa
161,801,18/02/2024,37,27,3,1,Completa
162,1007,18/2/2024,77,11,6,5,Completa
163,1181,18/2/2024,171,17,4,4,Completa
164,1625,18/2/2024,145,38,4,3,Completa
165,1983,18/2/2024,63,27,4,5,Completa
166,2409,18/2/2024,252,15,4,5,Completa
167,2964,18/2/2024,269,7,2,1,Completa
168,53,19/02/2024,66,30,2,5,Completa
169,447,19/02/2024,249,27,5,1,Completa
170,454,19/02/2024,131,13,5,4,Completa
171,1332,19/2/2024,1,29,4,4,Completa
172,1722,19/2/2024,266,7,3,4,Completa
173,2134,19/2/2024,116,29,5,2,Completa
174,2310,19/2/2024,139,11,2,5,Completa
175,2926,19/2/2024,210,37,2,1,Completa
176,2969,19/2/2024,128,9,1,5,Completa
177,11,20/02/2024,237,25,6,1,Completa
178,110,20/02/2024,31,11,2,3,Completa
179,979,20/02/2024,30,29,5,1,Completa
180,1633,20/2/2024,27,11,5,4,Completa
181,2176,20/2/2024,48,12,5,1,Completa
182,2227,20/2/2024,239,8,4,5,Completa
183,2325,20/2/2024,13,2,4,4,Completa
184,2427,20/2/2024,57,35,2,1,Completa
185,2929,20/2/2024,28,11,1,3,Completa
186,168,21/02/2024,186,2,1,4,Completa
187,691,21/02/2024,175,14,1,1,Completa
188,851,21/02/2024,13,14,2,4,Completa
189,986,21/02/2024,273,7,4,1,Completa
190,1041,21/2/2024,312,9,3,3,Completa
191,2560,21/2/2024,249,33,3,5,Completa
192,2751,21/2/2024,19,2,5,4,Completa
193,2905,21/2/2024,226,5,4,4,Completa
194,691,21/02/2024,175,14,1,1,Completa
195,338,22/02/2024,103,12,2,3,Completa
196,407,22/02/2024,32,5,3,3,Completa
197,1184,22/2/2024,106,38,6,5,Completa
198,1200,22/2/2024,143,32,1,5,Pendiente
199,1792,22/2/2024,81,9,4,1,Completa
200,2027,22/2/2024,184,32,4,1,Completa
201,2206,22/2/2024,236,23,1,1,Completa
202,2235,22/2/2024,20,28,6,5,Completa
203,2449,22/2/2024,262,1,2,5,Pendiente
204,2527,22/2/2024,55,14,3,5,Completa
205,85,23/02/2024,91,4,5,2,Completa
206,784,23/02/2024,279,10,4,2,Completa
207,1586,23/2/2024,166,38,2,4,Pendiente
208,2869,23/2/2024,247,4,2,4,Completa
209,2982,23/2/2024,229,34,2,4,Completa
210,88,24/02/2024,176,37,1,5,Completa
211,267,24/02/2024,273,13,1,4,Pendiente
212,342,24/02/2024,109,7,3,3,Completa
213,783,24/02/2024,124,30,1,2,Completa
214,948,24/02/2024,218,11,1,4,Completa
215,1416,24/2/2024,31,38,2,5,Completa
216,1674,24/2/2024,75,23,4,5,Pendiente
217,1852,24/2/2024,230,1,4,5,Pendiente
218,2439,24/2/2024,142,7,3,5,Completa
219,2835,24/2/2024,57,3,5,5,Pendiente
220,134,25/02/2024,308,10,1,4,Completa
221,1999,25/2/2024,209,33,2,5,Completa
222,2155,25/2/2024,162,17,1,3,Pendiente
223,2309,25/2/2024,82,1,4,4,Pendiente
224,2331,25/2/2024,228,1,2,3,Completa
225,2729,25/2/2024,166,9,4,3,Completa
226,39,26/02/2024,183,26,2,4,Completa
227,577,26/02/2024,169,3,1,3,Completa
228,1287,26/2/2024,22,25,6,1,Completa
229,1830,26/2/2024,291,32,4,4,Completa
230,2067,26/2/2024,73,23,1,4,Completa
231,2978,26/2/2024,108,3,3,1,Completa
232,713,27/02/2024,64,14,2,4,Completa
233,1841,27/2/2024,37,38,6,5,Completa
234,2248,27/2/2024,16,22,1,4,Pendiente
235,2272,27/2/2024,85,16,6,4,Completa
236,2442,27/2/2024,266,26,3,5,Completa
237,2789,27/2/2024,35,22,5,1,Completa
238,2901,27/2/2024,34,19,1,4,Completa
239,89,28/02/2024,6,10,2,3,Completa
240,271,28/02/2024,66,6,6,4,Completa
241,545,28/02/2024,20,26,4,4,Completa
242,795,28/02/2024,256,25,6,5,Completa
243,1749,28/2/2024,95,33,1,5,Completa
244,2047,28/2/2024,117,17,1,5,Completa
245,2294,28/2/2024,316,35,2,1,Completa
246,2346,28/2/2024,274,25,4,3,Completa
247,2460,28/2/2024,301,15,5,4,Completa
248,2550,28/2/2024,138,23,4,3,Pendiente
249,2600,28/2/2024,187,25,4,5,Completa
250,3,29/02/2024,31,21,3,3,Completa
251,123,29/02/2024,169,32,5,5,Completa
252,452,29/02/2024,115,4,5,4,Completa
253,1037,29/2/2024,48,30,6,4,Completa
254,1190,29/2/2024,119,21,1,3,Completa
255,1313,29/2/2024,95,13,2,3,Completa
256,1713,29/2/2024,265,14,2,4,Completa
257,1907,29/2/2024,278,12,3,5,Pendiente
258,2059,29/2/2024,84,20,6,3,Completa
259,2606,29/2/2024,221,7,2,4,Completa
260,66,01/03/2024,97,27,3,5,Completa
261,183,01/03/2024,31,38,3,3,Completa
262,1188,1/3/2024,255,27,3,5,Pendiente
263,1422,1/3/2024,58,2,1,4,Completa
264,1465,1/3/2024,36,14,2,5,Completa
265,1535,1/3/2024,255,8,1,3,Completa
266,2280,1/3/2024,134,18,1,4,Completa
267,2668,1/3/2024,117,19,5,1,Pendiente
268,2845,1/3/2024,71,5,6,3,Completa
269,72,02/03/2024,144,23,5,2,Completa
270,786,02/03/2024,292,19,6,4,Pendiente
271,2094,2/3/2024,276,25,5,3,Completa
272,2278,2/3/2024,163,5,3,5,Completa
273,95,03/03/2024,67,14,5,4,Completa
274,365,03/03/2024,90,8,5,5,Completa
275,382,03/03/2024,208,12,1,3,Completa
276,428,03/03/2024,308,28,4,5,Completa
277,610,03/03/2024,197,38,3,4,Pendiente
278,1069,3/3/2024,37,26,1,5,Completa
279,1164,3/3/2024,97,12,3,4,Pendiente
280,1214,3/3/2024,67,5,1,4,Completa
281,1501,3/3/2024,42,29,5,5,Completa
282,1730,3/3/2024,160,33,6,3,Completa
283,1867,3/3/2024,132,22,6,5,Pendiente
284,2042,3/3/2024,221,22,6,5,Completa
285,2327,3/3/2024,62,26,4,5,Completa
286,2391,3/3/2024,271,32,1,4,Completa
287,2420,3/3/2024,17,1,2,2,Completa
288,2778,3/3/2024,64,32,1,4,Completa
289,275,04/03/2024,27,11,5,4,Completa
290,298,04/03/2024,158,1,3,4,Completa
291,1531,4/3/2024,326,14,1,3,Pendiente
292,1737,4/3/2024,149,21,5,5,Completa
293,2547,4/3/2024,80,2,5,3,Completa
294,2913,4/3/2024,283,10,6,5,Completa
295,290,05/03/2024,123,31,4,2,Completa
296,408,05/03/2024,7,12,5,3,Completa
297,1171,5/3/2024,8,14,5,3,Completa
298,1589,5/3/2024,112,26,2,4,Pendiente
299,2479,5/3/2024,85,34,5,5,Completa
300,2669,5/3/2024,68,2,5,1,Pendiente
301,28,06/03/2024,240,23,3,3,Pendiente
302,311,06/03/2024,68,24,6,4,Completa
303,916,06/03/2024,307,17,3,3,Pendiente
304,1524,6/3/2024,292,34,2,5,Completa
305,2157,6/3/2024,193,2,1,3,Completa
306,2301,6/3/2024,321,7,1,1,Completa
307,2665,6/3/2024,36,20,6,5,Pendiente
308,210,07/03/2024,215,35,3,4,Completa
309,556,07/03/2024,104,23,5,1,Pendiente
310,606,07/03/2024,46,20,2,5,Completa
311,820,07/03/2024,148,7,3,5,Completa
312,1185,7/3/2024,58,22,2,4,Pendiente
313,1444,7/3/2024,23,25,4,4,Completa
314,1756,7/3/2024,309,13,5,4,Completa
315,1796,7/3/2024,32,4,2,4,Completa
316,2156,7/3/2024,193,26,5,1,Completa
317,2175,7/3/2024,255,3,1,4,Completa
318,2183,7/3/2024,38,36,4,1,Completa
319,2366,7/3/2024,222,17,2,4,Completa
320,2732,7/3/2024,311,4,6,3,Completa
321,54,08/03/2024,108,13,1,2,Completa
322,438,08/03/2024,307,29,5,2,Completa
323,620,08/03/2024,257,21,6,3,Completa
324,876,08/03/2024,42,23,3,2,Completa
325,1226,8/3/2024,91,35,6,5,Completa
326,1463,8/3/2024,299,17,4,2,Completa
327,1577,8/3/2024,25,26,5,4,Pendiente
328,2398,8/3/2024,203,30,1,4,Completa
329,362,09/03/2024,30,15,2,4,Completa
330,444,09/03/2024,164,9,6,5,Completa
331,790,09/03/2024,119,24,6,1,Completa
332,1634,9/3/2024,206,14,3,5,Pendiente
333,1788,9/3/2024,180,2,2,4,Completa
334,2512,9/3/2024,87,36,1,4,Completa
335,2769,9/3/2024,33,24,6,3,Completa
336,35,10/03/2024,62,9,6,3,Completa
337,152,10/03/2024,64,11,5,4,Completa
338,1142,10/3/2024,164,13,6,1,Completa
339,1639,10/3/2024,230,26,5,4,Completa
340,1957,10/3/2024,217,37,2,1,Completa
341,2678,10/3/2024,11,31,6,5,Pendiente
342,923,11/03/2024,172,2,1,1,Completa
343,1148,11/3/2024,67,25,5,4,Pendiente
344,1564,11/3/2024,238,23,2,2,Completa
345,2058,11/3/2024,206,9,2,4,Completa
346,2132,11/3/2024,215,11,3,3,Completa
347,2253,11/3/2024,278,2,2,2,Completa
348,437,12/03/2024,211,15,5,1,Completa
349,971,12/03/2024,213,29,6,4,Completa
350,2019,12/3/2024,49,13,6,4,Completa
351,2291,12/3/2024,69,6,6,5,Completa
352,2416,12/3/2024,49,11,5,4,Completa
353,2519,12/3/2024,30,3,6,1,Completa
354,2524,12/3/2024,117,9,2,3,Pendiente
355,2989,12/3/2024,147,31,6,3,Completa
356,426,13/03/2024,100,17,4,4,Completa
357,537,13/03/2024,262,3,6,2,Completa
358,656,13/03/2024,35,6,5,3,Completa
359,756,13/03/2024,81,12,4,4,Completa
360,762,13/03/2024,81,3,5,1,Completa
361,1808,13/3/2024,303,11,5,2,Completa
362,1970,13/3/2024,167,10,1,2,Completa
363,2180,13/3/2024,74,18,5,3,Completa
364,2260,13/3/2024,54,1,3,5,Completa
365,2274,13/3/2024,213,35,1,1,Completa
366,31,14/03/2024,267,2,1,3,Completa
367,124,14/03/2024,173,13,5,3,Completa
368,225,14/03/2024,104,38,3,4,Pendiente
369,607,14/03/2024,251,9,5,2,Completa
370,705,14/03/2024,185,17,2,1,Completa
371,1033,14/3/2024,78,1,3,5,Completa
372,1228,14/3/2024,291,1,6,1,Completa
373,1537,14/3/2024,138,37,1,1,Completa
374,1864,14/3/2024,15,10,5,4,Completa
375,2545,14/3/2024,233,12,1,4,Completa
376,2973,14/3/2024,134,7,3,3,Completa
377,817,15/03/2024,31,3,2,4,Completa
378,1494,15/3/2024,157,23,3,1,Completa
379,1601,15/3/2024,313,34,4,1,Completa
380,1618,15/3/2024,14,18,3,5,Pendiente
381,1622,15/3/2024,211,16,2,5,Completa
382,1646,15/3/2024,143,8,3,3,Completa
383,2073,15/3/2024,283,11,4,4,Completa
384,2107,15/3/2024,299,3,5,3,Completa
385,2204,15/3/2024,55,28,1,5,Completa
386,2660,15/3/2024,28,7,6,4,Completa
387,2808,15/3/2024,11,38,6,4,Completa
388,40,16/03/2024,125,34,6,1,Completa
389,42,16/03/2024,259,32,5,5,Completa
390,199,16/03/2024,226,30,4,4,Pendiente
391,1083,16/3/2024,111,26,5,4,Completa
392,1085,16/3/2024,232,20,3,3,Completa
393,1111,16/3/2024,65,16,2,3,Completa
394,1249,16/3/2024,77,21,1,3,Completa
395,1561,16/3/2024,200,22,5,4,Completa
396,1708,16/3/2024,68,16,1,4,Completa
397,2201,16/3/2024,63,34,6,5,Completa
398,2264,16/3/2024,87,11,6,5,Completa
399,2689,16/3/2024,108,30,5,4,Completa
400,2740,16/3/2024,224,7,5,4,Completa
401,2951,16/3/2024,229,32,1,4,Completa
402,18,17/03/2024,179,10,3,4,Completa
403,827,17/03/2024,246,8,2,5,Completa
404,875,17/03/2024,321,15,6,5,Completa
405,884,17/03/2024,312,16,5,2,Pendiente
406,1121,17/3/2024,88,34,3,5,Pendiente
407,1137,17/3/2024,295,32,6,3,Completa
408,1290,17/3/2024,323,25,5,3,Completa
409,1682,17/3/2024,48,38,4,4,Completa
410,2091,17/3/2024,44,21,3,5,Completa
411,2261,17/3/2024,305,4,6,4,Completa
412,2478,17/3/2024,109,29,3,3,Completa
413,414,18/03/2024,151,35,3,5,Completa
414,1133,18/3/2024,313,32,4,5,Completa
415,1156,18/3/2024,37,2,3,1,Completa
416,1545,18/3/2024,8,19,2,1,Completa
417,2135,18/3/2024,50,31,6,4,Completa
418,2917,18/3/2024,17,35,5,3,Pendiente
419,2981,18/3/2024,36,11,2,4,Completa
420,44,19/03/2024,122,30,2,4,Completa
421,208,19/03/2024,66,29,3,1,Completa
422,1357,19/3/2024,71,23,5,1,Pendiente
423,1777,19/3/2024,113,3,2,5,Completa
424,1874,19/3/2024,92,15,4,3,Completa
425,2112,19/3/2024,119,22,4,2,Pendiente
426,2563,19/3/2024,99,15,4,4,Completa
427,2585,19/3/2024,323,19,1,1,Completa
428,2628,19/3/2024,195,14,5,2,Completa
429,118,20/03/2024,26,25,4,5,Completa
430,741,20/03/2024,222,31,6,5,Completa
431,968,20/03/2024,3,23,3,4,Completa
432,1071,20/3/2024,135,14,6,4,Completa
433,1108,20/3/2024,270,25,6,2,Pendiente
434,1130,20/3/2024,213,4,2,2,Completa
435,1903,20/3/2024,278,33,2,5,Completa
436,1920,20/3/2024,184,36,6,3,Completa
437,1984,20/3/2024,321,38,2,1,Pendiente
438,2054,20/3/2024,209,37,3,5,Completa
439,2720,20/3/2024,145,7,4,3,Completa
440,911,21/03/2024,288,19,1,4,Completa
441,1096,21/3/2024,204,37,5,4,Completa
442,1098,21/3/2024,178,25,3,4,Completa
443,1473,21/3/2024,255,18,1,5,Pendiente
444,1606,21/3/2024,278,27,6,4,Completa
445,1998,21/3/2024,279,31,1,1,Pendiente
446,2243,21/3/2024,326,18,2,2,Completa
447,2397,21/3/2024,238,32,2,3,Completa
448,416,22/03/2024,110,29,2,4,Completa
449,608,22/03/2024,105,14,5,3,Completa
450,1028,22/3/2024,267,31,3,4,Completa
451,1118,22/3/2024,106,13,2,1,Completa
452,1210,22/3/2024,266,6,4,5,Completa
453,1504,22/3/2024,168,3,4,4,Completa
454,1773,22/3/2024,88,25,4,5,Completa
455,1809,22/3/2024,90,31,3,3,Completa
456,2040,22/3/2024,313,12,5,1,Completa
457,2251,22/3/2024,238,36,4,5,Completa
458,2372,22/3/2024,177,8,1,1,Completa
459,2907,22/3/2024,207,6,2,3,Completa
460,405,23/03/2024,122,16,2,4,Pendiente
461,970,23/03/2024,212,16,6,3,Completa
462,1795,23/3/2024,1,12,6,4,Completa
463,1814,23/3/2024,175,4,4,1,Completa
464,2258,23/3/2024,17,33,3,4,Completa
465,2467,23/3/2024,25,4,3,5,Completa
466,2815,23/3/2024,171,1,6,5,Completa
467,785,24/03/2024,132,9,5,5,Completa
468,1549,24/3/2024,260,17,1,2,Completa
469,1942,24/3/2024,41,31,1,4,Pendiente
470,1947,24/3/2024,288,29,2,5,Completa
471,2008,24/3/2024,162,15,4,4,Completa
472,2861,24/3/2024,147,21,5,4,Completa
473,113,25/03/2024,72,19,1,3,Pendiente
474,170,25/03/2024,269,20,3,4,Completa
475,378,25/03/2024,199,25,1,4,Completa
476,1139,25/3/2024,8,36,5,1,Completa
477,1399,25/3/2024,90,27,2,3,Completa
478,1710,25/3/2024,131,27,1,3,Completa
479,1866,25/3/2024,272,5,5,1,Completa
480,2164,25/3/2024,292,36,5,5,Completa
481,2854,25/3/2024,208,33,2,5,Pendiente
482,2993,25/3/2024,117,4,2,1,Completa
483,464,26/03/2024,323,5,4,4,Completa
484,469,26/03/2024,134,17,4,4,Completa
485,1025,26/3/2024,288,15,3,5,Pendiente
486,1125,26/3/2024,9,26,5,4,Pendiente
487,1321,26/3/2024,94,6,4,1,Completa
488,1556,26/3/2024,65,8,2,1,Completa
489,1667,26/3/2024,81,24,6,3,Completa
490,2182,26/3/2024,116,2,6,2,Completa
491,2570,26/3/2024,17,7,6,5,Completa
492,2623,26/3/2024,237,3,5,4,Completa
493,2683,26/3/2024,14,28,1,2,Completa
494,172,27/03/2024,268,24,6,1,Completa
495,295,27/03/2024,223,32,6,2,Completa
496,559,27/03/2024,97,24,5,2,Completa
497,737,27/03/2024,48,30,1,5,Completa
498,1278,27/3/2024,11,29,5,4,Pendiente
499,1312,27/3/2024,215,35,5,3,Completa
500,1627,27/3/2024,323,13,1,5,Completa
501,1666,27/3/2024,56,25,1,3,Completa
502,1679,27/3/2024,273,38,4,3,Completa
503,2048,27/3/2024,261,25,3,4,Completa
504,2225,27/3/2024,269,34,1,4,Completa
505,2630,27/3/2024,223,19,5,3,Completa
506,249,28/03/2024,1,31,2,5,Pendiente
507,279,28/03/2024,54,10,4,4,Completa
508,321,28/03/2024,205,35,4,5,Completa
509,669,28/03/2024,44,19,4,3,Completa
510,988,28/03/2024,266,21,5,2,Completa
511,1086,28/3/2024,40,22,6,5,Completa
512,1153,28/3/2024,130,27,6,3,Completa
513,2507,28/3/2024,243,33,3,4,Completa
514,669,28/03/2024,44,19,4,3,Completa
515,86,29/03/2024,188,30,2,4,Completa
516,189,29/03/2024,170,30,1,1,Completa
517,468,29/03/2024,45,17,5,1,Completa
518,511,29/03/2024,98,31,6,3,Completa
519,1129,29/3/2024,275,36,4,4,Pendiente
520,1169,29/3/2024,8,28,5,4,Completa
521,1409,29/3/2024,86,14,6,4,Completa
522,1828,29/3/2024,52,14,2,2,Completa
523,2142,29/3/2024,165,23,2,1,Pendiente
524,265,30/03/2024,257,28,1,1,Completa
525,432,30/03/2024,197,25,5,3,Completa
526,1624,30/3/2024,71,1,2,5,Completa
527,2580,30/3/2024,287,22,4,3,Pendiente
528,2863,30/3/2024,194,1,5,5,Completa
529,2891,30/3/2024,76,7,1,4,Completa
530,209,31/03/2024,311,35,3,2,Completa
531,293,31/03/2024,310,35,3,3,Completa
532,433,31/03/2024,218,29,6,5,Completa
533,590,31/03/2024,194,13,6,1,Completa
534,853,31/03/2024,176,35,2,4,Completa
535,1045,31/3/2024,258,32,3,4,Completa
536,1705,31/3/2024,321,18,4,1,Completa
537,1976,31/3/2024,299,18,6,5,Completa
538,2213,31/3/2024,230,19,4,2,Pendiente
539,2303,1/4/2024,314,2,1,5,Pendiente
540,2326,1/4/2024,201,26,3,5,Completa
541,2385,1/4/2024,76,12,4,3,Completa
542,2611,1/4/2024,63,1,4,5,Completa
543,2914,1/4/2024,66,22,6,4,Pendiente
544,160,02/04/2024,106,25,6,4,Completa
545,837,02/04/2024,102,4,3,1,Completa
546,1224,2/4/2024,60,4,3,5,Pendiente
547,1819,2/4/2024,192,22,5,1,Pendiente
548,1968,2/4/2024,285,12,2,5,Pendiente
549,2413,2/4/2024,248,31,5,4,Completa
550,2465,2/4/2024,240,9,3,2,Completa
551,2899,2/4/2024,163,34,5,1,Pendiente
552,232,03/04/2024,144,24,3,3,Completa
553,339,03/04/2024,81,21,1,3,Completa
554,844,03/04/2024,258,22,2,2,Pendiente
555,1687,3/4/2024,160,23,6,5,Completa
556,1704,3/4/2024,104,3,4,4,Completa
557,1913,3/4/2024,78,33,5,4,Completa
558,2532,3/4/2024,28,13,5,4,Completa
559,2571,3/4/2024,54,18,5,4,Completa
560,2641,3/4/2024,172,8,3,3,Completa
561,2795,3/4/2024,39,8,5,4,Completa
562,2954,3/4/2024,237,27,6,3,Completa
563,2961,3/4/2024,141,25,2,1,Completa
564,327,04/04/2024,203,27,4,2,Completa
565,491,04/04/2024,25,5,5,5,Completa
566,1175,4/4/2024,189,17,3,1,Completa
567,1417,4/4/2024,126,13,5,3,Completa
568,1782,4/4/2024,145,13,2,3,Completa
569,1872,4/4/2024,239,16,6,1,Completa
570,2844,4/4/2024,213,22,3,5,Completa
571,2879,4/4/2024,186,3,5,4,Completa
572,245,05/04/2024,101,32,4,4,Completa
573,799,05/04/2024,55,19,1,5,Pendiente
574,905,05/04/2024,151,3,2,4,Completa
575,1195,5/4/2024,47,16,3,3,Completa
576,2276,5/4/2024,62,23,6,4,Pendiente
577,2884,5/4/2024,307,32,3,1,Completa
578,2945,5/4/2024,245,20,1,5,Completa
579,2995,5/4/2024,38,34,5,5,Completa
580,10,06/04/2024,232,37,2,3,Completa
581,1068,6/4/2024,318,6,3,5,Completa
582,1960,6/4/2024,266,30,3,5,Completa
583,2718,6/4/2024,157,32,1,5,Completa
584,395,07/04/2024,75,32,5,5,Completa
585,453,07/04/2024,75,12,2,4,Completa
586,657,07/04/2024,57,36,1,4,Completa
587,1220,7/4/2024,224,38,5,3,Completa
588,2084,7/4/2024,138,33,4,3,Completa
589,2726,7/4/2024,166,17,6,4,Completa
590,2731,7/4/2024,132,5,3,1,Pendiente
591,108,08/04/2024,153,17,4,4,Completa
592,581,08/04/2024,297,6,1,3,Pendiente
593,1470,8/4/2024,38,24,5,5,Completa
594,1834,8/4/2024,141,7,1,5,Completa
595,1840,8/4/2024,241,12,6,3,Completa
596,2140,8/4/2024,174,9,1,4,Completa
597,2885,8/4/2024,245,24,1,2,Completa
598,80,09/04/2024,313,25,6,3,Completa
599,600,09/04/2024,142,14,2,4,Completa
600,962,09/04/2024,275,8,2,4,Completa
601,1331,9/4/2024,51,11,2,4,Completa
602,1474,9/4/2024,321,9,1,4,Completa
603,2341,9/4/2024,23,10,3,5,Completa
604,2716,9/4/2024,162,15,4,3,Completa
605,2920,9/4/2024,207,35,2,3,Completa
606,102,10/04/2024,282,26,1,3,Completa
607,239,10/04/2024,197,37,6,5,Completa
608,532,10/04/2024,233,1,3,1,Completa
609,1046,10/4/2024,288,1,5,3,Completa
610,1612,10/4/2024,68,20,4,4,Pendiente
611,1904,10/4/2024,231,12,4,4,Completa
612,2490,10/4/2024,162,26,3,5,Completa
613,2758,10/4/2024,273,23,2,4,Completa
614,2785,10/4/2024,191,17,6,5,Completa
615,354,11/04/2024,195,29,6,1,Completa
616,677,11/04/2024,291,10,3,5,Completa
617,873,11/04/2024,72,26,1,4,Completa
618,1110,11/4/2024,284,12,2,4,Completa
619,2469,11/4/2024,79,36,4,5,Pendiente
620,2561,11/4/2024,133,19,3,1,Completa
621,677,11/04/2024,291,10,3,5,Completa
622,379,12/04/2024,67,2,4,1,Completa
623,831,12/04/2024,94,19,4,3,Pendiente
624,1143,12/4/2024,266,20,2,5,Completa
625,1149,12/4/2024,272,24,5,5,Completa
626,1157,12/4/2024,90,11,4,3,Completa
627,1299,12/4/2024,223,16,3,3,Completa
628,1647,12/4/2024,74,9,4,4,Completa
629,1698,12/4/2024,272,3,5,5,Completa
630,1915,12/4/2024,21,27,4,4,Completa
631,2137,12/4/2024,202,5,1,4,Completa
632,2229,12/4/2024,312,27,2,1,Completa
633,2306,12/4/2024,242,2,6,3,Completa
634,2497,12/4/2024,105,26,5,4,Completa
635,2581,12/4/2024,260,26,2,4,Completa
636,328,13/04/2024,167,23,3,3,Pendiente
637,788,13/04/2024,52,33,1,2,Completa
638,1574,13/4/2024,204,20,5,4,Completa
639,1899,13/4/2024,176,22,2,5,Completa
640,2138,13/4/2024,281,7,5,2,Completa
641,2159,13/4/2024,288,19,3,1,Completa
642,2395,13/4/2024,248,12,5,3,Completa
643,2403,13/4/2024,15,8,2,4,Completa
644,2458,13/4/2024,105,24,1,4,Pendiente
645,248,14/04/2024,132,3,5,5,Pendiente
646,340,14/04/2024,271,19,2,3,Pendiente
647,371,14/04/2024,105,5,2,4,Completa
648,708,14/04/2024,164,17,3,1,Completa
649,864,14/04/2024,190,21,5,4,Completa
650,1868,14/4/2024,234,19,6,1,Pendiente
651,1922,14/4/2024,269,31,1,5,Pendiente
652,2051,14/4/2024,165,30,2,5,Completa
653,2838,14/4/2024,41,28,2,3,Completa
654,15,15/04/2024,219,34,4,3,Completa
655,82,15/04/2024,246,27,3,4,Completa
656,194,15/04/2024,45,32,5,5,Pendiente
657,361,15/04/2024,226,20,6,5,Completa
658,431,15/04/2024,231,33,1,2,Completa
659,651,15/04/2024,150,8,6,3,Completa
660,1001,15/4/2024,325,4,4,4,Completa
661,1286,15/4/2024,110,21,5,5,Pendiente
662,1498,15/4/2024,216,37,4,3,Completa
663,2949,15/4/2024,24,28,6,4,Completa
664,399,16/04/2024,115,38,4,4,Completa
665,807,16/04/2024,181,1,5,3,Completa
666,976,16/04/2024,110,31,2,4,Completa
667,1258,16/4/2024,48,28,4,1,Completa
668,1307,16/4/2024,46,1,3,5,Completa
669,1319,16/4/2024,28,3,1,4,Completa
670,1717,16/4/2024,171,33,5,5,Completa
671,2162,16/4/2024,304,28,4,4,Pendiente
672,2407,16/4/2024,209,34,5,3,Completa
673,547,17/04/2024,69,22,2,4,Pendiente
674,1177,17/4/2024,192,22,1,4,Completa
675,2368,17/4/2024,245,33,1,4,Completa
676,2962,17/4/2024,314,2,6,3,Pendiente
677,421,18/04/2024,86,28,3,4,Pendiente
678,1107,18/4/2024,223,18,4,4,Pendiente
679,1282,18/4/2024,280,31,1,2,Completa
680,1325,18/4/2024,89,24,6,1,Completa
681,1379,18/4/2024,301,18,1,3,Completa
682,1951,18/4/2024,212,8,6,1,Completa
683,2632,18/4/2024,53,31,6,3,Completa
684,2661,18/4/2024,121,29,3,2,Completa
685,2777,18/4/2024,24,28,6,4,Completa
686,1320,19/4/2024,324,22,2,4,Pendiente
687,2081,19/4/2024,206,3,1,1,Completa
688,2087,19/4/2024,103,27,6,3,Completa
689,2149,19/4/2024,82,3,4,4,Completa
690,2666,19/4/2024,12,36,3,3,Completa
691,724,20/04/2024,298,4,2,2,Completa
692,800,20/04/2024,56,29,3,3,Completa
693,1575,20/4/2024,66,4,3,4,Completa
694,1605,20/4/2024,180,20,6,2,Pendiente
695,1707,20/4/2024,223,30,2,5,Completa
696,2092,20/4/2024,272,23,1,3,Completa
697,2205,20/4/2024,233,4,2,4,Completa
698,2434,20/4/2024,211,28,5,3,Pendiente
699,2596,20/4/2024,287,12,5,1,Completa
700,2635,20/4/2024,263,34,5,1,Completa
701,135,21/04/2024,254,38,2,5,Completa
702,259,21/04/2024,288,32,3,2,Completa
703,598,21/04/2024,186,4,1,1,Completa
704,1026,21/4/2024,131,17,2,4,Pendiente
705,1194,21/4/2024,237,17,6,4,Completa
706,1456,21/4/2024,271,18,4,1,Completa
707,1638,21/4/2024,151,18,1,4,Completa
708,1714,21/4/2024,242,32,4,5,Completa
709,1894,21/4/2024,1,37,4,4,Completa
710,2055,21/4/2024,186,5,3,5,Completa
711,2066,21/4/2024,288,11,1,4,Completa
712,2356,21/4/2024,139,19,1,4,Completa
713,2426,21/4/2024,75,30,2,4,Completa
714,2499,21/4/2024,310,24,1,3,Pendiente
715,2827,21/4/2024,305,23,2,5,Completa
716,523,22/04/2024,107,12,2,1,Completa
717,806,22/04/2024,225,32,6,2,Completa
718,1074,22/4/2024,320,38,6,3,Completa
719,1406,22/4/2024,100,23,1,3,Completa
720,1806,22/4/2024,233,35,4,2,Completa
721,1853,22/4/2024,273,5,5,4,Completa
722,2925,22/4/2024,209,18,3,2,Completa
723,61,23/04/2024,319,6,2,1,Completa
724,849,23/04/2024,177,31,2,5,Completa
725,1254,23/4/2024,294,4,2,4,Completa
726,1677,23/4/2024,122,5,1,2,Pendiente
727,1686,23/4/2024,73,37,1,4,Completa
728,1732,23/4/2024,215,38,5,4,Completa
729,1800,23/4/2024,313,37,4,5,Pendiente
730,119,24/04/2024,55,21,4,5,Completa
731,909,24/04/2024,287,31,1,1,Completa
732,1460,24/4/2024,40,17,4,3,Completa
733,1783,24/4/2024,301,11,2,4,Completa
734,1996,24/4/2024,117,23,2,3,Completa
735,2145,24/4/2024,38,12,4,2,Completa
736,2584,24/4/2024,141,5,4,4,Completa
737,2645,24/4/2024,182,32,6,5,Completa
738,87,25/04/2024,152,26,6,5,Completa
739,251,25/04/2024,158,4,1,4,Completa
740,751,25/04/2024,259,23,2,1,Pendiente
741,792,25/04/2024,130,1,1,1,Completa
742,952,25/04/2024,207,7,3,3,Completa
743,1060,25/4/2024,56,29,5,3,Completa
744,1088,25/4/2024,274,30,2,2,Completa
745,1657,25/4/2024,298,12,5,1,Completa
746,1900,25/4/2024,222,24,2,3,Completa
747,2184,25/4/2024,68,9,6,5,Completa
748,2269,25/4/2024,13,24,6,1,Completa
749,2615,25/4/2024,277,16,4,5,Completa
750,2974,25/4/2024,315,17,4,3,Completa
751,617,26/04/2024,313,8,6,1,Completa
752,763,26/04/2024,254,27,2,3,Completa
753,826,26/04/2024,137,26,5,4,Completa
754,1616,26/4/2024,144,34,1,1,Completa
755,1621,26/4/2024,193,2,2,1,Completa
756,1733,26/4/2024,185,10,5,5,Completa
757,2117,26/4/2024,82,12,2,5,Completa
758,2554,26/4/2024,306,36,1,4,Completa
759,2741,26/4/2024,48,25,5,5,Completa
760,842,27/04/2024,307,14,4,4,Completa
761,889,27/04/2024,51,17,2,5,Completa
762,1128,27/4/2024,59,20,3,5,Completa
763,1266,27/4/2024,70,21,6,4,Completa
764,1505,27/4/2024,13,8,5,4,Completa
765,1572,27/4/2024,314,24,1,4,Completa
766,2169,27/4/2024,284,38,6,4,Completa
767,2245,27/4/2024,167,22,4,3,Completa
768,2281,27/4/2024,283,10,5,4,Pendiente
769,592,28/04/2024,102,5,6,5,Pendiente
770,858,28/04/2024,67,1,4,3,Pendiente
771,1689,28/4/2024,28,33,4,1,Completa
772,1988,28/4/2024,114,21,2,5,Completa
773,2128,28/4/2024,314,35,1,1,Pendiente
774,2539,28/4/2024,135,37,4,3,Completa
775,2799,28/4/2024,217,2,1,5,Pendiente
776,2851,28/4/2024,316,33,4,1,Completa
777,2957,28/4/2024,249,4,6,1,Completa
778,217,29/04/2024,100,17,4,5,Completa
779,1114,29/4/2024,47,38,6,4,Completa
780,1115,29/4/2024,159,1,6,2,Completa
781,1207,29/4/2024,159,11,4,4,Completa
782,1211,29/4/2024,104,4,5,5,Completa
783,1552,29/4/2024,21,6,6,1,Completa
784,1889,29/4/2024,237,1,4,1,Completa
785,1952,29/4/2024,190,19,4,5,Pendiente
786,2105,29/4/2024,85,12,1,3,Pendiente
787,2786,29/4/2024,106,7,6,1,Completa
788,2999,29/4/2024,320,11,3,4,Completa
789,353,30/04/2024,181,10,4,5,Completa
790,625,30/04/2024,11,18,1,2,Completa
791,898,30/04/2024,179,9,6,4,Completa
792,1127,30/4/2024,136,6,2,4,Completa
793,1238,30/4/2024,254,6,2,1,Pendiente
794,1652,30/4/2024,106,19,4,3,Completa
795,2222,30/4/2024,163,21,1,3,Completa
796,2402,30/4/2024,90,16,6,2,Completa
797,2495,30/4/2024,299,7,4,4,Completa
798,419,01/05/2024,149,2,2,3,Completa
799,659,01/05/2024,213,1,2,3,Completa
800,1237,1/5/2024,247,37,6,4,Completa
801,1247,1/5/2024,87,25,6,1,Completa
802,1472,1/5/2024,1,12,2,3,Completa
803,1961,1/5/2024,177,35,3,5,Completa
804,1986,1/5/2024,278,17,6,5,Completa
805,2659,1/5/2024,274,13,5,4,Completa
806,2890,1/5/2024,156,8,5,4,Completa
807,169,02/05/2024,279,24,4,2,Completa
808,287,02/05/2024,70,23,6,2,Completa
809,692,02/05/2024,303,3,5,5,Completa
810,1609,2/5/2024,286,15,3,2,Completa
811,1926,2/5/2024,55,33,1,4,Completa
812,2810,2/5/2024,314,12,2,1,Pendiente
813,2826,2/5/2024,323,34,1,5,Completa
814,2883,2/5/2024,251,5,1,5,Completa
815,2938,2/5/2024,12,31,5,4,Completa
816,692,02/05/2024,303,3,5,5,Completa
817,60,03/05/2024,53,20,5,3,Completa
818,270,03/05/2024,326,8,6,5,Pendiente
819,472,03/05/2024,123,33,4,3,Completa
820,1274,3/5/2024,187,17,4,1,Completa
821,1655,3/5/2024,293,27,5,4,Completa
822,1774,3/5/2024,232,8,3,4,Completa
823,2109,3/5/2024,284,1,2,1,Completa
824,2388,3/5/2024,128,37,2,5,Completa
825,2898,3/5/2024,188,1,5,4,Completa
826,2943,3/5/2024,181,17,3,1,Completa
827,103,04/05/2024,98,17,3,5,Completa
828,238,04/05/2024,25,2,2,3,Completa
829,727,04/05/2024,241,4,6,3,Completa
830,766,04/05/2024,166,8,6,3,Pendiente
831,1613,4/5/2024,12,3,5,1,Completa
832,1743,4/5/2024,9,1,4,4,Completa
833,2146,4/5/2024,278,15,2,4,Completa
834,2605,4/5/2024,210,24,6,5,Completa
835,174,05/05/2024,264,2,1,3,Completa
836,1738,5/5/2024,198,10,4,4,Completa
837,2313,5/5/2024,122,33,2,3,Completa
838,2473,5/5/2024,181,37,5,4,Completa
839,2544,5/5/2024,34,30,1,1,Completa
840,2840,5/5/2024,289,35,3,4,Completa
841,2924,5/5/2024,158,2,6,1,Completa
842,2997,5/5/2024,178,25,2,5,Completa
843,455,06/05/2024,4,27,4,3,Completa
844,614,06/05/2024,245,34,3,5,Completa
845,815,06/05/2024,186,5,2,4,Completa
846,1424,6/5/2024,174,35,1,5,Completa
847,1433,6/5/2024,222,16,1,1,Pendiente
848,1517,6/5/2024,106,31,5,5,Completa
849,2379,6/5/2024,321,13,5,1,Completa
850,2602,6/5/2024,157,37,1,5,Completa
851,2950,6/5/2024,307,26,4,1,Completa
852,140,07/05/2024,220,29,3,5,Completa
853,686,07/05/2024,171,16,1,3,Completa
854,1250,7/5/2024,234,8,1,2,Completa
855,1734,7/5/2024,311,8,3,5,Completa
856,1739,7/5/2024,222,2,4,4,Completa
857,1802,7/5/2024,81,30,6,2,Completa
858,2110,7/5/2024,27,29,5,2,Pendiente
859,2136,7/5/2024,150,12,6,2,Completa
860,2568,7/5/2024,92,33,4,4,Completa
861,686,07/05/2024,171,16,1,3,Completa
862,897,08/05/2024,234,23,5,4,Completa
863,1051,8/5/2024,308,7,2,5,Pendiente
864,1235,8/5/2024,250,16,6,3,Cancelada
865,1270,8/5/2024,173,29,6,4,Completa
866,1648,8/5/2024,50,31,1,5,Completa
867,1659,8/5/2024,283,21,4,5,Pendiente
868,2487,8/5/2024,250,35,5,3,Pendiente
869,1019,9/5/2024,225,26,4,4,Completa
870,1921,9/5/2024,192,24,6,4,Completa
871,2193,9/5/2024,244,30,5,1,Completa
872,2452,9/5/2024,215,32,5,1,Completa
873,2485,9/5/2024,66,6,5,5,Completa
874,90,10/05/2024,161,16,3,5,Completa
875,182,10/05/2024,301,13,2,3,Completa
876,303,10/05/2024,216,3,1,4,Pendiente
877,422,10/05/2024,81,11,2,4,Completa
878,524,10/05/2024,54,7,4,4,Pendiente
879,778,10/05/2024,46,6,1,4,Completa
880,1031,10/5/2024,103,10,4,5,Completa
881,1268,10/5/2024,14,8,4,1,Pendiente
882,1385,10/5/2024,151,13,4,5,Completa
883,1387,10/5/2024,156,27,6,5,Completa
884,1447,10/5/2024,75,37,2,5,Completa
885,1467,10/5/2024,59,4,1,1,Completa
886,1824,10/5/2024,73,26,3,1,Completa
887,2005,10/5/2024,45,28,3,4,Pendiente
888,2311,10/5/2024,45,18,2,4,Completa
889,2794,10/5/2024,114,38,2,5,Pendiente
890,63,11/05/2024,180,33,1,3,Completa
891,214,11/05/2024,9,8,2,5,Completa
892,857,11/05/2024,325,24,1,1,Completa
893,1050,11/5/2024,115,27,3,4,Completa
894,1140,11/5/2024,184,23,1,5,Pendiente
895,1351,11/5/2024,222,4,5,5,Completa
896,1747,11/5/2024,138,15,4,2,Completa
897,1847,11/5/2024,56,18,5,4,Pendiente
898,1876,11/5/2024,265,3,6,5,Completa
899,2332,11/5/2024,301,3,2,5,Completa
900,2520,11/5/2024,103,10,5,5,Completa
901,2567,11/5/2024,56,27,3,5,Completa
902,2892,11/5/2024,185,27,3,5,Completa
903,49,12/05/2024,237,26,3,5,Pendiente
904,350,12/05/2024,98,34,3,1,Completa
905,715,12/05/2024,281,11,1,4,Completa
906,1151,12/5/2024,59,5,3,5,Completa
907,1923,12/5/2024,112,18,5,5,Completa
908,2114,12/5/2024,119,17,4,5,Pendiente
909,2289,12/5/2024,288,32,6,1,Pendiente
910,2344,12/5/2024,76,12,6,1,Completa
911,449,13/05/2024,21,34,4,5,Completa
912,684,13/05/2024,180,26,3,3,Completa
913,902,13/05/2024,316,37,6,4,Completa
914,1067,13/5/2024,271,27,3,5,Completa
915,1097,13/5/2024,102,31,3,5,Completa
916,1731,13/5/2024,231,30,3,5,Pendiente
917,2020,13/5/2024,265,6,1,1,Completa
918,2493,13/5/2024,36,3,2,5,Completa
919,2728,13/5/2024,49,6,6,4,Completa
920,684,13/05/2024,180,26,3,3,Completa
921,37,14/05/2024,12,36,5,4,Completa
922,337,14/05/2024,247,28,1,1,Completa
923,744,14/05/2024,326,9,1,5,Pendiente
924,796,14/05/2024,281,37,4,1,Completa
925,1155,14/5/2024,113,37,6,1,Completa
926,1685,14/5/2024,96,31,2,4,Completa
927,1699,14/5/2024,24,32,3,5,Completa
928,1933,14/5/2024,314,12,5,3,Completa
929,2564,14/5/2024,117,8,2,4,Completa
930,2583,14/5/2024,220,26,4,4,Completa
931,2590,14/5/2024,283,21,4,3,Completa
932,505,15/05/2024,316,38,5,4,Completa
933,1100,15/5/2024,18,29,2,2,Completa
934,1691,15/5/2024,283,9,1,4,Completa
935,1860,15/5/2024,54,28,5,3,Completa
936,1875,15/5/2024,6,5,2,3,Completa
937,1932,15/5/2024,146,37,1,5,Completa
938,2241,15/5/2024,25,9,3,4,Completa
939,655,16/05/2024,24,20,3,5,Completa
940,728,16/05/2024,193,23,1,3,Completa
941,1358,16/5/2024,115,19,2,5,Completa
942,1368,16/5/2024,57,11,6,1,Completa
943,1665,16/5/2024,191,26,3,1,Completa
944,1870,16/5/2024,307,29,3,1,Completa
945,2221,16/5/2024,63,20,6,1,Completa
946,2339,16/5/2024,6,21,6,5,Completa
947,2921,16/5/2024,262,2,1,1,Pendiente
948,1269,17/5/2024,106,7,4,5,Completa
949,1294,17/5/2024,325,28,1,4,Completa
950,1415,17/5/2024,119,8,5,4,Completa
951,1569,17/5/2024,194,33,5,3,Completa
952,1804,17/5/2024,184,4,2,1,Completa
953,2451,17/5/2024,311,12,1,3,Completa
954,2674,17/5/2024,165,20,2,3,Completa
955,2882,17/5/2024,23,25,2,5,Completa
956,808,18/05/2024,273,28,6,1,Pendiente
957,989,18/05/2024,115,6,4,3,Pendiente
958,1431,18/5/2024,43,29,3,5,Completa
959,1703,18/5/2024,150,37,3,4,Completa
960,1905,18/5/2024,275,16,1,1,Completa
961,58,19/05/2024,157,5,6,1,Pendiente
962,263,19/05/2024,130,2,1,3,Completa
963,542,19/05/2024,64,15,1,3,Completa
964,1239,19/5/2024,254,34,1,1,Completa
965,1328,19/5/2024,91,29,2,4,Completa
966,1838,19/5/2024,299,26,5,4,Completa
967,1974,19/5/2024,99,17,1,4,Completa
968,2232,19/5/2024,64,20,1,1,Completa
969,180,20/05/2024,58,25,3,3,Pendiente
970,227,20/05/2024,271,7,6,2,Completa
971,461,20/05/2024,185,16,1,5,Completa
972,824,20/05/2024,292,38,1,1,Pendiente
973,1587,20/5/2024,153,31,1,4,Completa
974,1727,20/5/2024,128,14,6,3,Completa
975,1823,20/5/2024,189,4,1,4,Completa
976,1831,20/5/2024,306,10,4,2,Completa
977,1919,20/5/2024,67,36,3,4,Pendiente
978,2196,20/5/2024,175,23,2,4,Completa
979,2928,20/5/2024,159,15,1,1,Completa
980,380,21/05/2024,24,5,5,4,Pendiente
981,652,21/05/2024,316,23,1,4,Completa
982,723,21/05/2024,101,10,3,3,Pendiente
983,1248,21/5/2024,86,2,3,1,Pendiente
984,1398,21/5/2024,202,24,3,4,Completa
985,1448,21/5/2024,289,26,5,5,Completa
986,1888,21/5/2024,281,32,5,3,Completa
987,2712,21/5/2024,303,30,5,1,Completa
988,141,22/05/2024,115,5,3,5,Pendiente
989,329,22/05/2024,234,13,2,5,Completa
990,706,22/05/2024,287,1,1,4,Completa
991,1081,22/5/2024,249,21,3,4,Completa
992,1794,22/5/2024,144,5,6,5,Pendiente
993,2018,22/5/2024,69,27,6,1,Completa
994,51,23/05/2024,189,18,2,4,Completa
995,133,23/05/2024,220,22,4,4,Completa
996,286,23/05/2024,317,12,4,4,Completa
997,393,23/05/2024,195,30,4,4,Completa
998,951,23/05/2024,152,14,1,5,Completa
999,1291,23/5/2024,32,29,1,3,Completa
1000,1602,23/5/2024,123,31,2,1,Completa
1001,1690,23/5/2024,94,24,3,5,Completa
1002,1906,23/5/2024,158,21,3,5,Completa
1003,1917,23/5/2024,168,29,4,1,Completa
1004,2443,23/5/2024,74,13,6,4,Completa
1005,2841,23/5/2024,303,15,6,5,Completa
1006,128,24/05/2024,214,2,4,5,Completa
1007,281,24/05/2024,2,5,5,4,Pendiente
1008,397,24/05/2024,231,8,6,5,Completa
1009,612,24/05/2024,307,28,4,5,Completa
1010,935,24/05/2024,93,9,4,1,Completa
1011,1350,24/5/2024,248,26,5,3,Completa
1012,1437,24/5/2024,197,19,3,4,Completa
1013,1513,24/5/2024,119,36,3,4,Pendiente
1014,2384,24/5/2024,238,16,5,1,Completa
1015,2448,24/5/2024,242,37,5,1,Pendiente
1016,30,25/05/2024,46,30,1,5,Completa
1017,573,25/05/2024,264,10,6,5,Pendiente
1018,956,25/05/2024,139,14,2,5,Pendiente
1019,1141,25/5/2024,56,22,5,4,Pendiente
1020,1615,25/5/2024,264,25,4,1,Completa
1021,2717,25/5/2024,16,7,6,4,Completa
1022,2803,25/5/2024,283,11,6,5,Pendiente
1023,2918,25/5/2024,311,34,6,3,Completa
1024,190,26/05/2024,21,23,1,5,Completa
1025,932,26/05/2024,213,4,6,1,Completa
1026,1030,26/5/2024,44,32,4,4,Completa
1027,1232,26/5/2024,241,5,3,3,Cancelada
1028,1349,26/5/2024,264,22,1,5,Completa
1029,1581,26/5/2024,210,5,6,4,Pendiente
1030,2086,26/5/2024,68,5,3,4,Completa
1031,2441,26/5/2024,205,23,5,4,Pendiente
1032,2991,26/5/2024,266,38,2,3,Completa
1033,70,27/05/2024,138,33,4,3,Pendiente
1034,485,27/05/2024,136,20,1,4,Completa
1035,881,27/05/2024,39,16,1,4,Completa
1036,1441,27/5/2024,145,19,2,1,Completa
1037,1481,27/5/2024,148,35,3,3,Pendiente
1038,1661,27/5/2024,146,8,3,1,Completa
1039,1752,27/5/2024,220,31,2,1,Completa
1040,2093,27/5/2024,90,2,1,4,Completa
1041,2123,27/5/2024,235,17,3,5,Completa
1042,2599,27/5/2024,176,30,2,4,Completa
1043,2940,27/5/2024,56,9,3,5,Pendiente
1044,895,28/05/2024,194,12,4,4,Completa
1045,1066,28/5/2024,182,29,5,1,Completa
1046,1421,28/5/2024,89,17,3,3,Pendiente
1047,1576,28/5/2024,127,25,5,1,Completa
1048,1709,28/5/2024,319,3,2,4,Pendiente
1049,2098,28/5/2024,108,35,4,4,Completa
1050,2880,28/5/2024,248,38,1,3,Completa
1051,554,29/05/2024,132,30,5,4,Completa
1052,642,29/05/2024,240,26,5,2,Completa
1053,717,29/05/2024,304,38,5,4,Completa
1054,1837,29/5/2024,26,17,3,1,Completa
1055,1844,29/5/2024,127,28,2,5,Completa
1056,2475,29/5/2024,7,26,6,1,Completa
1057,2761,29/5/2024,87,26,2,3,Completa
1058,2831,29/5/2024,180,15,5,4,Pendiente
1059,6,30/05/2024,70,27,5,4,Pendiente
1060,185,30/05/2024,97,28,5,4,Completa
1061,197,30/05/2024,211,26,1,4,Completa
1062,818,30/05/2024,159,10,2,1,Completa
1063,1598,30/5/2024,243,32,6,4,Completa
1064,1822,30/5/2024,311,27,4,4,Completa
1065,1962,30/5/2024,82,5,2,4,Completa
1066,2024,30/5/2024,282,8,4,5,Completa
1067,2418,30/5/2024,308,27,4,3,Completa
1068,187,31/05/2024,118,8,5,2,Completa
1069,650,31/05/2024,242,9,3,1,Pendiente
1070,867,31/05/2024,77,12,2,1,Completa
1071,1205,31/5/2024,285,27,3,4,Completa
1072,1401,31/5/2024,313,32,4,4,Pendiente
1073,1427,31/5/2024,234,24,5,5,Completa
1074,1755,31/5/2024,198,16,4,3,Completa
1075,1985,31/5/2024,84,34,5,1,Completa
1076,2315,31/5/2024,312,3,3,5,Completa
1077,2821,31/5/2024,66,22,1,3,Completa
1078,2,01/06/2024,37,15,3,1,Completa
1079,163,01/06/2024,165,11,6,2,Pendiente
1080,383,01/06/2024,75,25,3,2,Completa
1081,636,01/06/2024,185,31,6,1,Pendiente
1082,699,01/06/2024,252,15,6,4,Completa
1083,711,01/06/2024,149,35,4,1,Completa
1084,944,01/06/2024,51,27,1,5,Completa
1085,1054,1/6/2024,300,31,5,4,Completa
1086,1502,1/6/2024,165,29,1,5,Completa
1087,1562,1/6/2024,213,31,5,5,Pendiente
1088,1751,1/6/2024,211,36,6,3,Completa
1089,2249,1/6/2024,124,29,2,4,Completa
1090,2579,1/6/2024,66,27,5,5,Pendiente
1091,2909,1/6/2024,277,24,3,3,Completa
1092,2979,1/6/2024,5,9,4,2,Pendiente
1093,45,02/06/2024,11,30,3,5,Completa
1094,177,02/06/2024,316,21,5,4,Completa
1095,425,02/06/2024,138,5,5,4,Completa
1096,516,02/06/2024,83,17,2,1,Pendiente
1097,765,02/06/2024,229,25,4,4,Completa
1098,922,02/06/2024,210,24,5,5,Completa
1099,991,02/06/2024,104,4,2,2,Completa
1100,1187,2/6/2024,154,5,5,3,Completa
1101,1244,2/6/2024,200,6,3,2,Completa
1102,1518,2/6/2024,33,38,6,1,Completa
1103,1590,2/6/2024,265,8,3,5,Pendiente
1104,2181,2/6/2024,136,1,6,2,Completa
1105,2308,2/6/2024,31,23,2,1,Completa
1106,2498,2/6/2024,144,28,3,1,Completa
1107,2505,2/6/2024,235,30,4,4,Pendiente
1108,2566,2/6/2024,158,8,3,5,Completa
1109,2824,2/6/2024,144,17,4,1,Completa
1110,284,03/06/2024,176,36,5,4,Completa
1111,1681,3/6/2024,167,2,3,3,Completa
1112,1935,3/6/2024,311,8,5,5,Completa
1113,2057,3/6/2024,81,9,5,1,Completa
1114,2300,3/6/2024,49,27,6,4,Completa
1115,2304,3/6/2024,276,14,6,1,Completa
1116,2433,3/6/2024,126,29,2,1,Completa
1117,2476,3/6/2024,69,21,5,1,Completa
1118,2614,3/6/2024,279,34,4,5,Pendiente
1119,2790,3/6/2024,97,34,1,5,Completa
1120,2908,3/6/2024,48,21,2,4,Completa
1121,466,04/06/2024,7,9,4,1,Completa
1122,580,04/06/2024,195,32,1,5,Completa
1123,833,04/06/2024,303,28,1,3,Completa
1124,996,04/06/2024,242,13,5,3,Completa
1125,1112,4/6/2024,171,37,3,5,Completa
1126,2266,4/6/2024,108,5,3,4,Completa
1127,2509,4/6/2024,114,9,1,4,Completa
1128,2601,4/6/2024,218,32,3,5,Completa
1129,2860,4/6/2024,156,14,6,5,Completa
1130,2959,4/6/2024,197,19,2,4,Completa
1131,512,05/06/2024,106,21,6,5,Completa
1132,626,05/06/2024,324,21,1,1,Completa
1133,710,05/06/2024,292,27,6,5,Completa
1134,985,05/06/2024,29,12,3,3,Completa
1135,1225,5/6/2024,134,29,5,4,Completa
1136,1243,5/6/2024,307,35,3,5,Completa
1137,1281,5/6/2024,223,9,2,5,Completa
1138,1563,5/6/2024,313,34,1,5,Completa
1139,1857,5/6/2024,298,4,2,3,Completa
1140,2151,5/6/2024,127,18,2,2,Completa
1141,2153,5/6/2024,282,25,6,4,Completa
1142,2705,5/6/2024,305,23,5,4,Completa
1143,260,06/06/2024,17,14,1,3,Completa
1144,300,06/06/2024,258,2,3,3,Completa
1145,623,06/06/2024,86,14,1,3,Completa
1146,739,06/06/2024,109,35,6,3,Completa
1147,1386,6/6/2024,125,15,2,1,Completa
1148,1434,6/6/2024,5,5,2,3,Completa
1149,1966,6/6/2024,11,24,1,4,Completa
1150,2002,6/6/2024,130,11,5,4,Completa
1151,2060,6/6/2024,194,7,6,4,Pendiente
1152,2218,6/6/2024,209,24,3,3,Completa
1153,2244,6/6/2024,108,30,1,4,Pendiente
1154,357,07/06/2024,52,9,4,1,Completa
1155,1035,7/6/2024,249,20,1,3,Completa
1156,1040,7/6/2024,298,18,6,4,Completa
1157,1165,7/6/2024,30,13,5,5,Pendiente
1158,1182,7/6/2024,169,15,2,1,Completa
1159,1805,7/6/2024,290,31,2,3,Pendiente
1160,2022,7/6/2024,211,30,3,5,Completa
1161,2082,7/6/2024,169,19,2,4,Completa
1162,2376,7/6/2024,168,21,4,3,Completa
1163,2655,7/6/2024,176,18,1,2,Completa
1164,2855,7/6/2024,53,7,5,5,Completa
1165,22,08/06/2024,257,31,6,2,Pendiente
1166,41,08/06/2024,38,30,4,5,Completa
1167,302,08/06/2024,155,14,2,4,Completa
1168,312,08/06/2024,101,38,2,3,Completa
1169,495,08/06/2024,153,35,5,1,Completa
1170,1010,8/6/2024,90,15,4,5,Completa
1171,1343,8/6/2024,288,28,1,3,Completa
1172,1394,8/6/2024,245,20,4,4,Completa
1173,1775,8/6/2024,126,21,1,3,Completa
1174,1787,8/6/2024,203,22,5,5,Completa
1175,1924,8/6/2024,8,26,6,5,Pendiente
1176,2009,8/6/2024,238,30,5,5,Completa
1177,370,09/06/2024,194,21,4,5,Completa
1178,1671,9/6/2024,304,22,6,5,Completa
1179,1780,9/6/2024,40,23,3,4,Completa
1180,2017,9/6/2024,226,7,6,5,Completa
1181,2116,9/6/2024,187,20,4,5,Completa
1182,2186,9/6/2024,234,13,3,1,Pendiente
1183,2405,9/6/2024,77,28,2,1,Completa
1184,2450,9/6/2024,49,3,6,5,Completa
1185,2654,9/6/2024,224,14,3,2,Pendiente
1186,2648,10/6/2024,299,31,1,1,Completa
1187,2653,10/6/2024,255,8,1,2,Pendiente
1188,2657,10/6/2024,171,12,1,4,Completa
1189,683,11/06/2024,200,35,3,4,Completa
1190,685,11/06/2024,201,20,2,3,Completa
1191,959,11/06/2024,66,26,1,1,Completa
1192,967,11/06/2024,55,29,4,5,Completa
1193,1375,11/6/2024,49,4,3,4,Completa
1194,1757,11/6/2024,272,18,1,3,Completa
1195,2437,11/6/2024,139,28,3,5,Completa
1196,2447,11/6/2024,53,18,1,5,Completa
1197,2484,11/6/2024,151,28,1,2,Completa
1198,2586,11/6/2024,184,11,2,4,Completa
1199,2967,11/6/2024,234,17,5,4,Completa
1200,683,11/06/2024,200,35,3,4,Completa
1201,685,11/06/2024,201,20,2,3,Completa
1202,597,12/06/2024,250,10,6,5,Completa
1203,774,12/06/2024,148,5,4,4,Completa
1204,969,12/06/2024,118,37,2,4,Pendiente
1205,1135,12/6/2024,86,9,5,2,Completa
1206,1323,12/6/2024,106,16,3,5,Completa
1207,1425,12/6/2024,306,11,1,4,Completa
1208,1636,12/6/2024,152,12,5,4,Completa
1209,1673,12/6/2024,140,3,3,2,Completa
1210,1741,12/6/2024,61,20,3,1,Completa
1211,2036,12/6/2024,158,10,6,3,Completa
1212,2270,12/6/2024,200,22,4,5,Completa
1213,2685,12/6/2024,40,38,2,4,Completa
1214,2737,12/6/2024,285,19,5,3,Completa
1215,2887,12/6/2024,24,16,6,5,Pendiente
1216,2990,12/6/2024,297,31,3,5,Pendiente
1217,586,13/06/2024,128,25,2,4,Completa
1218,616,13/06/2024,125,20,1,4,Completa
1219,789,13/06/2024,129,26,1,3,Completa
1220,863,13/06/2024,186,32,3,5,Completa
1221,1003,13/6/2024,19,11,1,5,Completa
1222,1064,13/6/2024,152,2,6,1,Completa
1223,1337,13/6/2024,77,4,2,3,Completa
1224,1593,13/6/2024,231,36,6,5,Completa
1225,2074,13/6/2024,172,20,1,5,Completa
1226,2691,13/6/2024,72,20,4,4,Completa
1227,2894,13/6/2024,259,15,2,1,Completa
1228,2975,13/6/2024,50,25,6,5,Completa
1229,309,14/06/2024,148,33,3,5,Completa
1230,603,14/06/2024,249,1,4,5,Pendiente
1231,972,14/06/2024,181,35,2,4,Completa
1232,1543,14/6/2024,130,37,3,2,Completa
1233,2582,14/6/2024,124,32,2,1,Completa
1234,2700,14/6/2024,39,21,6,3,Completa
1235,2767,14/6/2024,245,29,5,5,Completa
1236,2955,14/6/2024,311,20,5,1,Completa
1237,96,15/06/2024,93,14,3,5,Completa
1238,243,15/06/2024,54,32,3,4,Completa
1239,244,15/06/2024,188,7,5,1,Completa
1240,510,15/06/2024,250,10,3,4,Completa
1241,694,15/06/2024,114,19,5,5,Completa
1242,1324,15/6/2024,41,18,5,5,Completa
1243,1369,15/6/2024,232,9,1,1,Completa
1244,1653,15/6/2024,124,6,2,5,Completa
1245,1702,15/6/2024,289,6,1,5,Completa
1246,1803,15/6/2024,100,27,5,4,Completa
1247,1902,15/6/2024,55,37,5,4,Completa
1248,2240,15/6/2024,258,33,4,3,Completa
1249,2364,15/6/2024,285,26,2,4,Pendiente
1250,2435,15/6/2024,80,35,5,4,Completa
1251,2511,15/6/2024,259,37,3,3,Pendiente
1252,694,15/06/2024,114,19,5,5,Completa
1253,506,16/06/2024,287,27,6,4,Completa
1254,579,16/06/2024,144,23,1,3,Completa
1255,622,16/06/2024,244,30,1,4,Completa
1256,660,16/06/2024,205,3,3,5,Completa
1257,733,16/06/2024,111,29,3,3,Completa
1258,836,16/06/2024,165,4,4,3,Pendiente
1259,1131,16/6/2024,134,6,1,3,Pendiente
1260,1354,16/6/2024,71,38,2,1,Pendiente
1261,1404,16/6/2024,57,19,3,3,Completa
1262,1423,16/6/2024,264,1,1,3,Completa
1263,1551,16/6/2024,162,1,1,1,Completa
1264,1643,16/6/2024,170,7,6,2,Completa
1265,1688,16/6/2024,297,12,3,5,Completa
1266,1692,16/6/2024,295,35,2,4,Pendiente
1267,1758,16/6/2024,38,26,4,3,Completa
1268,1881,16/6/2024,218,24,5,3,Completa
1269,949,17/06/2024,29,19,2,3,Pendiente
1270,1167,17/6/2024,311,7,4,5,Completa
1271,1234,17/6/2024,276,25,5,5,Cancelada
1272,1464,17/6/2024,268,18,1,1,Completa
1273,1760,17/6/2024,124,36,2,3,Completa
1274,1761,17/6/2024,260,8,4,4,Completa
1275,2338,17/6/2024,137,29,6,3,Pendiente
1276,2658,17/6/2024,235,36,6,3,Completa
1277,2828,17/6/2024,233,18,6,4,Completa
1278,450,18/06/2024,235,4,5,5,Completa
1279,628,18/06/2024,245,38,1,4,Completa
1280,730,18/06/2024,201,26,6,1,Completa
1281,928,18/06/2024,152,3,6,4,Completa
1282,1341,18/6/2024,133,15,5,1,Pendiente
1283,2050,18/6/2024,58,24,4,2,Completa
1284,343,19/06/2024,14,29,1,4,Completa
1285,861,19/06/2024,34,23,4,5,Completa
1286,865,19/06/2024,60,2,5,1,Completa
1287,1124,19/6/2024,232,7,3,3,Completa
1288,1355,19/6/2024,106,22,2,1,Completa
1289,1530,19/6/2024,2,34,4,4,Completa
1290,2178,19/6/2024,54,7,2,4,Completa
1291,2351,19/6/2024,114,3,2,4,Completa
1292,330,20/06/2024,63,13,3,1,Completa
1293,1509,20/6/2024,36,18,5,4,Completa
1294,1954,20/6/2024,120,17,4,5,Completa
1295,2023,20/6/2024,280,24,2,1,Completa
1296,2257,20/6/2024,137,15,5,3,Completa
1297,2354,20/6/2024,20,15,3,5,Completa
1298,2492,20/6/2024,68,31,2,3,Pendiente
1299,2636,20/6/2024,88,19,4,3,Completa
1300,950,21/06/2024,119,33,6,2,Pendiente
1301,1534,21/6/2024,12,5,2,5,Completa
1302,1583,21/6/2024,53,30,2,1,Completa
1303,1890,21/6/2024,6,3,1,5,Completa
1304,1945,21/6/2024,190,35,3,1,Completa
1305,1987,21/6/2024,90,15,4,4,Completa
1306,2068,21/6/2024,224,27,6,5,Completa
1307,2750,21/6/2024,3,22,4,1,Completa
1308,2956,21/6/2024,307,26,1,3,Completa
1309,98,22/06/2024,177,20,1,1,Completa
1310,533,22/06/2024,83,4,2,5,Completa
1311,743,22/06/2024,271,5,5,5,Completa
1312,1412,22/6/2024,60,28,2,5,Completa
1313,1764,22/6/2024,268,7,4,4,Completa
1314,1843,22/6/2024,139,4,1,1,Completa
1315,2334,22/6/2024,190,2,2,1,Completa
1316,216,23/06/2024,270,8,4,4,Completa
1317,941,23/06/2024,146,13,6,4,Pendiente
1318,1117,23/6/2024,292,38,3,5,Completa
1319,1348,23/6/2024,151,20,3,4,Completa
1320,2163,23/6/2024,168,38,6,2,Completa
1321,2780,23/6/2024,216,1,5,2,Completa
1322,2806,23/6/2024,193,13,6,3,Completa
1323,375,24/06/2024,248,35,6,3,Completa
1324,445,24/06/2024,296,24,4,4,Completa
1325,595,24/06/2024,271,27,5,4,Completa
1326,1901,24/6/2024,53,1,3,3,Completa
1327,2373,24/6/2024,125,26,1,1,Pendiente
1328,2390,24/6/2024,159,8,2,4,Completa
1329,2477,24/6/2024,90,6,6,5,Completa
1330,27,25/06/2024,85,25,1,3,Completa
1331,50,25/06/2024,233,23,2,5,Completa
1332,73,25/06/2024,143,26,3,1,Completa
1333,192,25/06/2024,97,27,4,5,Completa
1334,376,25/06/2024,201,8,5,5,Completa
1335,1347,25/6/2024,223,1,6,5,Completa
1336,1588,25/6/2024,324,3,6,1,Completa
1337,1835,25/6/2024,100,26,4,5,Completa
1338,2438,25/6/2024,287,14,1,5,Pendiente
1339,2552,25/6/2024,310,31,6,5,Completa
1340,2865,25/6/2024,265,22,2,4,Completa
1341,2931,25/6/2024,41,29,3,1,Completa
1342,2942,25/6/2024,215,28,4,3,Completa
1343,570,26/06/2024,185,19,5,3,Completa
1344,2014,26/6/2024,229,35,4,2,Completa
1345,2633,26/6/2024,13,4,5,5,Completa
1346,2820,26/6/2024,258,14,2,4,Completa
1347,191,27/06/2024,186,11,1,3,Completa
1348,460,27/06/2024,166,27,3,1,Completa
1349,578,27/06/2024,180,15,2,5,Completa
1350,750,27/06/2024,198,30,2,5,Completa
1351,2268,27/6/2024,260,4,6,4,Completa
1352,2411,27/6/2024,178,24,2,5,Completa
1353,2516,27/6/2024,268,17,4,5,Completa
1354,2671,27/6/2024,36,24,1,5,Completa
1355,2881,27/6/2024,163,9,5,3,Completa
1356,268,28/06/2024,119,32,5,1,Completa
1357,819,28/06/2024,252,2,4,1,Completa
1358,866,28/06/2024,46,33,2,5,Completa
1359,1695,28/6/2024,103,16,5,3,Completa
1360,1766,28/6/2024,46,11,6,4,Completa
1361,1950,28/6/2024,111,15,5,1,Pendiente
1362,1980,28/6/2024,160,30,4,5,Pendiente
1363,2330,28/6/2024,254,12,4,3,Completa
1364,2946,28/6/2024,296,11,6,5,Pendiente
1365,21,29/06/2024,184,27,2,1,Completa
1366,754,29/06/2024,216,23,4,3,Completa
1367,825,29/06/2024,120,29,6,4,Completa
1368,1329,29/6/2024,233,27,6,1,Completa
1369,1384,29/6/2024,62,30,4,3,Completa
1370,1452,29/6/2024,56,20,1,4,Completa
1371,1462,29/6/2024,86,11,5,5,Completa
1372,1658,29/6/2024,193,1,3,1,Completa
1373,1693,29/6/2024,68,6,2,4,Completa
1374,1797,29/6/2024,192,4,6,5,Completa
1375,1849,29/6/2024,30,30,3,4,Pendiente
1376,2399,29/6/2024,73,37,2,1,Pendiente
1377,2721,29/6/2024,29,20,2,4,Completa
1378,79,30/06/2024,133,24,4,4,Pendiente
1379,599,30/06/2024,61,37,6,4,Completa
1380,920,30/06/2024,50,33,1,1,Completa
1381,1260,30/6/2024,115,25,2,4,Completa
1382,1851,30/6/2024,318,35,5,4,Pendiente
1383,2070,30/6/2024,89,17,1,1,Completa
1384,2314,30/6/2024,171,28,6,3,Completa
1385,2396,30/6/2024,176,2,3,2,Completa
1386,2462,30/6/2024,102,37,4,2,Pendiente
1387,2609,30/6/2024,148,12,6,3,Completa
1388,2663,30/6/2024,251,11,4,5,Pendiente
1389,2766,30/6/2024,185,37,1,1,Completa
1390,507,01/07/2024,73,38,6,5,Completa
1391,804,01/07/2024,154,10,2,5,Pendiente
1392,1052,1/7/2024,219,18,1,3,Pendiente
1393,1159,1/7/2024,233,21,2,1,Completa
1394,1186,1/7/2024,24,23,6,4,Completa
1395,2393,1/7/2024,58,15,4,1,Completa
1396,2672,1/7/2024,49,24,6,3,Completa
1397,201,02/07/2024,141,14,3,4,Completa
1398,219,02/07/2024,24,23,6,4,Completa
1399,306,02/07/2024,14,38,2,5,Completa
1400,474,02/07/2024,25,18,3,4,Completa
1401,1005,2/7/2024,131,4,6,5,Completa
1402,1746,2/7/2024,269,5,4,5,Completa
1403,1798,2/7/2024,167,35,6,5,Completa
1404,1897,2/7/2024,57,37,2,4,Pendiente
1405,2150,2/7/2024,214,25,5,5,Completa
1406,2194,2/7/2024,157,8,2,1,Completa
1407,2224,2/7/2024,286,28,3,4,Pendiente
1408,2787,2/7/2024,249,28,4,5,Completa
1409,2916,2/7/2024,268,17,6,4,Completa
1410,528,03/07/2024,93,37,2,3,Completa
1411,2034,3/7/2024,15,24,1,5,Completa
1412,2077,3/7/2024,62,21,6,4,Completa
1413,2503,3/7/2024,205,1,3,3,Completa
1414,2526,3/7/2024,246,3,4,5,Pendiente
1415,2574,3/7/2024,62,2,3,5,Pendiente
1416,2996,3/7/2024,22,17,4,5,Completa
1417,24,04/07/2024,184,37,4,3,Completa
1418,288,04/07/2024,88,32,3,4,Completa
1419,364,04/07/2024,128,34,1,5,Completa
1420,700,04/07/2024,134,8,3,1,Completa
1421,883,04/07/2024,222,2,2,5,Completa
1422,1036,4/7/2024,230,30,2,5,Completa
1423,1594,4/7/2024,253,4,1,1,Cancelada
1424,1896,4/7/2024,302,19,6,1,Completa
1425,2035,4/7/2024,225,18,6,1,Completa
1426,2191,4/7/2024,80,12,4,3,Completa
1427,2715,4/7/2024,159,4,1,3,Completa
1428,184,05/07/2024,150,34,6,1,Completa
1429,802,05/07/2024,214,1,6,5,Pendiente
1430,1372,5/7/2024,41,23,4,4,Pendiente
1431,1411,5/7/2024,75,35,6,3,Completa
1432,1839,5/7/2024,197,23,3,2,Completa
1433,2529,5/7/2024,77,31,1,5,Completa
1434,2624,5/7/2024,52,3,3,3,Completa
1435,2872,5/7/2024,277,27,3,4,Pendiente
1436,67,06/07/2024,120,18,2,5,Completa
1437,130,06/07/2024,273,29,4,1,Completa
1438,181,06/07/2024,143,34,6,1,Completa
1439,644,06/07/2024,232,9,5,2,Pendiente
1440,960,06/07/2024,200,4,2,4,Completa
1441,1091,6/7/2024,250,15,5,4,Completa
1442,1338,6/7/2024,60,4,3,4,Completa
1443,1626,6/7/2024,171,36,3,1,Completa
1444,2168,6/7/2024,38,18,5,3,Completa
1445,2430,6/7/2024,264,9,4,5,Completa
1446,2900,6/7/2024,152,12,5,4,Completa
1447,2976,6/7/2024,214,29,5,3,Completa
1448,13,07/07/2024,75,32,4,4,Completa
1449,536,07/07/2024,117,16,1,5,Completa
1450,551,07/07/2024,146,7,6,4,Completa
1451,688,07/07/2024,82,23,6,1,Pendiente
1452,957,07/07/2024,198,17,5,4,Completa
1453,975,07/07/2024,40,34,6,4,Completa
1454,981,07/07/2024,33,17,6,5,Completa
1455,1309,7/7/2024,4,24,3,5,Pendiente
1456,1632,7/7/2024,224,38,1,1,Completa
1457,1813,7/7/2024,90,35,1,3,Pendiente
1458,2198,7/7/2024,213,13,1,2,Completa
1459,2832,7/7/2024,171,31,2,4,Completa
1460,2958,7/7/2024,142,12,6,5,Completa
1461,688,07/07/2024,82,23,6,1,Pendiente
1462,663,08/07/2024,183,18,2,5,Completa
1463,746,08/07/2024,47,32,4,4,Pendiente
1464,1123,8/7/2024,164,9,5,4,Completa
1465,1944,8/7/2024,130,1,6,5,Completa
1466,1989,8/7/2024,274,17,2,3,Completa
1467,2256,8/7/2024,242,31,5,2,Completa
1468,97,09/07/2024,103,19,1,4,Pendiente
1469,212,09/07/2024,75,9,2,4,Pendiente
1470,372,09/07/2024,15,1,3,5,Completa
1471,457,09/07/2024,154,31,5,5,Pendiente
1472,557,09/07/2024,208,8,3,5,Completa
1473,798,09/07/2024,10,24,5,4,Completa
1474,1103,9/7/2024,10,34,6,5,Completa
1475,1176,9/7/2024,253,34,6,5,Completa
1476,1475,9/7/2024,39,33,5,5,Completa
1477,1541,9/7/2024,184,13,2,5,Pendiente
1478,1790,9/7/2024,225,30,2,2,Completa
1479,1941,9/7/2024,133,13,2,4,Pendiente
1480,2064,9/7/2024,306,30,5,4,Completa
1481,2432,9/7/2024,190,20,2,5,Pendiente
1482,2536,9/7/2024,194,29,3,3,Completa
1483,2629,9/7/2024,233,19,1,4,Pendiente
1484,2639,9/7/2024,228,35,5,5,Completa
1485,2727,9/7/2024,167,17,1,3,Completa
1486,2788,9/7/2024,18,25,3,4,Completa
1487,2822,9/7/2024,27,14,1,1,Completa
1488,1393,10/7/2024,121,27,5,3,Completa
1489,1628,10/7/2024,307,35,2,4,Completa
1490,2414,10/7/2024,97,19,3,2,Completa
1491,2857,10/7/2024,111,25,3,5,Completa
1492,848,11/07/2024,227,1,3,3,Pendiente
1493,1388,11/7/2024,79,5,3,4,Completa
1494,1514,11/7/2024,156,14,1,4,Completa
1495,1611,11/7/2024,297,8,2,4,Completa
1496,2254,11/7/2024,303,10,2,3,Pendiente
1497,2255,11/7/2024,180,35,5,1,Completa
1498,2290,11/7/2024,216,19,3,5,Pendiente
1499,2496,11/7/2024,262,5,3,4,Completa
1500,2930,11/7/2024,198,30,4,4,Completa
1501,2932,11/7/2024,313,23,1,5,Completa
1502,2963,11/7/2024,9,16,4,5,Completa
1503,560,12/07/2024,300,23,1,5,Completa
1504,646,12/07/2024,25,27,5,4,Completa
1505,1077,12/7/2024,268,34,4,4,Completa
1506,1262,12/7/2024,313,21,2,5,Pendiente
1507,1459,12/7/2024,176,37,5,2,Completa
1508,1476,12/7/2024,12,26,3,1,Completa
1509,1676,12/7/2024,324,36,5,4,Completa
1510,1729,12/7/2024,118,33,6,4,Completa
1511,1791,12/7/2024,250,16,4,4,Completa
1512,2768,12/7/2024,307,13,1,3,Completa
1513,143,13/07/2024,184,31,6,2,Completa
1514,776,13/07/2024,175,6,6,4,Completa
1515,1440,13/7/2024,278,16,1,1,Completa
1516,2052,13/7/2024,322,19,4,4,Completa
1517,2743,13/7/2024,251,5,5,4,Completa
1518,246,14/07/2024,171,26,3,2,Completa
1519,391,14/07/2024,34,16,3,5,Completa
1520,473,14/07/2024,229,29,4,4,Completa
1521,619,14/07/2024,121,35,2,4,Completa
1522,1397,14/7/2024,112,13,2,1,Completa
1523,1620,14/7/2024,267,32,2,4,Completa
1524,1778,14/7/2024,208,19,4,3,Completa
1525,2342,14/7/2024,180,22,6,4,Completa
1526,2886,14/7/2024,67,19,1,1,Completa
1527,548,15/07/2024,229,30,6,5,Pendiente
1528,2083,15/7/2024,44,6,2,4,Completa
1529,2577,15/7/2024,240,11,3,2,Completa
1530,48,16/07/2024,13,4,2,3,Pendiente
1531,74,16/07/2024,125,19,4,5,Pendiente
1532,648,16/07/2024,198,35,6,1,Pendiente
1533,893,16/07/2024,183,29,4,3,Completa
1534,1345,16/7/2024,149,27,1,4,Completa
1535,1400,16/7/2024,299,22,4,4,Completa
1536,1871,16/7/2024,184,20,1,5,Completa
1537,2158,16/7/2024,148,38,3,4,Pendiente
1538,412,17/07/2024,170,9,1,4,Completa
1539,671,17/07/2024,286,22,1,1,Pendiente
1540,768,17/07/2024,168,19,5,3,Completa
1541,974,17/07/2024,175,23,2,5,Completa
1542,1093,17/7/2024,52,36,3,1,Completa
1543,1335,17/7/2024,33,28,4,4,Completa
1544,1664,17/7/2024,17,11,2,4,Pendiente
1545,1898,17/7/2024,261,20,4,4,Completa
1546,2061,17/7/2024,318,30,2,4,Completa
1547,2133,17/7/2024,92,13,6,3,Completa
1548,2139,17/7/2024,234,18,6,4,Completa
1549,2321,17/7/2024,34,20,6,4,Completa
1550,671,17/07/2024,286,22,1,1,Pendiente
1551,489,18/07/2024,152,27,6,5,Completa
1552,519,18/07/2024,174,38,3,1,Completa
1553,549,18/07/2024,211,4,3,5,Pendiente
1554,1216,18/7/2024,123,23,6,3,Completa
1555,1305,18/7/2024,134,38,1,3,Completa
1556,1493,18/7/2024,291,15,4,5,Completa
1557,2412,18/7/2024,5,36,3,1,Completa
1558,2902,18/7/2024,325,32,3,5,Completa
1559,148,19/07/2024,50,9,6,2,Completa
1560,241,19/07/2024,158,7,5,3,Pendiente
1561,335,19/07/2024,277,11,2,4,Pendiente
1562,977,19/07/2024,25,12,1,1,Completa
1563,1395,19/7/2024,265,3,4,4,Pendiente
1564,1546,19/7/2024,283,10,1,3,Completa
1565,2474,19/7/2024,188,19,3,4,Pendiente
1566,2557,19/7/2024,156,7,1,1,Completa
1567,2652,19/7/2024,247,23,1,1,Completa
1568,2800,19/7/2024,226,8,4,2,Completa
1569,2811,19/7/2024,253,26,6,5,Completa
1570,2830,19/7/2024,11,27,1,5,Completa
1571,2966,19/7/2024,203,37,4,4,Completa
1572,2977,19/7/2024,288,21,2,2,Completa
1573,500,20/07/2024,175,35,3,5,Pendiente
1574,514,20/07/2024,298,38,5,5,Completa
1575,682,20/07/2024,200,17,2,2,Completa
1576,707,20/07/2024,216,8,4,3,Completa
1577,777,20/07/2024,235,9,1,5,Completa
1578,803,20/07/2024,227,2,4,4,Pendiente
1579,1461,20/7/2024,87,5,4,1,Completa
1580,1547,20/7/2024,122,21,2,2,Completa
1581,2676,20/7/2024,83,25,2,4,Completa
1582,682,20/07/2024,200,17,2,2,Completa
1583,367,21/07/2024,163,6,3,4,Completa
1584,666,21/07/2024,20,10,3,3,Completa
1585,1017,21/7/2024,200,24,2,3,Completa
1586,1023,21/7/2024,104,4,2,5,Pendiente
1587,1885,21/7/2024,219,17,6,4,Completa
1588,1887,21/7/2024,19,19,2,5,Completa
1589,1943,21/7/2024,235,15,2,4,Completa
1590,2111,21/7/2024,289,23,2,3,Completa
1591,81,22/07/2024,160,10,2,3,Completa
1592,291,22/07/2024,79,37,6,3,Completa
1593,555,22/07/2024,234,27,5,3,Completa
1594,1034,22/7/2024,125,26,3,1,Pendiente
1595,1641,22/7/2024,319,29,6,4,Pendiente
1596,1848,22/7/2024,323,2,5,2,Completa
1597,1990,22/7/2024,242,16,4,5,Completa
1598,2440,22/7/2024,21,35,6,4,Completa
1599,2837,22/7/2024,324,14,1,3,Completa
1600,280,23/07/2024,279,2,1,3,Completa
1601,538,23/07/2024,243,37,1,1,Pendiente
1602,574,23/07/2024,17,17,5,5,Completa
1603,1145,23/7/2024,90,25,6,2,Completa
1604,1261,23/7/2024,318,30,4,1,Completa
1605,1500,23/7/2024,141,23,5,4,Pendiente
1606,1912,23/7/2024,23,21,1,4,Completa
1607,2170,23/7/2024,130,2,1,4,Pendiente
1608,2736,23/7/2024,133,35,4,3,Completa
1609,2749,23/7/2024,248,18,2,1,Completa
1610,2927,23/7/2024,270,13,6,4,Completa
1611,92,24/07/2024,190,22,2,5,Completa
1612,953,24/07/2024,134,33,3,3,Completa
1613,1314,24/7/2024,290,6,3,2,Completa
1614,1994,24/7/2024,323,31,6,5,Completa
1615,2215,24/7/2024,35,28,1,1,Pendiente
1616,2277,24/7/2024,144,36,3,2,Completa
1617,2528,24/7/2024,164,13,1,1,Completa
1618,2695,24/7/2024,58,31,1,5,Completa
1619,2725,24/7/2024,256,6,3,1,Completa
1620,104,25/07/2024,171,21,2,5,Completa
1621,939,25/07/2024,150,14,2,5,Completa
1622,1255,25/7/2024,25,35,6,4,Pendiente
1623,1353,25/7/2024,317,34,3,1,Completa
1624,1408,25/7/2024,124,12,1,5,Completa
1625,1580,25/7/2024,209,9,6,3,Completa
1626,1744,25/7/2024,314,34,3,5,Completa
1627,2471,25/7/2024,32,35,2,3,Completa
1628,2525,25/7/2024,231,38,4,5,Completa
1629,19,26/07/2024,47,31,6,1,Pendiente
1630,323,26/07/2024,295,22,3,2,Completa
1631,392,26/07/2024,150,15,5,5,Completa
1632,410,26/07/2024,165,34,5,2,Pendiente
1633,515,26/07/2024,35,13,3,4,Completa
1634,689,26/07/2024,187,33,3,1,Completa
1635,770,26/07/2024,123,9,1,1,Completa
1636,1004,26/7/2024,71,29,5,5,Completa
1637,1070,26/7/2024,174,12,6,4,Completa
1638,1233,26/7/2024,199,16,4,3,Cancelada
1639,1678,26/7/2024,170,32,6,4,Pendiente
1640,2760,26/7/2024,159,16,5,4,Completa
1641,2779,26/7/2024,237,26,3,5,Completa
1642,2836,26/7/2024,139,13,5,1,Completa
1643,2986,26/7/2024,228,11,4,4,Completa
1644,689,26/07/2024,187,33,3,1,Completa
1645,344,27/07/2024,151,19,2,3,Pendiente
1646,475,27/07/2024,314,36,5,1,Completa
1647,771,27/07/2024,78,32,4,2,Completa
1648,1516,27/7/2024,22,14,2,4,Completa
1649,1858,27/7/2024,301,26,2,4,Pendiente
1650,2237,27/7/2024,233,38,5,4,Completa
1651,2282,27/7/2024,192,6,6,4,Completa
1652,2293,27/7/2024,300,6,3,4,Completa
1653,411,28/07/2024,142,23,5,4,Completa
1654,838,28/07/2024,304,38,3,1,Completa
1655,2389,28/7/2024,64,29,1,1,Completa
1656,178,29/07/2024,159,21,1,3,Pendiente
1657,257,29/07/2024,249,28,5,4,Pendiente
1658,531,29/07/2024,24,27,2,4,Completa
1659,701,29/07/2024,77,21,2,3,Pendiente
1660,1515,29/7/2024,22,3,3,1,Completa
1661,1850,29/7/2024,301,15,4,4,Completa
1662,2994,29/7/2024,162,17,3,3,Completa
1663,121,30/07/2024,114,38,4,5,Completa
1664,202,30/07/2024,170,6,5,4,Completa
1665,308,30/07/2024,153,29,2,4,Completa
1666,381,30/07/2024,140,29,4,2,Completa
1667,906,30/07/2024,179,13,1,5,Completa
1668,930,30/07/2024,91,7,6,4,Completa
1669,1106,30/7/2024,153,2,1,4,Pendiente
1670,1196,30/7/2024,239,32,2,1,Completa
1671,1520,30/7/2024,209,1,4,5,Completa
1672,1617,30/7/2024,162,32,1,4,Completa
1673,1672,30/7/2024,188,8,5,5,Completa
1674,1938,30/7/2024,125,16,3,4,Completa
1675,2423,30/7/2024,157,1,5,3,Completa
1676,2656,30/7/2024,207,14,4,5,Completa
1677,2846,30/7/2024,200,15,4,5,Completa
1678,2849,30/7/2024,153,26,2,4,Completa
1679,146,31/07/2024,148,8,2,4,Completa
1680,220,31/07/2024,156,5,6,5,Pendiente
1681,1279,31/7/2024,302,33,4,1,Completa
1682,1297,31/7/2024,32,24,2,1,Completa
1683,1316,31/7/2024,251,2,3,4,Pendiente
1684,1352,31/7/2024,205,7,6,4,Pendiente
1685,47,01/08/2024,86,31,4,2,Completa
1686,631,01/08/2024,120,20,1,1,Completa
1687,929,01/08/2024,164,31,5,3,Pendiente
1688,1090,1/8/2024,43,3,3,4,Pendiente
1689,1973,1/8/2024,80,20,3,3,Completa
1690,2118,1/8/2024,199,7,2,5,Completa
1691,2210,1/8/2024,140,5,2,3,Completa
1692,2285,1/8/2024,78,4,3,4,Pendiente
1693,2408,1/8/2024,89,15,1,5,Completa
1694,2502,1/8/2024,326,31,5,1,Completa
1695,57,02/08/2024,305,13,1,5,Completa
1696,313,02/08/2024,250,30,1,5,Completa
1697,333,02/08/2024,26,35,1,1,Completa
1698,336,02/08/2024,80,20,6,5,Completa
1699,356,02/08/2024,278,2,6,4,Completa
1700,550,02/08/2024,221,4,5,1,Completa
1701,1377,2/8/2024,85,31,6,1,Pendiente
1702,1407,2/8/2024,242,6,4,4,Completa
1703,1496,2/8/2024,213,9,5,5,Pendiente
1704,1522,2/8/2024,167,6,6,2,Completa
1705,1955,2/8/2024,78,30,6,4,Completa
1706,2361,2/8/2024,164,21,5,5,Pendiente
1707,305,03/08/2024,78,11,6,4,Completa
1708,1895,3/8/2024,125,13,4,5,Completa
1709,1937,3/8/2024,326,25,1,1,Completa
1710,2046,3/8/2024,13,22,1,5,Completa
1711,2152,3/8/2024,153,25,2,2,Pendiente
1712,2265,3/8/2024,37,26,5,4,Completa
1713,211,04/08/2024,264,32,2,5,Completa
1714,282,04/08/2024,189,3,2,5,Completa
1715,1557,4/8/2024,165,37,5,1,Completa
1716,1786,4/8/2024,209,33,4,4,Completa
1717,2234,4/8/2024,278,27,2,4,Completa
1718,153,05/08/2024,268,3,4,1,Completa
1719,193,05/08/2024,20,1,2,1,Completa
1720,486,05/08/2024,151,35,3,5,Completa
1721,487,05/08/2024,93,36,2,5,Completa
1722,584,05/08/2024,99,11,4,5,Completa
1723,591,05/08/2024,111,37,5,2,Pendiente
1724,854,05/08/2024,82,29,6,3,Completa
1725,880,05/08/2024,114,2,2,5,Completa
1726,1009,5/8/2024,306,29,2,5,Completa
1727,1432,5/8/2024,309,36,3,4,Completa
1728,1482,5/8/2024,126,18,4,1,Completa
1729,1604,5/8/2024,1,15,1,5,Completa
1730,2187,5/8/2024,69,29,1,1,Completa
1731,2357,5/8/2024,125,32,5,5,Completa
1732,2618,5/8/2024,145,1,3,3,Completa
1733,2627,5/8/2024,241,36,4,2,Completa
1734,2773,5/8/2024,248,31,4,3,Completa
1735,94,06/08/2024,174,31,1,1,Completa
1736,175,06/08/2024,203,3,2,5,Pendiente
1737,764,06/08/2024,43,9,2,5,Completa
1738,1229,6/8/2024,107,22,1,4,Cancelada
1739,1544,6/8/2024,60,26,6,3,Completa
1740,1767,6/8/2024,215,36,5,3,Completa
1741,2848,6/8/2024,157,9,4,3,Completa
1742,2852,6/8/2024,50,26,4,3,Completa
1743,62,07/08/2024,205,15,2,5,Completa
1744,114,07/08/2024,46,23,6,1,Completa
1745,126,07/08/2024,24,26,5,3,Completa
1746,839,07/08/2024,35,12,6,5,Completa
1747,1038,7/8/2024,119,34,5,3,Completa
1748,1058,7/8/2024,67,15,5,1,Completa
1749,1426,7/8/2024,326,15,6,3,Completa
1750,1527,7/8/2024,203,29,5,3,Completa
1751,2212,7/8/2024,99,23,3,1,Completa
1752,2284,7/8/2024,58,15,4,5,Pendiente
1753,2784,7/8/2024,44,35,3,5,Completa
1754,398,08/08/2024,123,23,1,1,Pendiente
1755,494,08/08/2024,143,8,6,4,Completa
1756,1080,8/8/2024,202,27,6,4,Completa
1757,1827,8/8/2024,13,28,2,3,Pendiente
1758,2049,8/8/2024,76,9,1,3,Completa
1759,2802,8/8/2024,326,16,4,3,Completa
1760,418,09/08/2024,252,32,4,1,Completa
1761,1101,9/8/2024,127,6,6,1,Completa
1762,1166,9/8/2024,151,9,5,4,Completa
1763,2791,9/8/2024,124,33,2,3,Completa
1764,502,10/08/2024,231,23,1,4,Completa
1765,594,10/08/2024,261,5,4,3,Completa
1766,703,10/08/2024,126,24,5,4,Completa
1767,1865,10/8/2024,247,9,3,1,Completa
1768,2324,10/8/2024,235,30,1,4,Completa
1769,2748,10/8/2024,169,27,2,1,Completa
1770,427,11/08/2024,132,34,5,3,Completa
1771,852,11/08/2024,139,26,3,5,Completa
1772,1008,11/8/2024,204,11,5,5,Completa
1773,1059,11/8/2024,24,29,3,1,Completa
1774,1855,11/8/2024,237,8,6,1,Completa
1775,1873,11/8/2024,234,9,2,5,Completa
1776,1991,11/8/2024,21,35,2,1,Completa
1777,1995,11/8/2024,159,9,2,5,Completa
1778,2172,11/8/2024,238,12,3,3,Completa
1779,2692,11/8/2024,1,13,2,1,Pendiente
1780,2702,11/8/2024,212,3,1,4,Completa
1781,258,12/08/2024,42,31,1,4,Completa
1782,315,12/08/2024,182,14,2,5,Pendiente
1783,773,12/08/2024,247,26,2,1,Pendiente
1784,1242,12/8/2024,62,38,4,5,Completa
1785,1499,12/8/2024,262,32,1,4,Pendiente
1786,2161,12/8/2024,280,16,1,4,Completa
1787,2394,12/8/2024,94,34,1,2,Completa
1788,2533,12/8/2024,12,21,1,1,Completa
1789,2626,12/8/2024,321,10,2,5,Completa
1790,2804,12/8/2024,11,1,1,5,Completa
1791,2971,12/8/2024,124,7,6,3,Completa
1792,78,13/08/2024,60,13,6,4,Completa
1793,149,13/08/2024,79,7,6,5,Pendiente
1794,936,13/08/2024,98,2,2,4,Completa
1795,1450,13/8/2024,98,12,2,2,Completa
1796,1799,13/8/2024,325,19,2,3,Completa
1797,1979,13/8/2024,185,21,3,5,Completa
1798,2316,13/8/2024,197,11,1,4,Completa
1799,2329,13/8/2024,145,30,1,5,Pendiente
1800,2796,13/8/2024,94,27,4,3,Completa
1801,2911,13/8/2024,140,22,3,1,Completa
1802,17,14/08/2024,51,31,3,2,Completa
1803,521,14/08/2024,140,26,6,4,Completa
1804,987,14/08/2024,274,33,5,2,Completa
1805,1147,14/8/2024,112,5,6,3,Completa
1806,1212,14/8/2024,58,20,5,1,Completa
1807,1318,14/8/2024,219,13,1,4,Completa
1808,1568,14/8/2024,148,6,2,3,Completa
1809,1675,14/8/2024,304,31,4,4,Completa
1810,1723,14/8/2024,320,20,3,3,Completa
1811,1745,14/8/2024,294,17,1,5,Completa
1812,1765,14/8/2024,307,24,2,5,Completa
1813,2382,14/8/2024,326,22,3,1,Completa
1814,2537,14/8/2024,57,26,2,1,Completa
1815,2565,14/8/2024,318,19,5,1,Completa
1816,2762,14/8/2024,145,27,4,2,Completa
1817,403,15/08/2024,300,35,6,4,Completa
1818,413,15/08/2024,137,3,1,2,Completa
1819,1471,15/8/2024,123,25,5,5,Completa
1820,1845,15/8/2024,70,26,1,4,Completa
1821,2015,15/8/2024,33,5,5,5,Completa
1822,2348,15/8/2024,138,15,6,1,Completa
1823,2936,15/8/2024,241,25,2,4,Completa
1824,129,16/08/2024,25,14,2,3,Completa
1825,204,16/08/2024,292,6,5,2,Completa
1826,276,16/08/2024,103,3,1,5,Pendiente
1827,388,16/08/2024,222,31,3,5,Completa
1828,540,16/08/2024,26,16,4,3,Completa
1829,575,16/08/2024,112,6,1,4,Completa
1830,679,16/08/2024,137,10,2,2,Pendiente
1831,757,16/08/2024,52,4,6,4,Completa
1832,1438,16/8/2024,101,16,6,3,Completa
1833,2130,16/8/2024,286,15,4,3,Completa
1834,679,16/08/2024,137,10,2,2,Pendiente
1835,139,17/08/2024,302,8,4,4,Pendiente
1836,676,17/08/2024,291,38,6,1,Completa
1837,1189,17/8/2024,31,10,5,5,Completa
1838,1339,17/8/2024,279,2,3,5,Completa
1839,1553,17/8/2024,25,8,5,5,Completa
1840,1558,17/8/2024,318,23,1,5,Completa
1841,2622,17/8/2024,27,35,4,5,Completa
1842,676,17/08/2024,291,38,6,1,Completa
1843,69,18/08/2024,4,38,3,3,Completa
1844,266,18/08/2024,78,2,5,4,Completa
1845,673,18/08/2024,257,12,3,4,Completa
1846,816,18/08/2024,111,8,3,3,Pendiente
1847,829,18/08/2024,234,20,3,4,Completa
1848,1094,18/8/2024,98,36,2,1,Pendiente
1849,1891,18/8/2024,83,32,5,3,Completa
1850,2021,18/8/2024,240,37,3,2,Completa
1851,2056,18/8/2024,320,36,6,4,Pendiente
1852,2556,18/8/2024,162,26,4,1,Completa
1853,673,18/08/2024,257,12,3,4,Completa
1854,633,19/08/2024,121,28,3,4,Completa
1855,1109,19/8/2024,287,29,1,3,Completa
1856,1122,19/8/2024,313,19,2,4,Pendiente
1857,1458,19/8/2024,73,8,2,2,Completa
1858,1663,19/8/2024,191,2,1,3,Completa
1859,1880,19/8/2024,269,29,3,3,Completa
1860,2108,19/8/2024,246,20,2,5,Completa
1861,2216,19/8/2024,42,32,4,1,Completa
1862,2454,19/8/2024,218,17,2,3,Pendiente
1863,1443,20/8/2024,168,1,6,4,Completa
1864,1859,20/8/2024,57,11,6,4,Pendiente
1865,2044,20/8/2024,246,8,5,1,Completa
1866,2165,20/8/2024,106,30,6,1,Completa
1867,2415,20/8/2024,108,12,5,4,Completa
1868,2701,20/8/2024,169,19,1,4,Completa
1869,358,21/08/2024,193,4,6,3,Completa
1870,583,21/08/2024,7,27,3,4,Pendiente
1871,716,21/08/2024,289,29,3,1,Completa
1872,994,21/08/2024,102,24,3,3,Completa
1873,1862,21/8/2024,26,31,2,4,Completa
1874,2381,21/8/2024,79,5,3,4,Completa
1875,2625,21/8/2024,188,35,5,4,Completa
1876,2681,21/8/2024,62,37,2,4,Completa
1877,2722,21/8/2024,145,33,1,2,Completa
1878,2934,21/8/2024,36,31,3,3,Pendiente
1879,247,22/08/2024,63,32,6,4,Completa
1880,346,22/08/2024,92,34,4,4,Completa
1881,479,22/08/2024,23,28,4,4,Completa
1882,498,22/08/2024,299,20,6,3,Completa
1883,565,22/08/2024,244,19,1,5,Completa
1884,725,22/08/2024,234,21,2,3,Completa
1885,1213,22/8/2024,95,26,4,3,Completa
1886,2299,22/8/2024,236,34,6,5,Completa
1887,2515,22/8/2024,79,8,1,5,Completa
1888,2980,22/8/2024,301,14,3,1,Completa
1889,136,23/08/2024,258,26,3,4,Completa
1890,1591,23/8/2024,311,20,3,4,Pendiente
1891,1640,23/8/2024,128,34,3,5,Completa
1892,1793,23/8/2024,275,6,6,4,Completa
1893,2531,23/8/2024,274,35,2,3,Completa
1894,2839,23/8/2024,54,37,6,3,Completa
1895,2870,23/8/2024,149,18,3,2,Completa
1896,255,24/08/2024,237,22,4,2,Completa
1897,732,24/08/2024,155,13,6,1,Completa
1898,926,24/08/2024,55,25,2,5,Completa
1899,1061,24/8/2024,320,14,4,4,Completa
1900,1981,24/8/2024,70,35,5,1,Completa
1901,23,25/08/2024,4,34,6,1,Completa
1902,142,25/08/2024,246,21,2,2,Completa
1903,520,25/08/2024,208,33,4,4,Completa
1904,639,25/08/2024,279,29,3,1,Completa
1905,917,25/08/2024,275,13,6,1,Completa
1906,1049,25/8/2024,263,25,4,4,Completa
1907,1245,25/8/2024,316,29,3,3,Completa
1908,1310,25/8/2024,179,23,6,2,Completa
1909,1381,25/8/2024,161,20,3,2,Completa
1910,2424,25/8/2024,61,14,3,3,Completa
1911,2677,25/8/2024,118,33,2,5,Completa
1912,508,26/08/2024,14,32,3,4,Completa
1913,640,26/08/2024,316,28,1,3,Completa
1914,719,26/08/2024,148,17,6,5,Completa
1915,1257,26/8/2024,15,6,4,5,Completa
1916,1419,26/8/2024,278,22,3,1,Completa
1917,1486,26/8/2024,313,5,3,1,Completa
1918,2166,26/8/2024,153,36,3,5,Completa
1919,2664,26/8/2024,284,8,6,5,Completa
1920,2697,26/8/2024,218,24,5,4,Completa
1921,206,27/08/2024,96,30,5,4,Completa
1922,869,27/08/2024,111,20,2,1,Completa
1923,888,27/08/2024,90,6,3,3,Completa
1924,903,27/08/2024,257,5,5,5,Completa
1925,2915,27/8/2024,187,37,2,3,Completa
1926,1,28/08/2024,298,17,1,3,Completa
1927,1053,28/8/2024,23,2,3,1,Completa
1928,2688,28/8/2024,74,15,2,5,Completa
1929,601,29/08/2024,193,25,6,5,Completa
1930,670,29/08/2024,80,7,3,2,Completa
1931,729,29/08/2024,288,11,3,1,Completa
1932,943,29/08/2024,56,5,6,3,Completa
1933,984,29/08/2024,121,6,5,4,Completa
1934,1055,29/8/2024,229,34,5,1,Completa
1935,1208,29/8/2024,306,14,4,3,Completa
1936,2053,29/8/2024,178,30,1,2,Completa
1937,2429,29/8/2024,89,23,3,1,Completa
1938,2693,29/8/2024,133,33,4,2,Pendiente
1939,2862,29/8/2024,233,25,3,4,Pendiente
1940,670,29/08/2024,80,7,3,2,Completa
1941,324,30/08/2024,206,3,3,4,Completa
1942,1333,30/8/2024,132,28,2,2,Completa
1943,1597,30/8/2024,281,33,2,5,Completa
1944,1956,30/8/2024,1,36,3,3,Completa
1945,2295,30/8/2024,252,34,2,5,Completa
1946,526,31/08/2024,321,32,4,4,Completa
1947,665,31/08/2024,151,10,5,4,Completa
1948,1326,31/8/2024,307,34,5,4,Completa
1949,1908,31/8/2024,199,3,2,3,Completa
1950,2197,31/8/2024,151,36,1,1,Completa
1951,2713,31/8/2024,176,34,3,3,Completa
1952,2923,31/8/2024,214,10,6,1,Completa
1953,2965,31/8/2024,183,37,4,3,Completa
1954,46,01/09/2024,207,10,1,4,Completa
1955,203,01/09/2024,322,31,6,3,Completa
1956,493,01/09/2024,273,8,3,5,Pendiente
1957,632,01/09/2024,50,36,5,5,Completa
1958,1300,1/9/2024,201,25,5,4,Completa
1959,1763,1/9/2024,182,35,3,2,Completa
1960,1964,1/9/2024,319,29,1,5,Completa
1961,2141,1/9/2024,188,16,4,1,Completa
1962,2226,1/9/2024,122,8,6,4,Completa
1963,2745,1/9/2024,114,9,3,2,Completa
1964,2823,1/9/2024,91,32,6,5,Pendiente
1965,154,02/09/2024,164,16,2,5,Completa
1966,348,02/09/2024,248,9,4,4,Completa
1967,518,02/09/2024,314,16,3,2,Pendiente
1968,587,02/09/2024,317,20,5,1,Completa
1969,702,02/09/2024,308,25,2,1,Completa
1970,810,02/09/2024,40,24,6,4,Completa
1971,931,02/09/2024,179,29,4,1,Completa
1972,1203,2/9/2024,257,38,5,5,Completa
1973,1789,2/9/2024,115,30,5,1,Completa
1974,2288,2/9/2024,252,16,4,4,Completa
1975,624,03/09/2024,297,36,1,5,Completa
1976,738,03/09/2024,59,36,4,5,Completa
1977,998,03/09/2024,152,25,5,3,Completa
1978,1584,3/9/2024,194,31,2,2,Completa
1979,2032,3/9/2024,100,38,4,4,Completa
1980,2252,3/9/2024,206,31,3,4,Completa
1981,52,04/09/2024,50,16,6,4,Completa
1982,205,04/09/2024,303,2,3,5,Completa
1983,385,04/09/2024,257,19,2,3,Completa
1984,535,04/09/2024,167,14,3,1,Completa
1985,1039,4/9/2024,314,22,1,4,Completa
1986,1042,4/9/2024,257,8,2,4,Completa
1987,1429,4/9/2024,23,26,2,5,Pendiente
1988,1430,4/9/2024,302,19,3,1,Completa
1989,2538,4/9/2024,141,30,5,3,Completa
1990,147,05/09/2024,213,32,6,5,Completa
1991,476,05/09/2024,209,38,5,2,Completa
1992,1134,5/9/2024,138,30,2,4,Pendiente
1993,1550,5/9/2024,125,6,4,1,Completa
1994,2530,5/9/2024,218,4,1,4,Completa
1995,5,06/09/2024,188,4,4,4,Completa
1996,320,06/09/2024,93,38,3,3,Completa
1997,862,06/09/2024,284,17,5,4,Completa
1998,1526,6/9/2024,229,19,5,3,Completa
1999,2025,6/9/2024,59,4,1,1,Completa
2000,2607,6/9/2024,214,38,1,1,Completa
2001,2612,6/9/2024,165,20,4,1,Completa
2002,2714,6/9/2024,21,1,2,3,Completa
2003,252,07/09/2024,222,23,3,3,Completa
2004,299,07/09/2024,60,28,2,1,Pendiente
2005,615,07/09/2024,205,17,4,1,Completa
2006,811,07/09/2024,52,13,3,5,Completa
2007,882,07/09/2024,288,32,5,2,Completa
2008,927,07/09/2024,242,21,3,4,Completa
2009,2075,7/9/2024,245,11,5,2,Pendiente
2010,2455,7/9/2024,316,6,5,5,Pendiente
2011,2459,7/9/2024,61,33,6,1,Completa
2012,83,08/09/2024,187,2,6,4,Completa
2013,442,08/09/2024,48,34,3,5,Completa
2014,527,08/09/2024,13,10,6,3,Completa
2015,761,08/09/2024,16,34,6,5,Completa
2016,1252,8/9/2024,50,36,3,5,Pendiente
2017,1371,8/9/2024,72,15,6,3,Completa
2018,2200,8/9/2024,115,28,1,1,Completa
2019,2592,8/9/2024,98,8,5,5,Completa
2020,322,09/09/2024,97,9,6,5,Completa
2021,402,09/09/2024,45,25,1,5,Completa
2022,582,09/09/2024,266,21,3,5,Completa
2023,1821,9/9/2024,143,16,1,4,Completa
2024,726,10/09/2024,161,32,2,4,Completa
2025,2359,10/9/2024,230,35,1,4,Pendiente
2026,2744,10/9/2024,301,36,3,4,Completa
2027,1649,11/9/2024,189,37,2,4,Completa
2028,1854,11/9/2024,303,4,5,4,Completa
2029,2220,11/9/2024,317,26,3,5,Completa
2030,2489,11/9/2024,266,34,3,5,Completa
2031,2649,11/9/2024,294,28,1,4,Pendiente
2032,2809,11/9/2024,276,8,5,5,Pendiente
2033,2878,11/9/2024,180,27,4,4,Completa
2034,958,12/09/2024,80,11,3,3,Completa
2035,1466,12/9/2024,215,17,1,1,Completa
2036,2106,12/9/2024,135,14,2,1,Completa
2037,2192,12/9/2024,167,26,6,4,Completa
2038,2708,12/9/2024,233,29,5,3,Completa
2039,1132,13/9/2024,88,22,1,4,Completa
2040,1442,13/9/2024,4,17,4,2,Completa
2041,2154,13/9/2024,212,25,6,4,Completa
2042,1272,14/9/2024,187,12,2,2,Pendiente
2043,1380,14/9/2024,126,22,2,1,Completa
2044,1762,14/9/2024,71,29,2,4,Completa
2045,1829,14/9/2024,207,23,2,4,Completa
2046,2944,14/9/2024,22,21,3,5,Pendiente
2047,2992,14/9/2024,311,30,2,4,Completa
2048,522,15/09/2024,58,26,4,2,Completa
2049,596,15/09/2024,169,1,5,5,Completa
2050,634,15/09/2024,14,8,5,1,Completa
2051,1183,15/9/2024,289,16,4,1,Completa
2052,2798,15/9/2024,185,32,4,3,Completa
2053,26,16/09/2024,286,23,2,5,Completa
2054,561,16/09/2024,9,38,6,4,Completa
2055,1230,16/9/2024,197,2,6,5,Cancelada
2056,1484,16/9/2024,171,3,6,3,Completa
2057,2286,16/9/2024,307,22,6,4,Completa
2058,2667,16/9/2024,315,26,2,5,Pendiente
2059,2941,16/9/2024,85,38,5,3,Completa
2060,499,17/09/2024,197,2,1,1,Completa
2061,576,17/09/2024,30,27,5,1,Completa
2062,934,17/09/2024,213,26,5,4,Completa
2063,1306,17/9/2024,168,23,2,5,Completa
2064,1346,17/9/2024,278,3,5,1,Completa
2065,2013,17/9/2024,84,2,3,3,Completa
2066,2199,17/9/2024,325,13,4,3,Completa
2067,2208,17/9/2024,324,17,5,5,Completa
2068,2223,17/9/2024,219,6,5,1,Completa
2069,2651,17/9/2024,272,21,4,5,Completa
2070,71,18/09/2024,79,3,1,5,Completa
2071,165,18/09/2024,173,8,3,4,Completa
2072,304,18/09/2024,309,5,6,5,Completa
2073,946,18/09/2024,313,34,4,4,Completa
2074,1082,18/9/2024,282,33,6,4,Completa
2075,1382,18/9/2024,318,23,2,1,Pendiente
2076,1582,18/9/2024,245,16,1,2,Completa
2077,1614,18/9/2024,60,37,1,1,Completa
2078,1801,18/9/2024,46,33,1,5,Pendiente
2079,1810,18/9/2024,72,35,4,5,Completa
2080,2095,18/9/2024,36,36,6,2,Completa
2081,2793,18/9/2024,205,16,2,5,Pendiente
2082,186,19/09/2024,204,12,1,2,Completa
2083,373,19/09/2024,41,26,3,4,Completa
2084,892,19/09/2024,214,37,2,5,Completa
2085,1089,19/9/2024,73,8,4,4,Completa
2086,1289,19/9/2024,50,28,4,4,Completa
2087,1366,19/9/2024,185,35,1,4,Completa
2088,1599,19/9/2024,144,5,3,3,Completa
2089,1963,19/9/2024,99,12,1,5,Completa
2090,2988,19/9/2024,152,30,2,1,Completa
2091,832,20/09/2024,100,21,6,3,Completa
2092,899,20/09/2024,32,27,6,2,Completa
2093,1477,20/9/2024,170,7,4,2,Completa
2094,1495,20/9/2024,142,18,2,3,Completa
2095,1929,20/9/2024,252,31,5,3,Completa
2096,2508,20/9/2024,225,31,2,5,Completa
2097,2895,20/9/2024,41,13,1,5,Completa
2098,552,21/09/2024,286,17,1,4,Completa
2099,720,21/09/2024,180,10,3,3,Completa
2100,1197,21/9/2024,323,2,3,4,Completa
2101,1259,21/9/2024,307,2,6,2,Completa
2102,1265,21/9/2024,94,6,2,3,Completa
2103,1302,21/9/2024,241,34,3,1,Completa
2104,1712,21/9/2024,92,11,6,1,Completa
2105,1909,21/9/2024,272,17,6,5,Pendiente
2106,2069,21/9/2024,243,37,5,4,Completa
2107,2406,21/9/2024,152,6,1,4,Completa
2108,2647,21/9/2024,83,23,6,5,Completa
2109,2673,21/9/2024,44,33,2,2,Completa
2110,2738,21/9/2024,70,37,3,3,Completa
2111,2972,21/9/2024,74,32,3,1,Completa
2112,292,22/09/2024,221,26,6,4,Completa
2113,654,22/09/2024,174,30,6,1,Completa
2114,855,22/09/2024,35,8,2,3,Completa
2115,1144,22/9/2024,106,21,1,4,Completa
2116,1172,22/9/2024,164,13,1,5,Completa
2117,1373,22/9/2024,192,11,1,5,Completa
2118,2365,22/9/2024,95,37,3,4,Completa
2119,2457,22/9/2024,234,3,3,4,Completa
2120,2774,22/9/2024,31,6,2,5,Pendiente
2121,2783,22/9/2024,61,10,5,1,Completa
2122,2968,22/9/2024,245,29,2,1,Completa
2123,156,23/09/2024,145,4,6,3,Completa
2124,463,23/09/2024,280,32,4,2,Completa
2125,470,23/09/2024,62,12,4,3,Pendiente
2126,534,23/09/2024,56,1,5,1,Completa
2127,568,23/09/2024,230,31,3,1,Completa
2128,1180,23/9/2024,256,10,1,5,Pendiente
2129,1340,23/9/2024,8,3,3,5,Completa
2130,2620,23/9/2024,29,22,2,5,Completa
2131,25,24/09/2024,275,34,3,3,Completa
2132,368,24/09/2024,276,32,2,3,Pendiente
2133,462,24/09/2024,100,32,5,4,Completa
2134,637,24/09/2024,176,33,6,5,Completa
2135,1402,24/9/2024,31,35,1,4,Completa
2136,2377,24/9/2024,224,26,5,4,Completa
2137,2735,24/9/2024,3,36,2,4,Pendiente
2138,273,25/09/2024,130,4,4,5,Completa
2139,478,25/09/2024,108,31,1,4,Completa
2140,635,25/09/2024,261,5,2,1,Completa
2141,805,25/09/2024,270,26,2,3,Completa
2142,878,25/09/2024,153,26,2,1,Completa
2143,1072,25/9/2024,155,28,2,4,Completa
2144,1204,25/9/2024,280,33,1,4,Completa
2145,1555,25/9/2024,9,25,2,2,Completa
2146,1949,25/9/2024,223,1,3,1,Completa
2147,1992,25/9/2024,266,29,6,4,Completa
2148,2513,25/9/2024,290,18,1,1,Completa
2149,2576,25/9/2024,214,15,2,3,Pendiente
2150,2650,25/9/2024,48,26,2,2,Pendiente
2151,2682,25/9/2024,8,17,5,4,Completa
2152,2833,25/9/2024,202,36,5,1,Completa
2153,4,26/09/2024,111,37,5,4,Completa
2154,224,26/09/2024,294,10,5,4,Completa
2155,296,26/09/2024,279,10,6,5,Pendiente
2156,604,26/09/2024,321,6,3,4,Completa
2157,1092,26/9/2024,232,9,1,1,Completa
2158,1567,26/9/2024,147,15,4,4,Completa
2159,2707,26/9/2024,244,23,1,5,Completa
2160,2711,26/9/2024,309,5,4,1,Completa
2161,2819,26/9/2024,6,25,1,2,Completa
2162,56,27/09/2024,91,20,6,3,Completa
2163,112,27/09/2024,3,31,1,3,Completa
2164,150,27/09/2024,133,6,3,4,Completa
2165,451,27/09/2024,290,7,3,4,Completa
2166,647,27/09/2024,286,19,5,1,Completa
2167,697,27/09/2024,21,19,6,2,Completa
2168,736,27/09/2024,325,5,6,5,Completa
2169,1523,27/9/2024,79,30,3,4,Completa
2170,1670,27/9/2024,95,4,5,3,Completa
2171,1925,27/9/2024,101,10,4,1,Completa
2172,1946,27/9/2024,277,2,5,3,Completa
2173,2553,27/9/2024,120,3,5,4,Completa
2174,2903,27/9/2024,306,6,2,2,Completa
2175,233,28/09/2024,315,10,5,5,Completa
2176,254,28/09/2024,324,29,1,2,Completa
2177,317,28/09/2024,258,7,6,3,Completa
2178,417,28/09/2024,40,8,6,4,Pendiente
2179,860,28/09/2024,106,2,6,4,Completa
2180,1179,28/9/2024,98,10,5,4,Completa
2181,1503,28/9/2024,121,12,6,3,Completa
2182,2026,28/9/2024,48,17,3,4,Pendiente
2183,2174,28/9/2024,325,17,1,3,Completa
2184,2185,28/9/2024,250,10,2,1,Pendiente
2185,2211,28/9/2024,60,24,1,1,Completa
2186,2302,28/9/2024,41,21,4,4,Pendiente
2187,59,29/09/2024,242,16,6,5,Completa
2188,91,29/09/2024,192,6,6,3,Completa
2189,100,29/09/2024,134,26,6,1,Completa
2190,105,29/09/2024,24,24,1,4,Completa
2191,179,29/09/2024,37,6,4,1,Pendiente
2192,566,29/09/2024,109,16,1,5,Completa
2193,745,29/09/2024,230,9,5,5,Completa
2194,1199,29/9/2024,38,38,3,4,Completa
2195,1288,29/9/2024,53,32,3,2,Completa
2196,1311,29/9/2024,309,27,4,2,Completa
2197,2065,29/9/2024,202,16,3,5,Completa
2198,2102,29/9/2024,268,18,4,1,Completa
2199,2470,29/9/2024,85,24,2,4,Completa
2200,2765,29/9/2024,183,21,5,4,Completa
2201,2772,29/9/2024,56,33,3,5,Pendiente
2202,2970,29/9/2024,135,3,4,4,Completa
2203,171,30/09/2024,50,27,3,5,Completa
2204,400,30/09/2024,167,35,2,1,Completa
2205,618,30/09/2024,31,37,3,5,Completa
2206,755,30/09/2024,109,5,6,5,Completa
2207,904,30/09/2024,76,16,3,3,Completa
2208,1120,30/9/2024,283,13,6,5,Completa
2209,1334,30/9/2024,158,33,1,5,Completa
2210,1539,30/9/2024,152,8,1,4,Completa
2211,1608,30/9/2024,78,11,1,5,Completa
2212,2089,30/9/2024,221,14,2,5,Pendiente
2213,2103,30/9/2024,78,5,4,3,Completa
2214,2392,30/9/2024,58,6,5,4,Completa
2215,2482,30/9/2024,82,4,2,5,Pendiente
2216,2613,30/9/2024,251,26,3,1,Pendiente
2217,2864,30/9/2024,28,36,4,3,Pendiente
2218,2876,30/9/2024,162,13,3,1,Completa
2219,714,01/10/2024,237,16,2,5,Completa
2220,753,01/10/2024,99,11,3,2,Completa
2221,2617,1/10/2024,63,35,2,5,Completa
2222,2638,1/10/2024,91,24,4,4,Completa
2223,2757,1/10/2024,35,27,5,4,Completa
2224,517,02/10/2024,307,38,5,2,Completa
2225,901,02/10/2024,325,37,4,4,Completa
2226,1006,2/10/2024,281,23,6,5,Completa
2227,1116,2/10/2024,266,10,4,1,Completa
2228,1295,2/10/2024,208,17,1,4,Pendiente
2229,2119,2/10/2024,296,8,1,4,Completa
2230,2510,2/10/2024,294,31,4,4,Completa
2231,261,03/10/2024,74,6,5,5,Completa
2232,274,03/10/2024,105,23,5,4,Completa
2233,289,03/10/2024,225,31,2,5,Completa
2234,525,03/10/2024,311,34,4,4,Completa
2235,828,03/10/2024,29,26,6,3,Completa
2236,1223,3/10/2024,104,15,6,3,Completa
2237,1570,3/10/2024,78,37,6,3,Completa
2238,1619,3/10/2024,236,13,1,2,Completa
2239,1997,3/10/2024,246,2,1,3,Completa
2240,2029,3/10/2024,129,6,6,5,Completa
2241,2041,3/10/2024,219,28,5,5,Completa
2242,2246,3/10/2024,59,22,3,2,Completa
2243,2461,3/10/2024,185,20,5,5,Completa
2244,2548,3/10/2024,206,27,6,2,Completa
2245,2558,3/10/2024,177,25,6,4,Completa
2246,2616,3/10/2024,272,9,3,1,Pendiente
2247,2724,3/10/2024,302,3,1,1,Completa
2248,240,04/10/2024,312,29,4,3,Completa
2249,649,04/10/2024,128,14,4,3,Completa
2250,664,04/10/2024,264,33,3,5,Completa
2251,1435,4/10/2024,52,31,5,4,Cancelada
2252,2037,4/10/2024,296,32,3,4,Completa
2253,2071,4/10/2024,122,31,1,2,Pendiente
2254,2202,4/10/2024,276,6,5,5,Completa
2255,2521,4/10/2024,20,35,4,3,Completa
2256,159,05/10/2024,217,26,2,1,Completa
2257,543,05/10/2024,162,8,1,5,Completa
2258,722,05/10/2024,136,31,5,4,Completa
2259,772,05/10/2024,141,2,6,3,Completa
2260,794,05/10/2024,302,28,4,3,Completa
2261,1138,5/10/2024,123,22,2,2,Completa
2262,1227,5/10/2024,290,27,3,1,Completa
2263,1635,5/10/2024,94,20,5,1,Completa
2264,2090,5/10/2024,299,19,5,1,Completa
2265,2404,5/10/2024,97,1,4,5,Completa
2266,2690,5/10/2024,263,18,4,5,Completa
2267,68,06/10/2024,127,20,2,5,Completa
2268,164,06/10/2024,233,18,2,4,Completa
2269,894,06/10/2024,178,6,1,5,Completa
2270,964,06/10/2024,220,18,4,4,Completa
2271,1015,6/10/2024,83,4,1,5,Completa
2272,1528,6/10/2024,90,29,2,3,Pendiente
2273,1560,6/10/2024,240,9,5,3,Pendiente
2274,1971,6/10/2024,176,30,1,3,Completa
2275,2491,6/10/2024,91,5,3,4,Pendiente
2276,2948,6/10/2024,278,32,6,4,Completa
2277,137,07/10/2024,264,15,1,5,Pendiente
2278,1330,7/10/2024,285,7,6,4,Pendiente
2279,1360,7/10/2024,177,37,4,3,Completa
2280,1571,7/10/2024,14,18,6,4,Completa
2281,1603,7/10/2024,50,22,3,4,Completa
2282,2122,7/10/2024,120,2,5,5,Completa
2283,2275,7/10/2024,227,36,1,1,Completa
2284,2569,7/10/2024,177,32,4,4,Completa
2285,2853,7/10/2024,259,25,4,2,Completa
2286,553,08/10/2024,255,21,5,4,Completa
2287,2910,8/10/2024,77,34,4,1,Completa
2288,712,09/10/2024,247,15,4,1,Completa
2289,769,09/10/2024,289,17,5,3,Completa
2290,1012,9/10/2024,127,1,2,4,Completa
2291,1280,9/10/2024,239,10,1,5,Completa
2292,1512,9/10/2024,91,11,2,5,Completa
2293,1684,9/10/2024,174,8,3,5,Completa
2294,2662,9/10/2024,15,14,6,4,Completa
2295,2919,9/10/2024,238,32,4,5,Completa
2296,363,10/10/2024,219,23,2,2,Completa
2297,430,10/10/2024,26,25,2,5,Completa
2298,541,10/10/2024,106,21,4,1,Completa
2299,602,10/10/2024,53,35,1,4,Completa
2300,740,10/10/2024,62,17,3,3,Completa
2301,1246,10/10/2024,54,38,6,2,Completa
2302,1414,10/10/2024,248,24,4,5,Pendiente
2303,2523,10/10/2024,63,17,6,5,Completa
2304,2684,10/10/2024,282,35,5,2,Completa
2305,2776,10/10/2024,10,33,3,3,Pendiente
2306,36,11/10/2024,77,27,2,1,Completa
2307,84,11/10/2024,110,13,1,4,Completa
2308,285,11/10/2024,239,15,2,1,Completa
2309,993,11/10/2024,313,10,5,4,Completa
2310,1152,11/10/2024,111,6,3,4,Completa
2311,1701,11/10/2024,200,3,2,5,Pendiente
2312,1726,11/10/2024,241,28,3,4,Completa
2313,2104,11/10/2024,320,15,5,4,Pendiente
2314,2710,11/10/2024,5,8,2,5,Completa
2315,2953,11/10/2024,1,22,5,4,Completa
2316,310,12/10/2024,152,25,3,5,Completa
2317,359,12/10/2024,56,18,1,5,Completa
2318,394,12/10/2024,293,24,6,5,Completa
2319,1748,12/10/2024,218,32,4,3,Completa
2320,2099,12/10/2024,147,34,1,5,Completa
2321,2360,12/10/2024,250,21,1,4,Completa
2322,2387,12/10/2024,22,32,2,4,Completa
2323,2922,12/10/2024,230,22,4,1,Completa
2324,301,13/10/2024,326,21,4,4,Completa
2325,859,13/10/2024,78,8,4,3,Completa
2326,1836,13/10/2024,141,18,5,1,Completa
2327,2113,13/10/2024,119,37,6,5,Completa
2328,2370,13/10/2024,19,28,5,2,Completa
2329,2952,13/10/2024,23,32,6,1,Completa
2330,564,14/10/2024,11,35,5,1,Completa
2331,856,14/10/2024,27,19,2,5,Completa
2332,872,14/10/2024,29,16,6,1,Completa
2333,921,14/10/2024,46,21,2,5,Completa
2334,1021,14/10/2024,24,20,6,2,Completa
2335,1376,14/10/2024,61,16,1,2,Completa
2336,1585,14/10/2024,297,9,2,4,Completa
2337,1768,14/10/2024,260,21,5,4,Completa
2338,2374,14/10/2024,8,2,5,5,Completa
2339,2829,14/10/2024,188,2,1,5,Pendiente
2340,569,15/10/2024,184,25,4,1,Completa
2341,653,15/10/2024,29,3,1,3,Completa
2342,918,15/10/2024,61,11,2,1,Completa
2343,945,15/10/2024,241,30,5,3,Completa
2344,1024,15/10/2024,168,37,1,3,Completa
2345,1374,15/10/2024,21,38,4,3,Completa
2346,1469,15/10/2024,104,25,2,3,Completa
2347,1538,15/10/2024,104,29,6,5,Completa
2348,2352,15/10/2024,193,31,6,1,Pendiente
2349,2818,15/10/2024,310,30,2,4,Completa
2350,2847,15/10/2024,180,15,2,5,Completa
2351,307,16/10/2024,50,27,1,2,Completa
2352,605,16/10/2024,299,5,4,1,Completa
2353,645,16/10/2024,188,3,1,5,Completa
2354,912,16/10/2024,306,19,6,2,Completa
2355,1018,16/10/2024,291,14,3,4,Completa
2356,1020,16/10/2024,61,32,6,5,Completa
2357,1222,16/10/2024,82,27,3,4,Pendiente
2358,1277,16/10/2024,163,2,2,4,Completa
2359,1322,16/10/2024,60,21,2,4,Pendiente
2360,1392,16/10/2024,49,28,4,3,Completa
2361,1446,16/10/2024,9,20,3,4,Pendiente
2362,2816,16/10/2024,287,34,6,3,Completa
2363,38,17/10/2024,271,20,6,3,Completa
2364,326,17/10/2024,132,32,3,2,Pendiente
2365,415,17/10/2024,148,21,1,4,Completa
2366,435,17/10/2024,70,31,3,5,Completa
2367,1209,17/10/2024,19,28,3,4,Completa
2368,1453,17/10/2024,275,25,4,5,Completa
2369,1596,17/10/2024,85,26,2,5,Completa
2370,1969,17/10/2024,233,29,1,1,Completa
2371,2120,17/10/2024,316,13,5,3,Completa
2372,2171,17/10/2024,106,30,2,3,Completa
2373,2231,17/10/2024,6,19,3,3,Completa
2374,2679,17/10/2024,63,3,1,1,Completa
2375,630,18/10/2024,290,18,5,2,Completa
2376,678,18/10/2024,47,27,1,4,Completa
2377,955,18/10/2024,196,6,3,4,Completa
2378,966,18/10/2024,120,22,1,4,Pendiente
2379,2131,18/10/2024,315,5,5,5,Completa
2380,2386,18/10/2024,102,15,5,5,Completa
2381,2739,18/10/2024,6,1,4,5,Completa
2382,678,18/10/2024,47,27,1,4,Completa
2383,439,19/10/2024,207,36,2,2,Completa
2384,530,19/10/2024,31,31,6,3,Completa
2385,978,19/10/2024,116,19,3,5,Completa
2386,1062,19/10/2024,141,34,3,5,Pendiente
2387,1579,19/10/2024,20,22,1,3,Completa
2388,1719,19/10/2024,1,11,3,5,Completa
2389,2115,19/10/2024,250,29,4,5,Pendiente
2390,2312,19/10/2024,22,20,5,5,Completa
2391,2371,19/10/2024,264,6,3,3,Completa
2392,2422,19/10/2024,219,4,1,1,Completa
2393,2542,19/10/2024,189,25,4,4,Pendiente
2394,675,20/10/2024,168,26,4,5,Completa
2395,752,20/10/2024,48,24,3,4,Completa
2396,823,20/10/2024,225,14,6,4,Completa
2397,841,20/10/2024,280,11,2,5,Pendiente
2398,910,20/10/2024,208,24,5,5,Completa
2399,1356,20/10/2024,228,4,6,2,Completa
2400,1391,20/10/2024,6,22,2,1,Completa
2401,1716,20/10/2024,15,34,5,1,Completa
2402,1718,20/10/2024,224,3,3,1,Completa
2403,1911,20/10/2024,64,10,5,4,Pendiente
2404,2337,20/10/2024,242,7,4,3,Pendiente
2405,2588,20/10/2024,116,27,4,3,Completa
2406,2594,20/10/2024,75,3,1,1,Completa
2407,2781,20/10/2024,224,25,5,5,Completa
2408,675,20/10/2024,168,26,4,5,Completa
2409,132,21/10/2024,95,27,1,4,Pendiente
2410,1275,21/10/2024,18,15,5,4,Completa
2411,1454,21/10/2024,272,10,6,1,Completa
2412,1559,21/10/2024,226,1,1,3,Completa
2413,1683,21/10/2024,181,12,4,3,Completa
2414,760,22/10/2024,4,28,5,4,Completa
2415,767,22/10/2024,9,32,2,4,Pendiente
2416,886,22/10/2024,74,2,4,3,Pendiente
2417,1740,22/10/2024,210,7,6,1,Completa
2418,2279,22/10/2024,219,28,3,3,Completa
2419,2317,22/10/2024,174,13,6,1,Completa
2420,2546,22/10/2024,274,23,4,1,Completa
2421,173,23/10/2024,168,36,1,5,Completa
2422,840,23/10/2024,116,27,1,5,Completa
2423,1191,23/10/2024,285,10,5,1,Completa
2424,1336,23/10/2024,122,34,6,3,Completa
2425,1742,23/10/2024,175,7,2,3,Completa
2426,1936,23/10/2024,89,29,5,1,Pendiente
2427,2589,23/10/2024,274,22,5,4,Completa
2428,2670,23/10/2024,311,24,6,3,Completa
2429,629,24/10/2024,157,14,1,1,Pendiente
2430,1491,24/10/2024,132,35,2,2,Completa
2431,2072,24/10/2024,11,29,4,4,Completa
2432,2177,24/10/2024,37,18,6,4,Completa
2433,2504,24/10/2024,161,22,3,1,Completa
2434,235,25/10/2024,177,3,2,4,Pendiente
2435,242,25/10/2024,152,1,3,1,Completa
2436,613,25/10/2024,325,27,3,4,Completa
2437,1087,25/10/2024,170,25,2,2,Completa
2438,1485,25/10/2024,162,38,1,5,Completa
2439,2587,25/10/2024,221,37,1,5,Completa
2440,228,26/10/2024,209,11,4,5,Completa
2441,423,26/10/2024,34,27,6,5,Completa
2442,1303,26/10/2024,203,33,1,5,Completa
2443,1327,26/10/2024,205,23,3,2,Pendiente
2444,1728,26/10/2024,46,19,5,4,Completa
2445,2514,26/10/2024,255,21,5,1,Completa
2446,2723,26/10/2024,321,1,2,5,Completa
2447,33,27/10/2024,65,23,2,5,Completa
2448,314,27/10/2024,122,8,3,4,Completa
2449,458,27/10/2024,102,10,4,5,Completa
2450,1283,27/10/2024,318,32,1,4,Completa
2451,1293,27/10/2024,247,4,2,4,Completa
2452,1308,27/10/2024,185,22,4,1,Completa
2453,1315,27/10/2024,222,3,1,1,Completa
2454,1405,27/10/2024,187,29,2,2,Completa
2455,1536,27/10/2024,203,35,6,1,Completa
2456,2273,27/10/2024,304,10,4,4,Completa
2457,2733,27/10/2024,27,30,6,1,Completa
2458,1119,28/10/2024,142,15,6,2,Completa
2459,1533,28/10/2024,118,15,4,4,Completa
2460,1696,28/10/2024,316,31,6,5,Pendiente
2461,1750,28/10/2024,310,16,1,5,Completa
2462,1833,28/10/2024,14,18,6,5,Completa
2463,2488,28/10/2024,55,10,5,5,Completa
2464,2494,28/10/2024,211,33,5,1,Completa
2465,2501,28/10/2024,272,17,4,4,Completa
2466,2549,28/10/2024,239,8,1,4,Completa
2467,2575,28/10/2024,13,23,4,4,Pendiente
2468,2598,28/10/2024,155,18,6,5,Pendiente
2469,2866,28/10/2024,6,2,3,5,Completa
2470,2897,28/10/2024,36,3,3,4,Completa
2471,32,29/10/2024,155,37,6,4,Completa
2472,331,29/10/2024,157,35,2,3,Completa
2473,668,29/10/2024,160,9,3,5,Completa
2474,758,29/10/2024,168,11,2,1,Completa
2475,759,29/10/2024,4,7,6,4,Completa
2476,1367,29/10/2024,248,9,5,5,Completa
2477,1668,29/10/2024,55,26,6,4,Completa
2478,1882,29/10/2024,7,32,3,4,Completa
2479,2078,29/10/2024,60,23,5,5,Completa
2480,2080,29/10/2024,62,18,4,5,Pendiente
2481,2242,29/10/2024,134,12,3,4,Pendiente
2482,2812,29/10/2024,89,38,4,5,Completa
2483,668,29/10/2024,160,9,3,5,Completa
2484,125,30/10/2024,190,3,6,5,Pendiente
2485,1027,30/10/2024,140,18,4,1,Completa
2486,1193,30/10/2024,217,5,6,4,Completa
2487,1483,30/10/2024,303,23,5,1,Completa
2488,1785,30/10/2024,207,1,1,4,Completa
2489,1930,30/10/2024,302,1,1,1,Completa
2490,2383,30/10/2024,237,14,3,4,Completa
2491,2858,30/10/2024,154,15,1,5,Completa
2492,109,31/10/2024,285,34,6,2,Completa
2493,234,31/10/2024,255,37,5,5,Completa
2494,965,31/10/2024,177,19,4,3,Completa
2495,1192,31/10/2024,277,8,4,5,Pendiente
2496,1361,31/10/2024,192,28,1,3,Completa
2497,1436,31/10/2024,165,14,2,4,Completa
2498,1610,31/10/2024,198,31,1,1,Completa
2499,1644,31/10/2024,111,32,6,5,Completa
2500,1972,31/10/2024,305,22,5,2,Completa
2501,2843,31/10/2024,3,32,6,5,Completa
2502,99,01/11/2024,11,17,1,2,Completa
2503,674,01/11/2024,157,31,2,3,Completa
2504,963,01/11/2024,107,17,4,4,Completa
2505,1048,1/11/2024,185,5,1,2,Completa
2506,1510,1/11/2024,34,1,3,2,Completa
2507,1978,1/11/2024,210,21,3,4,Completa
2508,2143,1/11/2024,54,38,6,4,Completa
2509,2247,1/11/2024,15,12,5,4,Completa
2510,2877,1/11/2024,152,23,4,5,Pendiente
2511,674,01/11/2024,157,31,2,3,Completa
2512,93,02/11/2024,101,26,4,2,Pendiente
2513,283,02/11/2024,292,21,5,1,Pendiente
2514,830,02/11/2024,55,20,1,5,Completa
2515,1304,2/11/2024,19,21,6,5,Completa
2516,1445,2/11/2024,104,12,2,5,Pendiente
2517,1869,2/11/2024,205,16,4,5,Completa
2518,2987,2/11/2024,2,12,3,5,Completa
2519,775,03/11/2024,71,17,6,2,Completa
2520,834,03/11/2024,111,25,4,1,Completa
2521,890,03/11/2024,296,7,5,4,Completa
2522,1029,3/11/2024,9,29,1,5,Pendiente
2523,1161,3/11/2024,277,26,6,4,Completa
2524,1396,3/11/2024,209,9,1,5,Completa
2525,1489,3/11/2024,22,8,4,5,Completa
2526,1711,3/11/2024,183,19,4,4,Completa
2527,2011,3/11/2024,322,8,6,3,Pendiente
2528,2063,3/11/2024,8,32,1,1,Completa
2529,2753,3/11/2024,319,5,3,4,Completa
2530,20,04/11/2024,122,7,6,2,Completa
2531,76,04/11/2024,147,36,5,3,Completa
2532,158,04/11/2024,319,26,2,5,Pendiente
2533,544,04/11/2024,252,26,3,4,Completa
2534,982,04/11/2024,245,19,3,4,Completa
2535,1490,4/11/2024,255,7,3,3,Completa
2536,1573,4/11/2024,298,24,4,4,Completa
2537,1832,4/11/2024,173,22,1,3,Completa
2538,2121,4/11/2024,261,30,5,4,Completa
2539,791,05/11/2024,210,32,2,4,Completa
2540,1073,5/11/2024,173,35,5,5,Pendiente
2541,1364,5/11/2024,65,33,3,1,Completa
2542,1939,5/11/2024,141,27,5,5,Completa
2543,2030,5/11/2024,70,1,6,5,Pendiente
2544,2445,5/11/2024,56,14,3,4,Completa
2545,2603,5/11/2024,156,37,1,1,Pendiente
2546,2644,5/11/2024,69,21,2,4,Completa
2547,2646,5/11/2024,228,10,4,5,Completa
2548,2859,5/11/2024,280,16,3,5,Completa
2549,2904,5/11/2024,165,34,6,4,Completa
2550,155,06/11/2024,125,2,5,3,Pendiente
2551,480,06/11/2024,161,12,2,2,Completa
2552,980,06/11/2024,119,6,4,4,Completa
2553,1298,6/11/2024,216,18,1,5,Completa
2554,1342,6/11/2024,119,23,6,1,Completa
2555,1645,6/11/2024,13,12,2,5,Completa
2556,1818,6/11/2024,279,22,3,4,Completa
2557,2500,6/11/2024,20,23,4,5,Completa
2558,2597,6/11/2024,80,22,6,4,Completa
2559,2631,6/11/2024,27,22,3,4,Completa
2560,2983,6/11/2024,234,20,3,3,Completa
2561,101,07/11/2024,281,36,1,5,Completa
2562,401,07/11/2024,27,27,6,4,Completa
2563,509,07/11/2024,136,38,3,5,Completa
2564,667,07/11/2024,189,16,5,3,Completa
2565,1215,7/11/2024,297,17,6,3,Pendiente
2566,1418,7/11/2024,111,37,1,5,Pendiente
2567,1965,7/11/2024,185,36,5,4,Completa
2568,2031,7/11/2024,190,33,3,5,Completa
2569,250,08/11/2024,313,24,3,5,Pendiente
2570,278,08/11/2024,180,19,3,1,Completa
2571,366,08/11/2024,111,37,4,4,Completa
2572,467,08/11/2024,271,34,6,4,Completa
2573,698,08/11/2024,225,20,6,1,Pendiente
2574,1721,8/11/2024,46,30,4,1,Completa
2575,2124,8/11/2024,70,10,3,4,Completa
2576,2228,8/11/2024,155,29,4,4,Completa
2577,2960,8/11/2024,240,38,5,4,Completa
2578,176,09/11/2024,68,33,6,5,Completa
2579,188,09/11/2024,323,36,5,5,Pendiente
2580,446,09/11/2024,234,25,3,1,Completa
2581,638,09/11/2024,236,26,6,4,Completa
2582,687,09/11/2024,43,30,2,1,Completa
2583,835,09/11/2024,224,1,3,5,Completa
2584,913,09/11/2024,36,27,5,5,Completa
2585,1219,9/11/2024,125,37,4,3,Completa
2586,2148,9/11/2024,43,16,2,1,Completa
2587,2296,9/11/2024,254,13,3,5,Completa
2588,2367,9/11/2024,83,20,4,1,Completa
2589,2696,9/11/2024,86,5,2,5,Completa
2590,687,09/11/2024,43,30,2,1,Completa
2591,658,10/11/2024,29,24,5,5,Completa
2592,709,10/11/2024,20,13,2,3,Completa
2593,1032,10/11/2024,20,8,2,5,Completa
2594,1158,10/11/2024,88,17,5,3,Completa
2595,1231,10/11/2024,242,16,3,4,Cancelada
2596,1982,10/11/2024,283,26,1,3,Completa
2597,2101,10/11/2024,260,6,3,1,Pendiente
2598,2195,10/11/2024,197,35,3,1,Pendiente
2599,2468,10/11/2024,307,32,2,3,Completa
2600,2621,10/11/2024,112,23,2,5,Pendiente
2601,2759,10/11/2024,170,15,3,1,Completa
2602,477,11/11/2024,102,6,6,4,Completa
2603,891,11/11/2024,79,32,3,4,Completa
2604,940,11/11/2024,220,29,4,2,Completa
2605,1480,11/11/2024,113,17,3,1,Completa
2606,2292,11/11/2024,225,8,5,5,Completa
2607,12,12/11/2024,247,20,5,1,Completa
2608,672,12/11/2024,63,38,2,5,Pendiente
2609,781,12/11/2024,68,12,5,4,Completa
2610,1654,12/11/2024,183,10,1,3,Cancelada
2611,1662,12/11/2024,133,26,5,4,Pendiente
2612,1910,12/11/2024,292,38,4,5,Completa
2613,1927,12/11/2024,59,18,1,5,Pendiente
2614,2097,12/11/2024,296,20,1,5,Completa
2615,2363,12/11/2024,59,17,6,5,Pendiente
2616,2417,12/11/2024,307,1,6,2,Completa
2617,2686,12/11/2024,44,15,3,5,Completa
2618,2730,12/11/2024,224,3,6,5,Pendiente
2619,672,12/11/2024,63,38,2,5,Pendiente
2620,107,13/11/2024,7,24,5,5,Completa
2621,345,13/11/2024,132,26,6,2,Completa
2622,609,13/11/2024,241,34,4,5,Completa
2623,661,13/11/2024,151,21,6,1,Completa
2624,793,13/11/2024,175,2,2,1,Completa
2625,814,13/11/2024,262,22,4,5,Completa
2626,1016,13/11/2024,131,4,4,4,Completa
2627,1022,13/11/2024,134,9,4,5,Completa
2628,1075,13/11/2024,207,18,3,5,Completa
2629,1276,13/11/2024,99,4,1,1,Completa
2630,2167,13/11/2024,311,27,1,3,Completa
2631,2262,13/11/2024,222,19,2,4,Completa
2632,2298,13/11/2024,140,33,2,3,Completa
2633,2506,13/11/2024,84,26,1,4,Completa
2634,2868,13/11/2024,94,25,5,4,Completa
2635,1772,14/11/2024,164,24,2,4,Pendiente
2636,2004,14/11/2024,252,7,2,5,Completa
2637,2345,14/11/2024,194,2,4,4,Pendiente
2638,2463,14/11/2024,95,27,4,5,Completa
2639,2541,14/11/2024,3,38,3,1,Completa
2640,2543,14/11/2024,296,32,4,1,Completa
2641,2807,14/11/2024,26,7,3,1,Pendiente
2642,490,15/11/2024,20,5,6,4,Completa
2643,871,15/11/2024,242,25,4,1,Completa
2644,1420,15/11/2024,277,33,4,4,Completa
2645,1488,15/11/2024,162,31,4,1,Completa
2646,1883,15/11/2024,2,6,2,1,Completa
2647,2062,15/11/2024,172,28,1,4,Completa
2648,2805,15/11/2024,256,8,6,4,Completa
2649,747,16/11/2024,84,21,1,5,Completa
2650,1497,16/11/2024,63,37,2,4,Completa
2651,2207,16/11/2024,149,17,1,4,Pendiente
2652,2336,16/11/2024,148,37,4,4,Completa
2653,2867,16/11/2024,7,17,1,1,Completa
2654,2888,16/11/2024,83,28,3,3,Completa
2655,513,17/11/2024,278,25,6,4,Completa
2656,983,17/11/2024,11,33,6,1,Completa
2657,1892,17/11/2024,222,13,1,4,Completa
2658,1993,17/11/2024,99,31,1,1,Completa
2659,2444,17/11/2024,185,4,6,3,Pendiente
2660,2456,17/11/2024,243,37,1,1,Pendiente
2661,65,18/11/2024,205,27,5,3,Completa
2662,253,18/11/2024,14,15,2,5,Completa
2663,443,18/11/2024,263,9,2,4,Completa
2664,588,18/11/2024,261,25,2,3,Completa
2665,1236,18/11/2024,228,29,4,2,Completa
2666,1410,18/11/2024,34,12,4,2,Completa
2667,1508,18/11/2024,295,6,4,5,Completa
2668,1948,18/11/2024,5,19,3,4,Completa
2669,2203,18/11/2024,68,14,5,5,Completa
2670,2267,18/11/2024,239,23,6,2,Completa
2671,2343,18/11/2024,263,11,1,3,Completa
2672,2742,18/11/2024,25,3,1,3,Completa
2673,611,19/11/2024,119,38,6,4,Completa
2674,887,19/11/2024,214,16,6,4,Completa
2675,1623,19/11/2024,315,14,4,4,Completa
2676,2006,19/11/2024,152,33,3,4,Completa
2677,2428,19/11/2024,319,5,1,1,Pendiente
2678,2813,19/11/2024,264,10,2,4,Completa
2679,16,20/11/2024,106,3,1,5,Pendiente
2680,718,20/11/2024,292,17,1,1,Completa
2681,731,20/11/2024,314,20,2,2,Completa
2682,907,20/11/2024,68,35,3,4,Completa
2683,2000,20/11/2024,151,9,3,3,Completa
2684,2431,20/11/2024,31,26,5,2,Completa
2685,2535,20/11/2024,118,29,2,3,Completa
2686,2637,20/11/2024,316,26,1,1,Completa
2687,662,21/11/2024,214,34,5,5,Completa
2688,690,21/11/2024,166,12,4,3,Completa
2689,797,21/11/2024,267,1,2,5,Completa
2690,879,21/11/2024,110,24,4,5,Completa
2691,885,21/11/2024,72,26,3,5,Completa
2692,1173,21/11/2024,193,11,6,4,Pendiente
2693,1554,21/11/2024,212,33,1,1,Completa
2694,1815,21/11/2024,93,1,4,3,Pendiente
2695,2001,21/11/2024,271,6,1,4,Completa
2696,2079,21/11/2024,11,11,5,2,Pendiente
2697,2100,21/11/2024,260,24,6,2,Pendiente
2698,2619,21/11/2024,209,14,4,1,Completa
2699,690,21/11/2024,166,12,4,3,Completa
2700,111,22/11/2024,103,29,5,2,Completa
2701,846,22/11/2024,266,1,4,1,Completa
2702,1296,22/11/2024,174,12,5,3,Pendiente
2703,2125,22/11/2024,231,5,5,5,Completa
2704,2347,22/11/2024,122,23,2,5,Completa
2705,127,23/11/2024,95,1,3,5,Pendiente
2706,231,23/11/2024,39,31,3,1,Pendiente
2707,341,23/11/2024,315,5,4,2,Completa
2708,1178,23/11/2024,249,32,1,5,Pendiente
2709,1378,23/11/2024,95,5,3,5,Completa
2710,1428,23/11/2024,266,37,2,1,Completa
2711,1578,23/11/2024,283,27,3,3,Completa
2712,1630,23/11/2024,317,7,1,1,Completa
2713,256,24/11/2024,34,8,5,5,Pendiente
2714,1413,24/11/2024,175,8,5,1,Completa
2715,1697,24/11/2024,173,13,1,5,Pendiente
2716,1893,24/11/2024,245,38,4,5,Completa
2717,1953,24/11/2024,71,32,1,5,Completa
2718,1958,24/11/2024,310,23,5,4,Completa
2719,2307,24/11/2024,182,19,2,1,Completa
2720,2562,24/11/2024,79,36,6,1,Completa
2721,120,25/11/2024,16,38,4,2,Pendiente
2722,440,25/11/2024,269,30,1,3,Completa
2723,558,25/11/2024,33,26,5,1,Pendiente
2724,704,25/11/2024,105,30,6,1,Completa
2725,874,25/11/2024,326,26,6,5,Pendiente
2726,1150,25/11/2024,274,12,3,5,Pendiente
2727,1251,25/11/2024,290,21,4,5,Completa
2728,1592,25/11/2024,27,9,6,5,Completa
2729,2694,25/11/2024,52,25,4,2,Completa
2730,2797,25/11/2024,10,17,2,4,Completa
2731,115,26/11/2024,19,21,4,3,Completa
2732,200,26/11/2024,142,35,6,2,Completa
2733,501,26/11/2024,317,35,5,4,Completa
2734,1105,26/11/2024,247,26,3,1,Completa
2735,1637,26/11/2024,293,20,2,1,Completa
2736,1784,26/11/2024,179,30,6,4,Completa
2737,2698,26/11/2024,146,28,5,2,Completa
2738,2871,26/11/2024,219,5,3,3,Completa
2739,2939,26/11/2024,279,34,1,5,Completa
2740,1566,27/11/2024,206,10,5,5,Pendiente
2741,2230,27/11/2024,24,18,2,4,Completa
2742,2464,27/11/2024,18,34,6,4,Completa
2743,2825,27/11/2024,207,30,2,4,Pendiente
2744,2998,27/11/2024,228,22,1,1,Completa
2745,221,28/11/2024,31,4,2,1,Completa
2746,319,28/11/2024,199,12,4,4,Completa
2747,942,28/11/2024,5,34,3,3,Completa
2748,1370,28/11/2024,250,1,4,5,Completa
2749,1521,28/11/2024,168,5,6,2,Completa
2750,1669,28/11/2024,93,7,6,4,Completa
2751,2369,28/11/2024,283,34,3,4,Completa
2752,2410,28/11/2024,93,35,2,1,Pendiente
2753,2595,28/11/2024,196,32,5,4,Completa
2754,161,29/11/2024,134,14,5,3,Completa
2755,465,29/11/2024,93,30,6,3,Completa
2756,845,29/11/2024,318,32,4,5,Completa
2757,1170,29/11/2024,17,26,4,2,Completa
2758,2129,29/11/2024,49,36,4,4,Completa
2759,2144,29/11/2024,281,24,4,4,Completa
2760,2754,29/11/2024,95,26,2,4,Completa
2761,2842,29/11/2024,185,3,2,4,Completa
2762,2985,29/11/2024,186,17,2,4,Completa
2763,1694,30/11/2024,64,28,5,1,Completa
2764,1811,30/11/2024,321,18,4,1,Completa
2765,2322,30/11/2024,63,7,6,4,Pendiente
2766,2353,30/11/2024,39,33,3,2,Completa
2767,2425,30/11/2024,132,24,2,4,Completa
2768,2764,30/11/2024,50,1,1,4,Pendiente
2769,2984,30/11/2024,95,36,3,5,Completa
2770,151,01/12/2024,317,20,2,2,Completa
2771,196,01/12/2024,104,27,4,1,Completa
2772,390,01/12/2024,74,26,4,4,Completa
2773,404,01/12/2024,72,29,3,1,Pendiente
2774,937,01/12/2024,261,27,4,2,Completa
2775,1113,1/12/2024,4,17,2,1,Completa
2776,1383,1/12/2024,185,10,3,4,Completa
2777,1455,1/12/2024,271,29,4,4,Completa
2778,1542,1/12/2024,250,33,4,1,Completa
2779,1820,1/12/2024,170,30,2,1,Completa
2780,1959,1/12/2024,58,16,6,5,Completa
2781,2039,1/12/2024,88,12,3,1,Completa
2782,2906,1/12/2024,290,1,4,1,Completa
2783,2912,1/12/2024,39,26,2,5,Completa
2784,483,02/12/2024,230,25,6,4,Completa
2785,496,02/12/2024,137,33,1,5,Completa
2786,924,02/12/2024,90,1,2,3,Completa
2787,990,02/12/2024,136,27,6,4,Completa
2788,1267,2/12/2024,130,1,2,5,Completa
2789,1273,2/12/2024,289,29,3,1,Completa
2790,1884,2/12/2024,98,33,5,3,Completa
2791,2856,2/12/2024,87,36,5,4,Completa
2792,3000,2/12/2024,266,31,2,1,Pendiente
2793,7,03/12/2024,43,23,6,5,Completa
2794,693,03/12/2024,15,7,4,5,Completa
2795,1292,3/12/2024,287,24,3,4,Completa
2796,1507,3/12/2024,145,25,4,3,Completa
2797,2028,3/12/2024,226,16,3,3,Completa
2798,2573,3/12/2024,143,7,1,2,Completa
2799,2817,3/12/2024,254,18,2,1,Pendiente
2800,693,03/12/2024,15,7,4,5,Completa
2801,64,04/12/2024,82,24,4,1,Completa
2802,122,04/12/2024,237,14,5,1,Completa
2803,847,04/12/2024,244,29,3,5,Completa
2804,1056,4/12/2024,46,8,2,5,Completa
2805,2250,4/12/2024,276,4,4,5,Completa
2806,2297,4/12/2024,69,23,2,5,Completa
2807,2349,4/12/2024,90,9,5,1,Completa
2808,2591,4/12/2024,305,9,6,5,Completa
2809,424,05/12/2024,259,2,5,3,Completa
2810,782,05/12/2024,12,2,3,5,Completa
2811,915,05/12/2024,75,14,3,4,Completa
2812,1240,5/12/2024,56,28,1,5,Completa
2813,2010,5/12/2024,9,4,3,3,Completa
2814,2173,5/12/2024,128,25,1,5,Completa
2815,2217,5/12/2024,198,6,6,3,Completa
2816,2706,5/12/2024,21,24,4,4,Pendiente
2817,269,06/12/2024,66,15,2,1,Completa
2818,643,06/12/2024,93,15,5,2,Completa
2819,742,06/12/2024,45,11,5,5,Completa
2820,1201,6/12/2024,161,10,1,3,Completa
2821,2380,6/12/2024,175,12,5,3,Completa
2822,2517,6/12/2024,308,3,2,4,Pendiente
2823,145,07/12/2024,257,13,4,3,Completa
2824,264,07/12/2024,275,24,4,4,Completa
2825,1002,7/12/2024,7,19,3,4,Completa
2826,1879,7/12/2024,160,4,4,4,Completa
2827,2012,7/12/2024,210,33,4,4,Completa
2828,2179,7/12/2024,150,23,4,4,Completa
2829,2608,7/12/2024,222,12,4,3,Completa
2830,167,08/12/2024,1,28,4,5,Completa
2831,222,08/12/2024,260,11,2,4,Completa
2832,813,08/12/2024,168,22,3,3,Completa
2833,843,08/12/2024,7,3,1,2,Completa
2834,1154,8/12/2024,260,15,1,5,Completa
2835,1468,8/12/2024,3,38,2,3,Completa
2836,2318,8/12/2024,18,9,4,3,Completa
2837,2378,8/12/2024,31,2,1,5,Pendiente
2838,2483,8/12/2024,14,13,3,4,Completa
2839,2893,8/12/2024,221,15,2,4,Completa
2840,347,09/12/2024,204,1,1,1,Completa
2841,369,09/12/2024,96,10,1,5,Completa
2842,436,09/12/2024,190,37,4,5,Completa
2843,1011,9/12/2024,190,1,3,4,Completa
2844,1063,9/12/2024,115,21,2,2,Completa
2845,1256,9/12/2024,227,36,4,5,Completa
2846,1769,9/12/2024,284,27,4,3,Pendiente
2847,1771,9/12/2024,169,21,1,3,Completa
2848,1914,9/12/2024,212,28,3,1,Completa
2849,2271,9/12/2024,45,36,1,3,Completa
2850,2551,9/12/2024,171,9,2,1,Completa
2851,2593,9/12/2024,312,2,6,2,Completa
2852,2834,9/12/2024,123,26,1,3,Completa
2853,318,10/12/2024,258,1,5,1,Completa
2854,1043,10/12/2024,96,21,4,5,Completa
2855,1057,10/12/2024,265,4,4,2,Completa
2856,1284,10/12/2024,147,11,2,5,Pendiente
2857,1816,10/12/2024,210,6,6,5,Pendiente
2858,2320,10/12/2024,317,33,2,1,Completa
2859,374,11/12/2024,17,6,6,1,Completa
2860,482,11/12/2024,76,38,6,3,Completa
2861,1817,11/12/2024,73,29,6,4,Completa
2862,2287,11/12/2024,5,13,5,3,Completa
2863,2756,11/12/2024,207,15,2,2,Completa
2864,2814,11/12/2024,29,32,4,4,Pendiente
2865,229,12/12/2024,153,14,5,4,Completa
2866,325,12/12/2024,323,3,2,5,Completa
2867,877,12/12/2024,280,11,6,5,Completa
2868,1846,12/12/2024,23,12,5,4,Completa
2869,2486,12/12/2024,81,6,2,1,Completa
2870,2675,12/12/2024,285,28,2,1,Completa
2871,316,13/12/2024,119,29,5,1,Completa
2872,695,13/12/2024,202,9,3,1,Completa
2873,787,13/12/2024,325,27,6,1,Completa
2874,1206,13/12/2024,177,25,5,5,Completa
2875,1532,13/12/2024,218,22,1,5,Completa
2876,2085,13/12/2024,46,8,1,4,Completa
2877,2233,13/12/2024,1,32,5,3,Completa
2878,2340,13/12/2024,76,38,6,3,Completa
2879,2401,13/12/2024,217,35,2,2,Completa
2880,695,13/12/2024,202,9,3,1,Completa
2881,780,14/12/2024,140,15,3,1,Completa
2882,1706,14/12/2024,94,23,2,5,Completa
2883,2033,14/12/2024,308,4,4,5,Completa
2884,2704,14/12/2024,14,17,5,1,Completa
2885,2875,14/12/2024,148,19,1,2,Completa
2886,195,15/12/2024,71,13,4,2,Completa
2887,218,15/12/2024,36,35,1,2,Completa
2888,409,15/12/2024,34,27,6,4,Completa
2889,1146,15/12/2024,187,28,3,5,Completa
2890,1457,15/12/2024,284,37,1,4,Completa
2891,1631,15/12/2024,189,36,1,5,Pendiente
2892,1918,15/12/2024,216,3,5,4,Pendiente
2893,138,16/12/2024,148,19,5,5,Completa
2894,332,16/12/2024,309,14,3,5,Completa
2895,334,16/12/2024,286,24,4,1,Pendiente
2896,352,16/12/2024,286,25,6,5,Completa
2897,355,16/12/2024,308,25,5,5,Completa
2898,360,16/12/2024,139,12,1,4,Completa
2899,389,16/12/2024,174,7,4,1,Completa
2900,504,16/12/2024,179,18,6,5,Completa
2901,589,16/12/2024,159,16,4,3,Completa
2902,961,16/12/2024,154,15,3,5,Completa
2903,1856,16/12/2024,151,13,6,1,Completa
2904,1940,16/12/2024,87,28,5,5,Completa
2905,2016,16/12/2024,58,34,3,1,Completa
2906,1047,17/12/2024,235,7,2,4,Pendiente
2907,1629,17/12/2024,130,6,4,3,Completa
2908,1720,17/12/2024,316,9,4,4,Completa
2909,1781,17/12/2024,177,15,1,4,Completa
2910,2421,17/12/2024,268,36,2,4,Completa
2911,157,18/12/2024,179,18,1,4,Pendiente
2912,429,18/12/2024,10,28,3,2,Completa
2913,567,18/12/2024,255,35,5,5,Completa
2914,1478,18/12/2024,40,2,6,1,Completa
2915,1886,18/12/2024,68,7,3,5,Pendiente
2916,2088,18/12/2024,70,23,4,5,Completa
2917,2319,18/12/2024,199,11,6,5,Completa
2918,2419,18/12/2024,134,5,2,4,Completa
2919,2466,18/12/2024,201,2,6,1,Completa
2920,55,19/12/2024,264,11,4,1,Completa
2921,213,19/12/2024,322,21,4,4,Completa
2922,377,19/12/2024,262,12,3,2,Pendiente
2923,384,19/12/2024,146,3,6,4,Completa
2924,868,19/12/2024,287,12,1,5,Completa
2925,914,19/12/2024,203,16,2,4,Pendiente
2926,999,19/12/2024,155,38,4,3,Completa
2927,1126,19/12/2024,315,34,1,2,Completa
2928,1359,19/12/2024,118,14,3,4,Completa
2929,1642,19/12/2024,172,22,4,2,Completa
2930,1660,19/12/2024,313,17,1,2,Completa
2931,1724,19/12/2024,252,29,6,4,Completa
2932,1807,19/12/2024,205,29,5,5,Completa
2933,2358,19/12/2024,316,28,1,5,Completa
2934,396,20/12/2024,295,1,5,3,Completa
2935,1389,20/12/2024,78,6,3,5,Completa
2936,1451,20/12/2024,131,27,5,5,Completa
2937,2096,20/12/2024,308,25,5,2,Completa
2938,2283,20/12/2024,113,6,5,2,Completa
2939,2400,20/12/2024,166,38,6,1,Completa
2940,106,21/12/2024,67,21,6,4,Completa
2941,562,21/12/2024,248,13,1,5,Completa
2942,748,21/12/2024,326,10,5,3,Completa
2943,896,21/12/2024,190,37,3,4,Completa
2944,925,21/12/2024,179,5,4,2,Completa
2945,1163,21/12/2024,94,11,4,4,Completa
2946,1403,21/12/2024,79,15,1,2,Completa
2947,1548,21/12/2024,98,38,4,4,Completa
2948,1650,21/12/2024,40,1,6,4,Completa
2949,1825,21/12/2024,136,24,1,4,Completa
2950,1861,21/12/2024,117,29,5,5,Completa
2951,2734,21/12/2024,116,22,5,4,Completa
2952,144,22/12/2024,47,10,1,4,Pendiente
2953,933,22/12/2024,260,29,2,5,Completa
2954,1160,22/12/2024,108,2,5,3,Completa
2955,1525,22/12/2024,65,30,3,5,Completa
2956,1779,22/12/2024,81,15,1,5,Completa
2957,2189,22/12/2024,308,5,3,1,Pendiente
2958,2259,22/12/2024,103,5,1,5,Completa
2959,387,23/12/2024,180,17,2,3,Completa
2960,571,23/12/2024,262,30,4,4,Completa
2961,992,23/12/2024,283,35,5,3,Completa
2962,1084,23/12/2024,70,14,4,4,Completa
2963,1264,23/12/2024,188,16,5,1,Pendiente
2964,1812,23/12/2024,97,13,6,5,Completa
2965,2522,23/12/2024,110,25,3,4,Completa
2966,75,24/12/2024,200,35,4,4,Completa
2967,456,24/12/2024,105,4,2,3,Completa
2968,749,24/12/2024,153,14,3,3,Completa
2969,1065,24/12/2024,124,38,2,5,Completa
2970,1301,24/12/2024,158,6,1,5,Completa
2971,1492,24/12/2024,316,11,5,5,Completa
2972,1736,24/12/2024,192,23,4,1,Completa
2973,1877,24/12/2024,298,5,6,1,Pendiente
2974,2003,24/12/2024,161,3,5,1,Completa
2975,2160,24/12/2024,321,13,5,4,Completa
2976,2219,24/12/2024,79,38,2,4,Pendiente
2977,2453,24/12/2024,217,26,5,1,Completa
2978,2518,24/12/2024,107,10,4,4,Completa
2979,2699,24/12/2024,133,7,3,4,Pendiente
2980,2747,24/12/2024,54,24,1,1,Completa
2981,162,25/12/2024,319,16,5,3,Completa
2982,870,25/12/2024,113,12,5,3,Completa
2983,973,25/12/2024,162,21,6,5,Completa
2984,1000,25/12/2024,151,35,3,3,Completa
2985,1014,25/12/2024,54,38,6,1,Completa
2986,1506,25/12/2024,144,8,2,5,Completa
2987,1529,25/12/2024,232,3,6,1,Completa
2988,1916,25/12/2024,98,30,4,4,Completa
2989,1977,25/12/2024,36,38,5,5,Completa
2990,2305,25/12/2024,109,27,6,4,Completa
2991,2333,25/12/2024,304,10,6,3,Completa
2992,9,26/12/2024,21,34,1,5,Completa
2993,1241,26/12/2024,82,8,4,1,Completa
2994,1487,26/12/2024,79,11,2,1,Pendiente
2995,2188,26/12/2024,17,28,3,1,Pendiente
2996,2350,26/12/2024,253,1,3,5,Completa
2997,2775,26/12/2024,159,9,4,3,Completa
2998,2850,26/12/2024,202,28,6,1,Completa
2999,1076,27/12/2024,316,2,1,3,Completa
3000,1344,27/12/2024,261,30,4,3,Pendiente
3001,198,28/12/2024,106,7,5,4,Completa
3002,406,28/12/2024,161,35,6,4,Completa
3003,585,28/12/2024,192,22,3,3,Completa
3004,1013,28/12/2024,72,9,5,4,Completa
3005,1104,28/12/2024,176,6,4,2,Completa
3006,1202,28/12/2024,45,8,2,4,Completa
3007,1365,28/12/2024,176,31,2,4,Completa
3008,1770,28/12/2024,263,36,1,5,Completa
3009,2472,28/12/2024,236,26,4,2,Completa
3010,2640,28/12/2024,25,30,1,5,Completa
3011,2782,28/12/2024,119,27,2,4,Completa
3012,230,29/12/2024,252,6,3,5,Completa
3013,529,29/12/2024,212,12,6,2,Completa
3014,721,29/12/2024,148,16,2,2,Completa
3015,850,29/12/2024,194,31,1,5,Completa
3016,1285,29/12/2024,10,33,4,3,Completa
3017,1511,29/12/2024,141,31,5,4,Completa
3018,1715,29/12/2024,87,5,1,1,Completa
3019,2446,29/12/2024,302,8,4,3,Completa
3020,2643,29/12/2024,121,12,5,4,Completa
3021,2792,29/12/2024,109,34,4,4,Pendiente
3022,563,30/12/2024,272,25,5,4,Completa
3023,900,30/12/2024,248,10,5,1,Completa
3024,954,30/12/2024,44,12,6,4,Completa
3025,1390,30/12/2024,26,31,3,4,Completa
3026,1519,30/12/2024,246,11,3,3,Completa
3027,2147,30/12/2024,231,22,2,1,Pendiente
3028,2239,30/12/2024,172,17,3,3,Completa
