ID_MES,ID_PAIS,ID_CONTINENTE,ID_OCM,NUMERO_VISITANTES
1,1,5,1,5
1,1,5,2,14
1,1,5,3,0
1,1,5,4,0
1,1,5,5,0
1,1,5,6,0
1,2,4,1,28
1,2,4,2,0
1,2,4,3,0
1,2,4,4,0
1,2,4,5,0
1,2,4,6,2
1,3,4,1,20212
1,3,4,2,682
1,3,4,3,1213
1,3,4,4,913
1,3,4,5,791
1,3,4,6,2788
1,4,4,1,39
1,4,4,2,2
1,4,4,3,0
1,4,4,4,0
1,4,4,5,0
1,4,4,6,0
1,5,6,1,6
1,5,6,2,0
1,5,6,3,0
1,5,6,4,0
1,5,6,5,1
1,5,6,6,2
1,6,2,1,6
1,6,2,2,0
1,6,2,3,0
1,6,2,4,1
1,6,2,5,0
1,6,2,6,1
1,7,5,1,62
1,7,5,2,0
1,7,5,3,0
1,7,5,4,0
1,7,5,5,2
1,7,5,6,1
1,8,6,1,27
1,8,6,2,0
1,8,6,3,1
1,8,6,4,0
1,8,6,5,1
1,8,6,6,1
1,9,3,1,64642
1,9,3,2,11937
1,9,3,3,7324
1,9,3,4,2932
1,9,3,5,1727
1,9,3,6,2217
1,10,5,1,51
1,10,5,2,7
1,10,5,3,2
1,10,5,4,2
1,10,5,5,3
1,10,5,6,0
1,11,2,1,42
1,11,2,2,0
1,11,2,3,0
1,11,2,4,0
1,11,2,5,0
1,11,2,6,0
1,12,7,1,9775
1,12,7,2,124
1,12,7,3,333
1,12,7,4,227
1,12,7,5,206
1,12,7,6,1492
1,13,4,1,2305
1,13,4,2,63
1,13,4,3,95
1,13,4,4,105
1,13,4,5,58
1,13,4,6,309
1,14,5,1,20
1,14,5,2,0
1,14,5,3,0
1,14,5,4,0
1,14,5,5,0
1,14,5,6,0
1,15,2,1,41
1,15,2,2,0
1,15,2,3,0
1,15,2,4,0
1,15,2,5,1
1,15,2,6,4
1,16,5,1,8
1,16,5,2,0
1,16,5,3,0
1,16,5,4,0
1,16,5,5,0
1,16,5,6,0
1,17,5,1,35
1,17,5,2,1
1,17,5,3,1
1,17,5,4,0
1,17,5,5,0
1,17,5,6,29
1,18,2,1,88
1,18,2,2,1
1,18,2,3,3
1,18,2,4,1
1,18,2,5,1
1,18,2,6,6
1,19,4,1,3057
1,19,4,2,97
1,19,4,3,156
1,19,4,4,101
1,19,4,5,100
1,19,4,6,190
1,20,2,1,171
1,20,2,2,0
1,20,2,3,3
1,20,2,4,0
1,20,2,5,0
1,20,2,6,0
1,21,4,1,190
1,21,4,2,1
1,21,4,3,5
1,21,4,4,1
1,21,4,5,4
1,21,4,6,8
1,22,6,1,0
1,22,6,2,0
1,22,6,3,0
1,22,6,4,0
1,22,6,5,3
1,22,6,6,0
1,23,2,1,5
1,23,2,2,0
1,23,2,3,0
1,23,2,4,0
1,23,2,5,0
1,23,2,6,0
1,24,5,1,1
1,24,5,2,0
1,24,5,3,0
1,24,5,4,0
1,24,5,5,0
1,24,5,6,0
1,25,3,1,12193
1,25,3,2,17822
1,25,3,3,61910
1,25,3,4,10629
1,25,3,5,547
1,25,3,6,6666
1,26,4,1,31
1,26,4,2,6
1,26,4,3,12
1,26,4,4,4
1,26,4,5,0
1,26,4,6,4
1,27,6,1,1
1,27,6,2,0
1,27,6,3,0
1,27,6,4,0
1,27,6,5,0
1,27,6,6,1
1,28,3,1,49858
1,28,3,2,6211
1,28,3,3,2674
1,28,3,4,1328
1,28,3,5,294
1,28,3,6,10481
1,29,5,1,4
1,29,5,2,0
1,29,5,3,2
1,29,5,4,0
1,29,5,5,0
1,29,5,6,0
1,30,4,1,427
1,30,4,2,3
1,30,4,3,7
1,30,4,4,10
1,30,4,5,8
1,30,4,6,119
1,31,6,1,5
1,31,6,2,0
1,31,6,3,0
1,31,6,4,0
1,31,6,5,0
1,31,6,6,0
1,32,6,1,2
1,32,6,2,0
1,32,6,3,0
1,32,6,4,0
1,32,6,5,0
1,32,6,6,0
1,33,6,1,5
1,33,6,2,0
1,33,6,3,0
1,33,6,4,0
1,33,6,5,4
1,33,6,6,0
1,34,5,1,0
1,34,5,2,0
1,34,5,3,0
1,34,5,4,0
1,34,5,5,0
1,34,5,6,0
1,35,6,1,7
1,35,6,2,1
1,35,6,3,0
1,35,6,4,0
1,35,6,5,0
1,35,6,6,0
1,36,1,1,28672
1,36,1,2,270
1,36,1,3,227
1,36,1,4,143
1,36,1,5,355
1,36,1,6,2408
1,37,5,1,0
1,37,5,2,0
1,37,5,3,0
1,37,5,4,0
1,37,5,5,0
1,37,5,6,0
1,38,6,1,1
1,38,6,2,1
1,38,6,3,0
1,38,6,4,0
1,38,6,5,0
1,38,6,6,0
1,39,3,1,122270
1,39,3,2,600663
1,39,3,3,1434
1,39,3,4,680
1,39,3,5,2951
1,39,3,6,11321
1,40,5,1,11254
1,40,5,2,185
1,40,5,3,156
1,40,5,4,125
1,40,5,5,85
1,40,5,6,880
1,41,4,1,73
1,41,4,2,1
1,41,4,3,3
1,41,4,4,1
1,41,4,5,2
1,41,4,6,9
1,42,3,1,59358
1,42,3,2,6740
1,42,3,3,1743
1,42,3,4,785
1,42,3,5,16331
1,42,3,6,6471
1,43,6,1,2
1,43,6,2,0
1,43,6,3,0
1,43,6,4,0
1,43,6,5,0
1,43,6,6,0
1,44,6,1,5
1,44,6,2,1
1,44,6,3,0
1,44,6,4,0
1,44,6,5,1
1,44,6,6,0
1,45,5,1,1
1,45,5,2,0
1,45,5,3,0
1,45,5,4,0
1,45,5,5,0
1,45,5,6,0
1,46,5,1,14207
1,46,5,2,82
1,46,5,3,367
1,46,5,4,232
1,46,5,5,293
1,46,5,6,885
1,47,6,1,2
1,47,6,2,0
1,47,6,3,0
1,47,6,4,0
1,47,6,5,0
1,47,6,6,0
1,48,2,1,10276
1,48,2,2,47
1,48,2,3,149
1,48,2,4,67
1,48,2,5,46
1,48,2,6,807
1,49,4,1,464
1,49,4,2,17
1,49,4,3,17
1,49,4,4,12
1,49,4,5,16
1,49,4,6,78
1,50,2,1,2472
1,50,2,2,58
1,50,2,3,2
1,50,2,4,0
1,50,2,5,13
1,50,2,6,19
1,51,6,1,1
1,51,6,2,0
1,51,6,3,0
1,51,6,4,0
1,51,6,5,0
1,51,6,6,1
1,52,4,1,2031
1,52,4,2,31
1,52,4,3,66
1,52,4,4,52
1,52,4,5,60
1,52,4,6,135
1,53,6,1,0
1,53,6,2,0
1,53,6,3,0
1,53,6,4,0
1,53,6,5,0
1,53,6,6,0
1,54,2,1,13
1,54,2,2,6
1,54,2,3,1
1,54,2,4,0
1,54,2,5,1
1,54,2,6,2
1,55,3,1,17460
1,55,3,2,4265
1,55,3,3,482
1,55,3,4,179
1,55,3,5,71025
1,55,3,6,14527
1,56,1,1,206277
1,56,1,2,880
1,56,1,3,395
1,56,1,4,209
1,56,1,5,989
1,56,1,6,12143
1,57,6,1,93
1,57,6,2,0
1,57,6,3,3
1,57,6,4,0
1,57,6,5,2
1,57,6,6,3
1,58,2,1,1812
1,58,2,2,12
1,58,2,3,3
1,58,2,4,3
1,58,2,5,9
1,58,2,6,44
1,59,5,1,55
1,59,5,2,0
1,59,5,3,0
1,59,5,4,0
1,59,5,5,0
1,59,5,6,3
1,60,6,1,3
1,60,6,2,0
1,60,6,3,0
1,60,6,4,0
1,60,6,5,0
1,60,6,6,0
1,61,4,1,580
1,61,4,2,20
1,61,4,3,38
1,61,4,4,23
1,61,4,5,10
1,61,4,6,19
1,62,4,1,216
1,62,4,2,7
1,62,4,3,8
1,62,4,4,8
1,62,4,5,14
1,62,4,6,11
1,63,4,1,50376
1,63,4,2,664
1,63,4,3,572
1,63,4,4,298
1,63,4,5,531
1,63,4,6,855
1,64,4,1,298
1,64,4,2,2
1,64,4,3,3
1,64,4,4,2
1,64,4,5,1
1,64,4,6,10
1,65,6,1,33
1,65,6,2,0
1,65,6,3,0
1,65,6,4,0
1,65,6,5,0
1,65,6,6,4
1,66,4,1,54
1,66,4,2,1
1,66,4,3,2
1,66,4,4,0
1,66,4,5,0
1,66,4,6,6
1,67,7,1,4
1,67,7,2,2
1,67,7,3,0
1,67,7,4,0
1,67,7,5,0
1,67,7,6,2
1,68,5,1,1195
1,68,5,2,2
1,68,5,3,12
1,68,5,4,4
1,68,5,5,9
1,68,5,6,781
1,69,4,1,841
1,69,4,2,25
1,69,4,3,19
1,69,4,4,35
1,69,4,5,27
1,69,4,6,46
1,70,4,1,20996
1,70,4,2,787
1,70,4,3,1303
1,70,4,4,926
1,70,4,5,736
1,70,4,6,1269
1,71,6,1,0
1,71,6,2,0
1,71,6,3,0
1,71,6,4,0
1,71,6,5,0
1,71,6,6,0
1,72,6,1,0
1,72,6,2,0
1,72,6,3,0
1,72,6,4,0
1,72,6,5,0
1,72,6,6,0
1,73,5,1,27
1,73,5,2,0
1,73,5,3,0
1,73,5,4,0
1,73,5,5,0
1,73,5,6,2
1,74,6,1,17
1,74,6,2,0
1,74,6,3,0
1,74,6,4,0
1,74,6,5,0
1,74,6,6,2
1,75,2,1,35
1,75,2,2,0
1,75,2,3,1
1,75,2,4,1
1,75,2,5,0
1,75,2,6,6
1,76,4,1,676
1,76,4,2,19
1,76,4,3,21
1,76,4,4,18
1,76,4,5,13
1,76,4,6,54
1,77,4,1,0
1,77,4,2,0
1,77,4,3,0
1,77,4,4,0
1,77,4,5,0
1,77,4,6,0
1,78,2,1,2665
1,78,2,2,15
1,78,2,3,12
1,78,2,4,10
1,78,2,5,24
1,78,2,6,95
1,79,6,1,2
1,79,6,2,0
1,79,6,3,0
1,79,6,4,0
1,79,6,5,0
1,79,6,6,0
1,80,6,1,0
1,80,6,2,0
1,80,6,3,0
1,80,6,4,0
1,80,6,5,0
1,80,6,6,0
1,81,6,1,2
1,81,6,2,0
1,81,6,3,0
1,81,6,4,0
1,81,6,5,0
1,81,6,6,0
1,82,3,1,62
1,82,3,2,0
1,82,3,3,0
1,82,3,4,0
1,82,3,5,1
1,82,3,6,2
1,83,2,1,73
1,83,2,2,25
1,83,2,3,1
1,83,2,4,0
1,83,2,5,1
1,83,2,6,1
1,84,2,1,1261
1,84,2,2,39
1,84,2,3,8
1,84,2,4,1
1,84,2,5,28
1,84,2,6,53
1,85,5,1,958
1,85,5,2,15
1,85,5,3,51
1,85,5,4,22
1,85,5,5,9
1,85,5,6,152
1,86,4,1,710
1,86,4,2,17
1,86,4,3,15
1,86,4,4,16
1,86,4,5,20
1,86,4,6,45
1,87,5,1,2218
1,87,5,2,37
1,87,5,3,20
1,87,5,4,10
1,87,5,5,12
1,87,5,6,460
1,88,5,1,644
1,88,5,2,5
1,88,5,3,0
1,88,5,4,1
1,88,5,5,4
1,88,5,6,317
1,89,5,1,4
1,89,5,2,0
1,89,5,3,0
1,89,5,4,0
1,89,5,5,0
1,89,5,6,0
1,90,5,1,42
1,90,5,2,3
1,90,5,3,2
1,90,5,4,0
1,90,5,5,2
1,90,5,6,2
1,91,4,1,1568
1,91,4,2,34
1,91,4,3,78
1,91,4,4,56
1,91,4,5,87
1,91,4,6,172
1,92,7,1,0
1,92,7,2,0
1,92,7,3,0
1,92,7,4,0
1,92,7,5,0
1,92,7,6,0
1,93,4,1,122
1,93,4,2,0
1,93,4,3,2
1,93,4,4,0
1,93,4,5,0
1,93,4,6,4
1,94,5,1,2850
1,94,5,2,50
1,94,5,3,144
1,94,5,4,59
1,94,5,5,42
1,94,5,6,126
1,95,4,1,20049
1,95,4,2,281
1,95,4,3,353
1,95,4,4,226
1,95,4,5,252
1,95,4,6,717
1,96,2,1,222
1,96,2,2,0
1,96,2,3,1
1,96,2,4,2
1,96,2,5,0
1,96,2,6,5
1,97,5,1,9635
1,97,5,2,49
1,97,5,3,258
1,97,5,4,130
1,97,5,5,122
1,97,5,6,1898
1,98,5,1,39
1,98,5,2,1
1,98,5,3,0
1,98,5,4,0
1,98,5,5,1
1,98,5,6,1
1,99,5,1,28
1,99,5,2,0
1,99,5,3,0
1,99,5,4,0
1,99,5,5,0
1,99,5,6,0
1,100,5,1,46
1,100,5,2,0
1,100,5,3,0
1,100,5,4,0
1,100,5,5,0
1,100,5,6,0
1,101,6,1,39
1,101,6,2,0
1,101,6,3,1
1,101,6,4,0
1,101,6,5,0
1,101,6,6,7
1,102,5,1,10
1,102,5,2,0
1,102,5,3,0
1,102,5,4,0
1,102,5,5,0
1,102,5,6,1
1,103,7,1,0
1,103,7,2,0
1,103,7,3,0
1,103,7,4,0
1,103,7,5,0
1,103,7,6,0
1,104,5,1,27
1,104,5,2,0
1,104,5,3,0
1,104,5,4,0
1,104,5,5,0
1,104,5,6,0
1,105,5,1,4
1,105,5,2,0
1,105,5,3,0
1,105,5,4,0
1,105,5,5,0
1,105,5,6,0
1,106,6,1,1
1,106,6,2,0
1,106,6,3,0
1,106,6,4,0
1,106,6,5,0
1,106,6,6,0
1,107,4,1,219
1,107,4,2,10
1,107,4,3,7
1,107,4,4,1
1,107,4,5,6
1,107,4,6,21
1,108,5,1,46
1,108,5,2,2
1,108,5,3,0
1,108,5,4,0
1,108,5,5,3
1,108,5,6,2
1,109,6,1,2
1,109,6,2,0
1,109,6,3,0
1,109,6,4,0
1,109,6,5,0
1,109,6,6,0
1,110,6,1,3
1,110,6,2,0
1,110,6,3,0
1,110,6,4,0
1,110,6,5,0
1,110,6,6,0
1,111,4,1,14
1,111,4,2,0
1,111,4,3,0
1,111,4,4,0
1,111,4,5,2
1,111,4,6,1
1,112,4,1,445
1,112,4,2,19
1,112,4,3,19
1,112,4,4,6
1,112,4,5,11
1,112,4,6,43
1,113,4,1,171
1,113,4,2,4
1,113,4,3,8
1,113,4,4,10
1,113,4,5,2
1,113,4,6,15
1,114,6,1,4
1,114,6,2,0
1,114,6,3,0
1,114,6,4,0
1,114,6,5,0
1,114,6,6,0
1,115,5,1,240
1,115,5,2,8
1,115,5,3,7
1,115,5,4,12
1,115,5,5,15
1,115,5,6,85
1,116,6,1,1
1,116,6,2,0
1,116,6,3,0
1,116,6,4,0
1,116,6,5,0
1,116,6,6,1
1,117,5,1,4
1,117,5,2,0
1,117,5,3,0
1,117,5,4,0
1,117,5,5,0
1,117,5,6,0
1,118,6,1,2
1,118,6,2,0
1,118,6,3,0
1,118,6,4,0
1,118,6,5,0
1,118,6,6,0
1,119,4,1,76
1,119,4,2,0
1,119,4,3,1
1,119,4,4,1
1,119,4,5,0
1,119,4,6,7
1,120,6,1,87
1,120,6,2,1
1,120,6,3,3
1,120,6,4,0
1,120,6,5,2
1,120,6,6,1
1,121,6,1,12
1,121,6,2,0
1,121,6,3,0
1,121,6,4,0
1,121,6,5,0
1,121,6,6,3
1,122,6,1,0
1,122,6,2,0
1,122,6,3,0
1,122,6,4,0
1,122,6,5,0
1,122,6,6,1
1,123,1,1,32496
1,123,1,2,301
1,123,1,3,236
1,123,1,4,110
1,123,1,5,200
1,123,1,6,936
1,124,4,1,8
1,124,4,2,0
1,124,4,3,0
1,124,4,4,0
1,124,4,5,0
1,124,4,6,6
1,125,5,1,57
1,125,5,2,0
1,125,5,3,0
1,125,5,4,0
1,125,5,5,0
1,125,5,6,5
1,126,6,1,17
1,126,6,2,0
1,126,6,3,0
1,126,6,4,0
1,126,6,5,0
1,126,6,6,1
1,127,5,1,37
1,127,5,2,0
1,127,5,3,0
1,127,5,4,0
1,127,5,5,0
1,127,5,6,19
1,128,6,1,0
1,128,6,2,0
1,128,6,3,0
1,128,6,4,0
1,128,6,5,0
1,128,6,6,0
1,129,7,1,0
1,129,7,2,0
1,129,7,3,0
1,129,7,4,0
1,129,7,5,0
1,129,7,6,0
1,130,5,1,23
1,130,5,2,1
1,130,5,3,0
1,130,5,4,0
1,130,5,5,0
1,130,5,6,1
1,131,2,1,395
1,131,2,2,18
1,131,2,3,0
1,131,2,4,0
1,131,2,5,6
1,131,2,6,10
1,132,6,1,0
1,132,6,2,0
1,132,6,3,0
1,132,6,4,0
1,132,6,5,0
1,132,6,6,0
1,133,6,1,28
1,133,6,2,0
1,133,6,3,0
1,133,6,4,0
1,133,6,5,1
1,133,6,6,1
1,134,4,1,1572
1,134,4,2,47
1,134,4,3,76
1,134,4,4,41
1,134,4,5,46
1,134,4,6,161
1,135,7,1,1149
1,135,7,2,28
1,135,7,3,70
1,135,7,4,51
1,135,7,5,41
1,135,7,6,185
1,136,5,1,2
1,136,5,2,0
1,136,5,3,0
1,136,5,4,0
1,136,5,5,0
1,136,5,6,0
1,137,4,1,9213
1,137,4,2,158
1,137,4,3,300
1,137,4,4,211
1,137,4,5,266
1,137,4,6,430
1,138,5,1,61
1,138,5,2,87
1,138,5,3,0
1,138,5,4,1
1,138,5,5,1
1,138,5,6,7
1,139,5,1,12
1,139,5,2,1
1,139,5,3,0
1,139,5,4,0
1,139,5,5,0
1,139,5,6,0
1,140,2,1,7998
1,140,2,2,29
1,140,2,3,12
1,140,2,4,1
1,140,2,5,7
1,140,2,6,220
1,141,7,1,3
1,141,7,2,0
1,141,7,3,0
1,141,7,4,0
1,141,7,5,0
1,141,7,6,0
1,142,3,1,3251
1,142,3,2,315
1,142,3,3,557
1,142,3,4,192
1,142,3,5,24
1,142,3,6,50
1,143,4,1,2957
1,143,4,2,59
1,143,4,3,449
1,143,4,4,267
1,143,4,5,73
1,143,4,6,202
1,144,4,1,2282
1,144,4,2,41
1,144,4,3,457
1,144,4,4,165
1,144,4,5,95
1,144,4,6,223
1,145,2,1,332
1,145,2,2,1
1,145,2,3,0
1,145,2,4,0
1,145,2,5,3
1,145,2,6,3
1,146,4,1,14199
1,146,4,2,180
1,146,4,3,458
1,146,4,4,427
1,146,4,5,504
1,146,4,6,1786
1,147,6,1,0
1,147,6,2,0
1,147,6,3,0
1,147,6,4,0
1,147,6,5,0
1,147,6,6,0
1,148,4,1,1524
1,148,4,2,46
1,148,4,3,90
1,148,4,4,48
1,148,4,5,53
1,148,4,6,71
1,149,2,1,2863
1,149,2,2,117
1,149,2,3,10
1,149,2,4,4
1,149,2,5,181
1,149,2,6,49
1,150,4,1,3
1,150,4,2,1
1,150,4,3,0
1,150,4,4,0
1,150,4,5,1
1,150,4,6,0
1,151,11,1,523
1,151,11,2,9
1,151,11,3,4
1,151,11,4,3
1,151,11,5,10
1,151,11,6,49
1,152,4,1,0
1,152,4,2,0
1,152,4,3,0
1,152,4,4,0
1,152,4,5,0
1,152,4,6,0
1,153,4,1,1158
1,153,4,2,24
1,153,4,3,43
1,153,4,4,15
1,153,4,5,27
1,153,4,6,124
1,154,4,1,4171
1,154,4,2,98
1,154,4,3,166
1,154,4,4,72
1,154,4,5,91
1,154,4,6,347
1,155,6,1,0
1,155,6,2,0
1,155,6,3,0
1,155,6,4,0
1,155,6,5,0
1,155,6,6,0
1,156,2,1,9
1,156,2,2,0
1,156,2,3,0
1,156,2,4,0
1,156,2,5,0
1,156,2,6,0
1,157,7,1,18
1,157,7,2,0
1,157,7,3,0
1,157,7,4,0
1,157,7,5,0
1,157,7,6,0
1,158,7,1,1
1,158,7,2,0
1,158,7,3,0
1,158,7,4,0
1,158,7,5,0
1,158,7,6,0
1,159,4,1,6
1,159,4,2,0
1,159,4,3,1
1,159,4,4,0
1,159,4,5,0
1,159,4,6,0
1,160,2,1,4
1,160,2,2,0
1,160,2,3,0
1,160,2,4,0
1,160,2,5,0
1,160,2,6,0
1,161,2,1,9
1,161,2,2,0
1,161,2,3,0
1,161,2,4,0
1,161,2,5,0
1,161,2,6,1
1,162,6,1,13
1,162,6,2,0
1,162,6,3,0
1,162,6,4,0
1,162,6,5,0
1,162,6,6,3
1,163,6,1,0
1,163,6,2,0
1,163,6,3,0
1,163,6,4,0
1,163,6,5,0
1,163,6,6,0
1,164,6,1,1
1,164,6,2,0
1,164,6,3,0
1,164,6,4,0
1,164,6,5,0
1,164,6,6,0
1,165,5,1,0
1,165,5,2,0
1,165,5,3,0
1,165,5,4,0
1,165,5,5,0
1,165,5,6,0
1,166,5,1,394
1,166,5,2,17
1,166,5,3,9
1,166,5,4,11
1,166,5,5,4
1,166,5,6,161
1,167,5,1,11
1,167,5,2,0
1,167,5,3,0
1,167,5,4,0
1,167,5,5,0
1,167,5,6,0
1,168,6,1,1
1,168,6,2,0
1,168,6,3,0
1,168,6,4,0
1,168,6,5,0
1,168,6,6,0
1,169,5,1,20
1,169,5,2,0
1,169,5,3,0
1,169,5,4,0
1,169,5,5,0
1,169,5,6,3
1,170,6,1,1
1,170,6,2,0
1,170,6,3,0
1,170,6,4,0
1,170,6,5,0
1,170,6,6,0
1,171,6,1,617
1,171,6,2,27
1,171,6,3,18
1,171,6,4,7
1,171,6,5,13
1,171,6,6,69
1,172,6,1,5
1,172,6,2,0
1,172,6,3,0
1,172,6,4,0
1,172,6,5,1
1,172,6,6,0
1,173,4,1,3749
1,173,4,2,183
1,173,4,3,169
1,173,4,4,96
1,173,4,5,75
1,173,4,6,250
1,174,4,1,6888
1,174,4,2,185
1,174,4,3,305
1,174,4,4,238
1,174,4,5,207
1,174,4,6,698
1,175,3,1,18
1,175,3,2,1
1,175,3,3,0
1,175,3,4,0
1,175,3,5,0
1,175,3,6,0
1,176,6,1,3
1,176,6,2,0
1,176,6,3,0
1,176,6,4,0
1,176,6,5,0
1,176,6,6,0
1,177,5,1,231
1,177,5,2,5
1,177,5,3,2
1,177,5,4,10
1,177,5,5,3
1,177,5,6,38
1,178,5,1,2319
1,178,5,2,27
1,178,5,3,59
1,178,5,4,39
1,178,5,5,17
1,178,5,6,278
1,179,6,1,4
1,179,6,2,0
1,179,6,3,0
1,179,6,4,0
1,179,6,5,0
1,179,6,6,1
1,180,5,1,3
1,180,5,2,0
1,180,5,3,0
1,180,5,4,0
1,180,5,5,0
1,180,5,6,0
1,181,6,1,0
1,181,6,2,0
1,181,6,3,0
1,181,6,4,0
1,181,6,5,0
1,181,6,6,0
1,182,7,1,0
1,182,7,2,0
1,182,7,3,0
1,182,7,4,0
1,182,7,5,0
1,182,7,6,0
1,183,2,1,86
1,183,2,2,0
1,183,2,3,0
1,183,2,4,0
1,183,2,5,0
1,183,2,6,0
1,184,6,1,20
1,184,6,2,0
1,184,6,3,1
1,184,6,4,1
1,184,6,5,0
1,184,6,6,4
1,185,5,1,1
1,185,5,2,0
1,185,5,3,0
1,185,5,4,0
1,185,5,5,0
1,185,5,6,0
1,186,5,1,1415
1,186,5,2,34
1,186,5,3,156
1,186,5,4,60
1,186,5,5,24
1,186,5,6,154
1,187,7,1,0
1,187,7,2,0
1,187,7,3,0
1,187,7,4,0
1,187,7,5,0
1,187,7,6,0
1,188,4,1,1324
1,188,4,2,28
1,188,4,3,23
1,188,4,4,18
1,188,4,5,16
1,188,4,6,204
1,189,6,1,8
1,189,6,2,0
1,189,6,3,0
1,189,6,4,0
1,189,6,5,0
1,189,6,6,2
1,190,3,1,5264
1,190,3,2,179
1,190,3,3,209
1,190,3,4,95
1,190,3,5,107
1,190,3,6,126
1,191,5,1,14
1,191,5,2,0
1,191,5,3,0
1,191,5,4,0
1,191,5,5,0
1,191,5,6,0
1,192,7,1,1
1,192,7,2,0
1,192,7,3,0
1,192,7,4,0
1,192,7,5,0
1,192,7,6,0
1,193,4,1,2
1,193,4,2,0
1,193,4,3,0
1,193,4,4,0
1,193,4,5,0
1,193,4,6,0
1,194,3,1,7990
1,194,3,2,2402
1,194,3,3,113
1,194,3,4,40
1,194,3,5,7656
1,194,3,6,352
1,195,5,1,158
1,195,5,2,3
1,195,5,3,2
1,195,5,4,1
1,195,5,5,1
1,195,5,6,14
1,196,5,1,6
1,196,5,2,1
1,196,5,3,0
1,196,5,4,0
1,196,5,5,0
1,196,5,6,0
1,197,6,1,14
1,197,6,2,0
1,197,6,3,0
1,197,6,4,0
1,197,6,5,0
1,197,6,6,1
1,198,6,1,13
1,198,6,2,0
1,198,6,3,0
1,198,6,4,0
1,198,6,5,0
1,198,6,6,6
2,1,5,1,3
2,1,5,2,23
2,1,5,3,1
2,1,5,4,0
2,1,5,5,0
2,1,5,6,0
2,2,4,1,27
2,2,4,2,0
2,2,4,3,0
2,2,4,4,0
2,2,4,5,1
2,2,4,6,3
2,3,4,1,22602
2,3,4,2,598
2,3,4,3,1177
2,3,4,4,874
2,3,4,5,691
2,3,4,6,2555
2,4,4,1,36
2,4,4,2,0
2,4,4,3,0
2,4,4,4,0
2,4,4,5,1
2,4,4,6,4
2,5,6,1,5
2,5,6,2,0
2,5,6,3,0
2,5,6,4,0
2,5,6,5,0
2,5,6,6,0
2,6,2,1,23
2,6,2,2,0
2,6,2,3,0
2,6,2,4,0
2,6,2,5,0
2,6,2,6,0
2,7,5,1,56
2,7,5,2,0
2,7,5,3,2
2,7,5,4,1
2,7,5,5,0
2,7,5,6,3
2,8,6,1,22
2,8,6,2,0
2,8,6,3,1
2,8,6,4,0
2,8,6,5,0
2,8,6,6,0
2,9,3,1,51680
2,9,3,2,5851
2,9,3,3,2946
2,9,3,4,965
2,9,3,5,1331
2,9,3,6,1130
2,10,5,1,54
2,10,5,2,3
2,10,5,3,1
2,10,5,4,1
2,10,5,5,1
2,10,5,6,3
2,11,2,1,50
2,11,2,2,0
2,11,2,3,0
2,11,2,4,0
2,11,2,5,0
2,11,2,6,1
2,12,7,1,6125
2,12,7,2,66
2,12,7,3,267
2,12,7,4,161
2,12,7,5,141
2,12,7,6,664
2,13,4,1,2184
2,13,4,2,54
2,13,4,3,150
2,13,4,4,71
2,13,4,5,50
2,13,4,6,328
2,14,5,1,29
2,14,5,2,0
2,14,5,3,1
2,14,5,4,0
2,14,5,5,1
2,14,5,6,0
2,15,2,1,94
2,15,2,2,0
2,15,2,3,0
2,15,2,4,0
2,15,2,5,0
2,15,2,6,0
2,16,5,1,6
2,16,5,2,0
2,16,5,3,0
2,16,5,4,0
2,16,5,5,1
2,16,5,6,0
2,17,5,1,54
2,17,5,2,0
2,17,5,3,0
2,17,5,4,0
2,17,5,5,2
2,17,5,6,4
2,18,2,1,81
2,18,2,2,1
2,18,2,3,0
2,18,2,4,1
2,18,2,5,0
2,18,2,6,4
2,19,4,1,3238
2,19,4,2,76
2,19,4,3,103
2,19,4,4,114
2,19,4,5,114
2,19,4,6,166
2,20,2,1,138
2,20,2,2,0
2,20,2,3,1
2,20,2,4,0
2,20,2,5,1
2,20,2,6,2
2,21,4,1,254
2,21,4,2,1
2,21,4,3,5
2,21,4,4,4
2,21,4,5,1
2,21,4,6,21
2,22,6,1,2
2,22,6,2,0
2,22,6,3,0
2,22,6,4,0
2,22,6,5,0
2,22,6,6,0
2,23,2,1,15
2,23,2,2,0
2,23,2,3,0
2,23,2,4,0
2,23,2,5,0
2,23,2,6,0
2,24,5,1,1
2,24,5,2,0
2,24,5,3,0
2,24,5,4,0
2,24,5,5,0
2,24,5,6,0
2,25,3,1,9542
2,25,3,2,14108
2,25,3,3,39593
2,25,3,4,7013
2,25,3,5,493
2,25,3,6,4140
2,26,4,1,21
2,26,4,2,4
2,26,4,3,8
2,26,4,4,1
2,26,4,5,0
2,26,4,6,1
2,27,6,1,1
2,27,6,2,0
2,27,6,3,0
2,27,6,4,0
2,27,6,5,0
2,27,6,6,0
2,28,3,1,40856
2,28,3,2,1916
2,28,3,3,770
2,28,3,4,401
2,28,3,5,208
2,28,3,6,6638
2,29,5,1,15
2,29,5,2,0
2,29,5,3,0
2,29,5,4,0
2,29,5,5,0
2,29,5,6,0
2,30,4,1,410
2,30,4,2,4
2,30,4,3,4
2,30,4,4,1
2,30,4,5,11
2,30,4,6,49
2,31,6,1,3
2,31,6,2,0
2,31,6,3,0
2,31,6,4,0
2,31,6,5,0
2,31,6,6,0
2,32,6,1,0
2,32,6,2,0
2,32,6,3,0
2,32,6,4,0
2,32,6,5,0
2,32,6,6,0
2,33,6,1,6
2,33,6,2,0
2,33,6,3,0
2,33,6,4,0
2,33,6,5,0
2,33,6,6,3
2,34,5,1,2
2,34,5,2,0
2,34,5,3,0
2,34,5,4,0
2,34,5,5,0
2,34,5,6,0
2,35,6,1,19
2,35,6,2,0
2,35,6,3,0
2,35,6,4,0
2,35,6,5,1
2,35,6,6,0
2,36,1,1,28902
2,36,1,2,246
2,36,1,3,231
2,36,1,4,168
2,36,1,5,320
2,36,1,6,1303
2,37,5,1,0
2,37,5,2,0
2,37,5,3,0
2,37,5,4,0
2,37,5,5,0
2,37,5,6,0
2,38,6,1,2
2,38,6,2,1
2,38,6,3,0
2,38,6,4,0
2,38,6,5,0
2,38,6,6,0
2,39,3,1,121622
2,39,3,2,686051
2,39,3,3,2391
2,39,3,4,1105
2,39,3,5,4752
2,39,3,6,12834
2,40,5,1,11689
2,40,5,2,127
2,40,5,3,232
2,40,5,4,108
2,40,5,5,68
2,40,5,6,747
2,41,4,1,88
2,41,4,2,1
2,41,4,3,0
2,41,4,4,0
2,41,4,5,0
2,41,4,6,4
2,42,3,1,45371
2,42,3,2,6007
2,42,3,3,1253
2,42,3,4,396
2,42,3,5,14303
2,42,3,6,5063
2,43,6,1,0
2,43,6,2,0
2,43,6,3,0
2,43,6,4,0
2,43,6,5,1
2,43,6,6,0
2,44,6,1,3
2,44,6,2,0
2,44,6,3,1
2,44,6,4,0
2,44,6,5,1
2,44,6,6,0
2,45,5,1,1
2,45,5,2,0
2,45,5,3,0
2,45,5,4,0
2,45,5,5,0
2,45,5,6,0
2,46,5,1,13663
2,46,5,2,60
2,46,5,3,372
2,46,5,4,133
2,46,5,5,166
2,46,5,6,961
2,47,6,1,9
2,47,6,2,0
2,47,6,3,0
2,47,6,4,0
2,47,6,5,0
2,47,6,6,0
2,48,2,1,4804
2,48,2,2,56
2,48,2,3,43
2,48,2,4,18
2,48,2,5,29
2,48,2,6,462
2,49,4,1,433
2,49,4,2,4
2,49,4,3,21
2,49,4,4,14
2,49,4,5,6
2,49,4,6,41
2,50,2,1,2362
2,50,2,2,71
2,50,2,3,4
2,50,2,4,1
2,50,2,5,31
2,50,2,6,33
2,51,6,1,4
2,51,6,2,0
2,51,6,3,0
2,51,6,4,0
2,51,6,5,0
2,51,6,6,0
2,52,4,1,1796
2,52,4,2,45
2,52,4,3,90
2,52,4,4,87
2,52,4,5,84
2,52,4,6,144
2,53,6,1,0
2,53,6,2,0
2,53,6,3,0
2,53,6,4,0
2,53,6,5,0
2,53,6,6,0
2,54,2,1,15
2,54,2,2,4
2,54,2,3,0
2,54,2,4,0
2,54,2,5,0
2,54,2,6,1
2,55,3,1,21196
2,55,3,2,4422
2,55,3,3,575
2,55,3,4,145
2,55,3,5,93878
2,55,3,6,15749
2,56,1,1,202492
2,56,1,2,651
2,56,1,3,318
2,56,1,4,209
2,56,1,5,983
2,56,1,6,6471
2,57,6,1,88
2,57,6,2,1
2,57,6,3,0
2,57,6,4,0
2,57,6,5,8
2,57,6,6,4
2,58,2,1,1862
2,58,2,2,8
2,58,2,3,5
2,58,2,4,2
2,58,2,5,6
2,58,2,6,71
2,59,5,1,59
2,59,5,2,0
2,59,5,3,1
2,59,5,4,0
2,59,5,5,0
2,59,5,6,0
2,60,6,1,4
2,60,6,2,0
2,60,6,3,0
2,60,6,4,0
2,60,6,5,0
2,60,6,6,0
2,61,4,1,638
2,61,4,2,20
2,61,4,3,89
2,61,4,4,13
2,61,4,5,13
2,61,4,6,38
2,62,4,1,265
2,62,4,2,3
2,62,4,3,22
2,62,4,4,11
2,62,4,5,4
2,62,4,6,16
2,63,4,1,49225
2,63,4,2,495
2,63,4,3,549
2,63,4,4,314
2,63,4,5,513
2,63,4,6,943
2,64,4,1,224
2,64,4,2,3
2,64,4,3,6
2,64,4,4,2
2,64,4,5,5
2,64,4,6,10
2,65,6,1,11
2,65,6,2,0
2,65,6,3,0
2,65,6,4,0
2,65,6,5,0
2,65,6,6,1
2,66,4,1,41
2,66,4,2,1
2,66,4,3,1
2,66,4,4,0
2,66,4,5,1
2,66,4,6,1
2,67,7,1,4
2,67,7,2,1
2,67,7,3,0
2,67,7,4,0
2,67,7,5,0
2,67,7,6,3
2,68,5,1,1391
2,68,5,2,0
2,68,5,3,16
2,68,5,4,5
2,68,5,5,9
2,68,5,6,700
2,69,4,1,764
2,69,4,2,17
2,69,4,3,65
2,69,4,4,15
2,69,4,5,26
2,69,4,6,50
2,70,4,1,24124
2,70,4,2,651
2,70,4,3,1210
2,70,4,4,913
2,70,4,5,674
2,70,4,6,2493
2,71,6,1,1
2,71,6,2,0
2,71,6,3,0
2,71,6,4,0
2,71,6,5,0
2,71,6,6,0
2,72,6,1,1
2,72,6,2,0
2,72,6,3,0
2,72,6,4,0
2,72,6,5,0
2,72,6,6,0
2,73,5,1,28
2,73,5,2,1
2,73,5,3,0
2,73,5,4,0
2,73,5,5,0
2,73,5,6,8
2,74,6,1,15
2,74,6,2,0
2,74,6,3,0
2,74,6,4,0
2,74,6,5,0
2,74,6,6,2
2,75,2,1,37
2,75,2,2,1
2,75,2,3,1
2,75,2,4,1
2,75,2,5,2
2,75,2,6,0
2,76,4,1,734
2,76,4,2,9
2,76,4,3,29
2,76,4,4,15
2,76,4,5,12
2,76,4,6,84
2,77,4,1,0
2,77,4,2,0
2,77,4,3,0
2,77,4,4,0
2,77,4,5,0
2,77,4,6,0
2,78,2,1,2375
2,78,2,2,9
2,78,2,3,11
2,78,2,4,7
2,78,2,5,34
2,78,2,6,53
2,79,6,1,1
2,79,6,2,0
2,79,6,3,0
2,79,6,4,0
2,79,6,5,0
2,79,6,6,0
2,80,6,1,0
2,80,6,2,0
2,80,6,3,0
2,80,6,4,0
2,80,6,5,0
2,80,6,6,0
2,81,6,1,5
2,81,6,2,0
2,81,6,3,0
2,81,6,4,0
2,81,6,5,0
2,81,6,6,0
2,82,3,1,33
2,82,3,2,2
2,82,3,3,0
2,82,3,4,0
2,82,3,5,2
2,82,3,6,1
2,83,2,1,76
2,83,2,2,29
2,83,2,3,0
2,83,2,4,0
2,83,2,5,4
2,83,2,6,1
2,84,2,1,1108
2,84,2,2,37
2,84,2,3,1
2,84,2,4,2
2,84,2,5,11
2,84,2,6,33
2,85,5,1,1809
2,85,5,2,5
2,85,5,3,28
2,85,5,4,76
2,85,5,5,5
2,85,5,6,103
2,86,4,1,685
2,86,4,2,14
2,86,4,3,33
2,86,4,4,20
2,86,4,5,12
2,86,4,6,53
2,87,5,1,2114
2,87,5,2,24
2,87,5,3,18
2,87,5,4,5
2,87,5,5,17
2,87,5,6,399
2,88,5,1,485
2,88,5,2,2
2,88,5,3,2
2,88,5,4,4
2,88,5,5,2
2,88,5,6,247
2,89,5,1,2
2,89,5,2,0
2,89,5,3,0
2,89,5,4,0
2,89,5,5,0
2,89,5,6,0
2,90,5,1,103
2,90,5,2,2
2,90,5,3,4
2,90,5,4,2
2,90,5,5,1
2,90,5,6,0
2,91,4,1,1227
2,91,4,2,25
2,91,4,3,105
2,91,4,4,92
2,91,4,5,84
2,91,4,6,142
2,92,7,1,2
2,92,7,2,0
2,92,7,3,0
2,92,7,4,0
2,92,7,5,0
2,92,7,6,0
2,93,4,1,134
2,93,4,2,4
2,93,4,3,2
2,93,4,4,2
2,93,4,5,5
2,93,4,6,8
2,94,5,1,4065
2,94,5,2,31
2,94,5,3,221
2,94,5,4,89
2,94,5,5,71
2,94,5,6,142
2,95,4,1,18296
2,95,4,2,169
2,95,4,3,309
2,95,4,4,189
2,95,4,5,247
2,95,4,6,786
2,96,2,1,296
2,96,2,2,0
2,96,2,3,0
2,96,2,4,3
2,96,2,5,1
2,96,2,6,2
2,97,5,1,14912
2,97,5,2,48
2,97,5,3,403
2,97,5,4,190
2,97,5,5,160
2,97,5,6,1551
2,98,5,1,32
2,98,5,2,1
2,98,5,3,0
2,98,5,4,0
2,98,5,5,0
2,98,5,6,1
2,99,5,1,12
2,99,5,2,0
2,99,5,3,0
2,99,5,4,0
2,99,5,5,0
2,99,5,6,0
2,100,5,1,58
2,100,5,2,1
2,100,5,3,1
2,100,5,4,0
2,100,5,5,1
2,100,5,6,4
2,101,6,1,37
2,101,6,2,0
2,101,6,3,0
2,101,6,4,0
2,101,6,5,0
2,101,6,6,0
2,102,5,1,9
2,102,5,2,0
2,102,5,3,0
2,102,5,4,0
2,102,5,5,0
2,102,5,6,0
2,103,7,1,0
2,103,7,2,0
2,103,7,3,0
2,103,7,4,0
2,103,7,5,0
2,103,7,6,0
2,104,5,1,27
2,104,5,2,0
2,104,5,3,1
2,104,5,4,0
2,104,5,5,0
2,104,5,6,3
2,105,5,1,2
2,105,5,2,0
2,105,5,3,0
2,105,5,4,0
2,105,5,5,0
2,105,5,6,0
2,106,6,1,0
2,106,6,2,0
2,106,6,3,0
2,106,6,4,0
2,106,6,5,0
2,106,6,6,0
2,107,4,1,248
2,107,4,2,15
2,107,4,3,7
2,107,4,4,7
2,107,4,5,12
2,107,4,6,14
2,108,5,1,38
2,108,5,2,1
2,108,5,3,0
2,108,5,4,0
2,108,5,5,0
2,108,5,6,0
2,109,6,1,1
2,109,6,2,0
2,109,6,3,0
2,109,6,4,0
2,109,6,5,0
2,109,6,6,0
2,110,6,1,1
2,110,6,2,0
2,110,6,3,0
2,110,6,4,0
2,110,6,5,0
2,110,6,6,0
2,111,4,1,23
2,111,4,2,0
2,111,4,3,1
2,111,4,4,0
2,111,4,5,1
2,111,4,6,0
2,112,4,1,508
2,112,4,2,6
2,112,4,3,28
2,112,4,4,23
2,112,4,5,11
2,112,4,6,41
2,113,4,1,151
2,113,4,2,2
2,113,4,3,3
2,113,4,4,4
2,113,4,5,2
2,113,4,6,15
2,114,6,1,3
2,114,6,2,0
2,114,6,3,0
2,114,6,4,0
2,114,6,5,0
2,114,6,6,0
2,115,5,1,520
2,115,5,2,30
2,115,5,3,15
2,115,5,4,5
2,115,5,5,0
2,115,5,6,34
2,116,6,1,2
2,116,6,2,0
2,116,6,3,0
2,116,6,4,0
2,116,6,5,0
2,116,6,6,0
2,117,5,1,1
2,117,5,2,0
2,117,5,3,0
2,117,5,4,0
2,117,5,5,0
2,117,5,6,0
2,118,6,1,3
2,118,6,2,0
2,118,6,3,0
2,118,6,4,0
2,118,6,5,0
2,118,6,6,0
2,119,4,1,82
2,119,4,2,0
2,119,4,3,1
2,119,4,4,2
2,119,4,5,0
2,119,4,6,13
2,120,6,1,104
2,120,6,2,1
2,120,6,3,1
2,120,6,4,1
2,120,6,5,1
2,120,6,6,4
2,121,6,1,17
2,121,6,2,0
2,121,6,3,0
2,121,6,4,0
2,121,6,5,0
2,121,6,6,3
2,122,6,1,0
2,122,6,2,0
2,122,6,3,0
2,122,6,4,0
2,122,6,5,0
2,122,6,6,0
2,123,1,1,28775
2,123,1,2,237
2,123,1,3,269
2,123,1,4,121
2,123,1,5,176
2,123,1,6,1142
2,124,4,1,14
2,124,4,2,0
2,124,4,3,0
2,124,4,4,0
2,124,4,5,0
2,124,4,6,1
2,125,5,1,37
2,125,5,2,0
2,125,5,3,0
2,125,5,4,0
2,125,5,5,0
2,125,5,6,0
2,126,6,1,10
2,126,6,2,0
2,126,6,3,0
2,126,6,4,0
2,126,6,5,0
2,126,6,6,3
2,127,5,1,31
2,127,5,2,0
2,127,5,3,0
2,127,5,4,0
2,127,5,5,0
2,127,5,6,32
2,128,6,1,1
2,128,6,2,0
2,128,6,3,0
2,128,6,4,0
2,128,6,5,0
2,128,6,6,0
2,129,7,1,0
2,129,7,2,0
2,129,7,3,0
2,129,7,4,0
2,129,7,5,0
2,129,7,6,0
2,130,5,1,23
2,130,5,2,1
2,130,5,3,0
2,130,5,4,0
2,130,5,5,0
2,130,5,6,1
2,131,2,1,388
2,131,2,2,9
2,131,2,3,2
2,131,2,4,0
2,131,2,5,2
2,131,2,6,10
2,132,6,1,2
2,132,6,2,0
2,132,6,3,0
2,132,6,4,0
2,132,6,5,0
2,132,6,6,0
2,133,6,1,18
2,133,6,2,0
2,133,6,3,0
2,133,6,4,0
2,133,6,5,0
2,133,6,6,0
2,134,4,1,1436
2,134,4,2,48
2,134,4,3,109
2,134,4,4,32
2,134,4,5,26
2,134,4,6,103
2,135,7,1,818
2,135,7,2,15
2,135,7,3,51
2,135,7,4,34
2,135,7,5,38
2,135,7,6,93
2,136,5,1,14
2,136,5,2,0
2,136,5,3,0
2,136,5,4,0
2,136,5,5,0
2,136,5,6,0
2,137,4,1,8312
2,137,4,2,183
2,137,4,3,315
2,137,4,4,197
2,137,4,5,214
2,137,4,6,329
2,138,5,1,58
2,138,5,2,93
2,138,5,3,1
2,138,5,4,0
2,138,5,5,2
2,138,5,6,0
2,139,5,1,11
2,139,5,2,0
2,139,5,3,0
2,139,5,4,0
2,139,5,5,1
2,139,5,6,0
2,140,2,1,7422
2,140,2,2,25
2,140,2,3,11
2,140,2,4,3
2,140,2,5,14
2,140,2,6,229
2,141,7,1,21
2,141,7,2,0
2,141,7,3,0
2,141,7,4,0
2,141,7,5,0
2,141,7,6,0
2,142,3,1,3197
2,142,3,2,309
2,142,3,3,194
2,142,3,4,93
2,142,3,5,14
2,142,3,6,42
2,143,4,1,2895
2,143,4,2,68
2,143,4,3,608
2,143,4,4,400
2,143,4,5,76
2,143,4,6,220
2,144,4,1,2088
2,144,4,2,33
2,144,4,3,89
2,144,4,4,57
2,144,4,5,37
2,144,4,6,122
2,145,2,1,320
2,145,2,2,2
2,145,2,3,2
2,145,2,4,0
2,145,2,5,1
2,145,2,6,2
2,146,4,1,13736
2,146,4,2,201
2,146,4,3,736
2,146,4,4,585
2,146,4,5,426
2,146,4,6,2427
2,147,6,1,0
2,147,6,2,0
2,147,6,3,0
2,147,6,4,0
2,147,6,5,0
2,147,6,6,0
2,148,4,1,1271
2,148,4,2,41
2,148,4,3,92
2,148,4,4,42
2,148,4,5,52
2,148,4,6,108
2,149,2,1,2680
2,149,2,2,123
2,149,2,3,18
2,149,2,4,3
2,149,2,5,212
2,149,2,6,83
2,150,4,1,2
2,150,4,2,0
2,150,4,3,0
2,150,4,4,0
2,150,4,5,1
2,150,4,6,0
2,151,11,1,492
2,151,11,2,3
2,151,11,3,22
2,151,11,4,52
2,151,11,5,7
2,151,11,6,51
2,152,4,1,0
2,152,4,2,0
2,152,4,3,0
2,152,4,4,0
2,152,4,5,0
2,152,4,6,0
2,153,4,1,1021
2,153,4,2,7
2,153,4,3,14
2,153,4,4,9
2,153,4,5,30
2,153,4,6,104
2,154,4,1,3394
2,154,4,2,78
2,154,4,3,148
2,154,4,4,49
2,154,4,5,68
2,154,4,6,224
2,155,6,1,4
2,155,6,2,0
2,155,6,3,0
2,155,6,4,0
2,155,6,5,0
2,155,6,6,0
2,156,2,1,7
2,156,2,2,0
2,156,2,3,0
2,156,2,4,0
2,156,2,5,0
2,156,2,6,0
2,157,7,1,20
2,157,7,2,0
2,157,7,3,0
2,157,7,4,1
2,157,7,5,0
2,157,7,6,0
2,158,7,1,0
2,158,7,2,0
2,158,7,3,0
2,158,7,4,0
2,158,7,5,0
2,158,7,6,0
2,159,4,1,2
2,159,4,2,0
2,159,4,3,0
2,159,4,4,0
2,159,4,5,1
2,159,4,6,0
2,160,2,1,5
2,160,2,2,0
2,160,2,3,0
2,160,2,4,0
2,160,2,5,0
2,160,2,6,0
2,161,2,1,14
2,161,2,2,0
2,161,2,3,0
2,161,2,4,0
2,161,2,5,0
2,161,2,6,0
2,162,6,1,10
2,162,6,2,0
2,162,6,3,0
2,162,6,4,0
2,162,6,5,0
2,162,6,6,7
2,163,6,1,0
2,163,6,2,0
2,163,6,3,0
2,163,6,4,0
2,163,6,5,0
2,163,6,6,0
2,164,6,1,3
2,164,6,2,0
2,164,6,3,0
2,164,6,4,0
2,164,6,5,1
2,164,6,6,0
2,165,5,1,0
2,165,5,2,0
2,165,5,3,0
2,165,5,4,0
2,165,5,5,0
2,165,5,6,0
2,166,5,1,325
2,166,5,2,5
2,166,5,3,13
2,166,5,4,13
2,166,5,5,2
2,166,5,6,39
2,167,5,1,17
2,167,5,2,1
2,167,5,3,0
2,167,5,4,1
2,167,5,5,0
2,167,5,6,0
2,168,6,1,1
2,168,6,2,0
2,168,6,3,0
2,168,6,4,0
2,168,6,5,0
2,168,6,6,1
2,169,5,1,32
2,169,5,2,0
2,169,5,3,0
2,169,5,4,1
2,169,5,5,1
2,169,5,6,19
2,170,6,1,2
2,170,6,2,0
2,170,6,3,0
2,170,6,4,0
2,170,6,5,0
2,170,6,6,4
2,171,6,1,470
2,171,6,2,15
2,171,6,3,15
2,171,6,4,7
2,171,6,5,5
2,171,6,6,50
2,172,6,1,3
2,172,6,2,0
2,172,6,3,0
2,172,6,4,0
2,172,6,5,0
2,172,6,6,0
2,173,4,1,3223
2,173,4,2,117
2,173,4,3,242
2,173,4,4,111
2,173,4,5,65
2,173,4,6,186
2,174,4,1,6998
2,174,4,2,200
2,174,4,3,281
2,174,4,4,200
2,174,4,5,206
2,174,4,6,632
2,175,3,1,42
2,175,3,2,0
2,175,3,3,0
2,175,3,4,0
2,175,3,5,0
2,175,3,6,0
2,176,6,1,0
2,176,6,2,0
2,176,6,3,0
2,176,6,4,0
2,176,6,5,0
2,176,6,6,0
2,177,5,1,351
2,177,5,2,0
2,177,5,3,3
2,177,5,4,0
2,177,5,5,3
2,177,5,6,30
2,178,5,1,2420
2,178,5,2,22
2,178,5,3,61
2,178,5,4,44
2,178,5,5,19
2,178,5,6,130
2,179,6,1,9
2,179,6,2,0
2,179,6,3,1
2,179,6,4,0
2,179,6,5,0
2,179,6,6,3
2,180,5,1,2
2,180,5,2,0
2,180,5,3,0
2,180,5,4,0
2,180,5,5,0
2,180,5,6,0
2,181,6,1,1
2,181,6,2,0
2,181,6,3,0
2,181,6,4,0
2,181,6,5,0
2,181,6,6,1
2,182,7,1,5
2,182,7,2,0
2,182,7,3,0
2,182,7,4,0
2,182,7,5,0
2,182,7,6,0
2,183,2,1,124
2,183,2,2,0
2,183,2,3,3
2,183,2,4,0
2,183,2,5,1
2,183,2,6,1
2,184,6,1,16
2,184,6,2,0
2,184,6,3,1
2,184,6,4,0
2,184,6,5,0
2,184,6,6,0
2,185,5,1,0
2,185,5,2,0
2,185,5,3,0
2,185,5,4,0
2,185,5,5,0
2,185,5,6,0
2,186,5,1,1135
2,186,5,2,52
2,186,5,3,134
2,186,5,4,31
2,186,5,5,27
2,186,5,6,194
2,187,7,1,0
2,187,7,2,0
2,187,7,3,0
2,187,7,4,0
2,187,7,5,0
2,187,7,6,0
2,188,4,1,1104
2,188,4,2,24
2,188,4,3,22
2,188,4,4,7
2,188,4,5,23
2,188,4,6,191
2,189,6,1,5
2,189,6,2,0
2,189,6,3,0
2,189,6,4,0
2,189,6,5,2
2,189,6,6,0
2,190,3,1,4854
2,190,3,2,118
2,190,3,3,89
2,190,3,4,33
2,190,3,5,65
2,190,3,6,65
2,191,5,1,30
2,191,5,2,0
2,191,5,3,0
2,191,5,4,0
2,191,5,5,0
2,191,5,6,0
2,192,7,1,6
2,192,7,2,0
2,192,7,3,0
2,192,7,4,0
2,192,7,5,0
2,192,7,6,0
2,193,4,1,4
2,193,4,2,0
2,193,4,3,0
2,193,4,4,0
2,193,4,5,0
2,193,4,6,0
2,194,3,1,7738
2,194,3,2,3151
2,194,3,3,76
2,194,3,4,37
2,194,3,5,10629
2,194,3,6,390
2,195,5,1,217
2,195,5,2,0
2,195,5,3,0
2,195,5,4,2
2,195,5,5,1
2,195,5,6,12
2,196,5,1,2
2,196,5,2,1
2,196,5,3,0
2,196,5,4,0
2,196,5,5,5
2,196,5,6,0
2,197,6,1,15
2,197,6,2,0
2,197,6,3,0
2,197,6,4,0
2,197,6,5,0
2,197,6,6,0
2,198,6,1,11
2,198,6,2,0
2,198,6,3,0
2,198,6,4,0
2,198,6,5,0
2,198,6,6,0
3,1,5,1,4
3,1,5,2,15
3,1,5,3,0
3,1,5,4,0
3,1,5,5,0
3,1,5,6,1
3,2,4,1,28
3,2,4,2,0
3,2,4,3,1
3,2,4,4,0
3,2,4,5,0
3,2,4,6,0
3,3,4,1,26638
3,3,4,2,559
3,3,4,3,1257
3,3,4,4,1589
3,3,4,5,696
3,3,4,6,3289
3,4,4,1,43
3,4,4,2,0
3,4,4,3,0
3,4,4,4,0
3,4,4,5,0
3,4,4,6,0
3,5,6,1,12
3,5,6,2,0
3,5,6,3,0
3,5,6,4,0
3,5,6,5,0
3,5,6,6,0
3,6,2,1,11
3,6,2,2,0
3,6,2,3,0
3,6,2,4,0
3,6,2,5,0
3,6,2,6,1
3,7,5,1,87
3,7,5,2,0
3,7,5,3,2
3,7,5,4,0
3,7,5,5,3
3,7,5,6,0
3,8,6,1,14
3,8,6,2,0
3,8,6,3,0
3,8,6,4,0
3,8,6,5,1
3,8,6,6,0
3,9,3,1,46658
3,9,3,2,3846
3,9,3,3,1829
3,9,3,4,972
3,9,3,5,759
3,9,3,6,1540
3,10,5,1,54
3,10,5,2,3
3,10,5,3,0
3,10,5,4,0
3,10,5,5,0
3,10,5,6,1
3,11,2,1,66
3,11,2,2,0
3,11,2,3,0
3,11,2,4,0
3,11,2,5,0
3,11,2,6,1
3,12,7,1,8434
3,12,7,2,53
3,12,7,3,203
3,12,7,4,287
3,12,7,5,121
3,12,7,6,1876
3,13,4,1,2084
3,13,4,2,41
3,13,4,3,96
3,13,4,4,122
3,13,4,5,59
3,13,4,6,248
3,14,5,1,35
3,14,5,2,0
3,14,5,3,2
3,14,5,4,0
3,14,5,5,0
3,14,5,6,1
3,15,2,1,71
3,15,2,2,0
3,15,2,3,0
3,15,2,4,0
3,15,2,5,2
3,15,2,6,4
3,16,5,1,13
3,16,5,2,0
3,16,5,3,0
3,16,5,4,0
3,16,5,5,0
3,16,5,6,0
3,17,5,1,38
3,17,5,2,0
3,17,5,3,1
3,17,5,4,0
3,17,5,5,0
3,17,5,6,2
3,18,2,1,73
3,18,2,2,1
3,18,2,3,0
3,18,2,4,0
3,18,2,5,0
3,18,2,6,8
3,19,4,1,3213
3,19,4,2,77
3,19,4,3,114
3,19,4,4,180
3,19,4,5,93
3,19,4,6,198
3,20,2,1,222
3,20,2,2,0
3,20,2,3,3
3,20,2,4,1
3,20,2,5,1
3,20,2,6,2
3,21,4,1,138
3,21,4,2,4
3,21,4,3,6
3,21,4,4,1
3,21,4,5,2
3,21,4,6,8
3,22,6,1,4
3,22,6,2,0
3,22,6,3,0
3,22,6,4,0
3,22,6,5,0
3,22,6,6,0
3,23,2,1,8
3,23,2,2,0
3,23,2,3,0
3,23,2,4,0
3,23,2,5,0
3,23,2,6,0
3,24,5,1,1
3,24,5,2,0
3,24,5,3,0
3,24,5,4,0
3,24,5,5,0
3,24,5,6,0
3,25,3,1,8837
3,25,3,2,13217
3,25,3,3,37384
3,25,3,4,4290
3,25,3,5,252
3,25,3,6,3030
3,26,4,1,30
3,26,4,2,2
3,26,4,3,4
3,26,4,4,2
3,26,4,5,0
3,26,4,6,0
3,27,6,1,3
3,27,6,2,0
3,27,6,3,0
3,27,6,4,0
3,27,6,5,0
3,27,6,6,0
3,28,3,1,41601
3,28,3,2,1909
3,28,3,3,565
3,28,3,4,516
3,28,3,5,114
3,28,3,6,5480
3,29,5,1,2
3,29,5,2,0
3,29,5,3,0
3,29,5,4,0
3,29,5,5,0
3,29,5,6,0
3,30,4,1,746
3,30,4,2,4
3,30,4,3,20
3,30,4,4,13
3,30,4,5,18
3,30,4,6,122
3,31,6,1,2
3,31,6,2,0
3,31,6,3,0
3,31,6,4,0
3,31,6,5,0
3,31,6,6,0
3,32,6,1,1
3,32,6,2,0
3,32,6,3,0
3,32,6,4,0
3,32,6,5,1
3,32,6,6,0
3,33,6,1,5
3,33,6,2,0
3,33,6,3,0
3,33,6,4,0
3,33,6,5,0
3,33,6,6,4
3,34,5,1,2
3,34,5,2,0
3,34,5,3,0
3,34,5,4,0
3,34,5,5,0
3,34,5,6,0
3,35,6,1,16
3,35,6,2,1
3,35,6,3,0
3,35,6,4,0
3,35,6,5,1
3,35,6,6,0
3,36,1,1,31346
3,36,1,2,170
3,36,1,3,270
3,36,1,4,289
3,36,1,5,290
3,36,1,6,4302
3,37,5,1,0
3,37,5,2,0
3,37,5,3,0
3,37,5,4,0
3,37,5,5,0
3,37,5,6,0
3,38,6,1,4
3,38,6,2,0
3,38,6,3,0
3,38,6,4,0
3,38,6,5,0
3,38,6,6,0
3,39,3,1,85781
3,39,3,2,405629
3,39,3,3,699
3,39,3,4,430
3,39,3,5,2427
3,39,3,6,8712
3,40,5,1,14794
3,40,5,2,145
3,40,5,3,151
3,40,5,4,108
3,40,5,5,75
3,40,5,6,1028
3,41,4,1,97
3,41,4,2,2
3,41,4,3,4
3,41,4,4,2
3,41,4,5,0
3,41,4,6,12
3,42,3,1,53354
3,42,3,2,5314
3,42,3,3,966
3,42,3,4,350
3,42,3,5,10467
3,42,3,6,5192
3,43,6,1,0
3,43,6,2,0
3,43,6,3,0
3,43,6,4,0
3,43,6,5,0
3,43,6,6,0
3,44,6,1,3
3,44,6,2,0
3,44,6,3,0
3,44,6,4,0
3,44,6,5,1
3,44,6,6,0
3,45,5,1,3
3,45,5,2,0
3,45,5,3,0
3,45,5,4,0
3,45,5,5,0
3,45,5,6,0
3,46,5,1,8642
3,46,5,2,40
3,46,5,3,140
3,46,5,4,118
3,46,5,5,92
3,46,5,6,407
3,47,6,1,6
3,47,6,2,0
3,47,6,3,0
3,47,6,4,0
3,47,6,5,0
3,47,6,6,0
3,48,2,1,6864
3,48,2,2,25
3,48,2,3,61
3,48,2,4,26
3,48,2,5,26
3,48,2,6,275
3,49,4,1,427
3,49,4,2,2
3,49,4,3,16
3,49,4,4,9
3,49,4,5,4
3,49,4,6,53
3,50,2,1,2183
3,50,2,2,45
3,50,2,3,3
3,50,2,4,0
3,50,2,5,17
3,50,2,6,21
3,51,6,1,2
3,51,6,2,0
3,51,6,3,0
3,51,6,4,0
3,51,6,5,0
3,51,6,6,0
3,52,4,1,2891
3,52,4,2,31
3,52,4,3,189
3,52,4,4,276
3,52,4,5,392
3,52,4,6,325
3,53,6,1,0
3,53,6,2,0
3,53,6,3,0
3,53,6,4,0
3,53,6,5,0
3,53,6,6,0
3,54,2,1,35
3,54,2,2,0
3,54,2,3,0
3,54,2,4,0
3,54,2,5,0
3,54,2,6,7
3,55,3,1,22199
3,55,3,2,4109
3,55,3,3,648
3,55,3,4,241
3,55,3,5,99479
3,55,3,6,15723
3,56,1,1,254226
3,56,1,2,590
3,56,1,3,402
3,56,1,4,353
3,56,1,5,935
3,56,1,6,14589
3,57,6,1,104
3,57,6,2,0
3,57,6,3,2
3,57,6,4,0
3,57,6,5,9
3,57,6,6,12
3,58,2,1,2073
3,58,2,2,9
3,58,2,3,4
3,58,2,4,3
3,58,2,5,6
3,58,2,6,117
3,59,5,1,106
3,59,5,2,0
3,59,5,3,0
3,59,5,4,0
3,59,5,5,0
3,59,5,6,4
3,60,6,1,4
3,60,6,2,1
3,60,6,3,0
3,60,6,4,0
3,60,6,5,0
3,60,6,6,0
3,61,4,1,766
3,61,4,2,7
3,61,4,3,47
3,61,4,4,44
3,61,4,5,7
3,61,4,6,26
3,62,4,1,212
3,62,4,2,4
3,62,4,3,16
3,62,4,4,14
3,62,4,5,7
3,62,4,6,16
3,63,4,1,48541
3,63,4,2,368
3,63,4,3,475
3,63,4,4,577
3,63,4,5,446
3,63,4,6,681
3,64,4,1,222
3,64,4,2,1
3,64,4,3,9
3,64,4,4,2
3,64,4,5,2
3,64,4,6,30
3,65,6,1,12
3,65,6,2,0
3,65,6,3,0
3,65,6,4,0
3,65,6,5,0
3,65,6,6,4
3,66,4,1,42
3,66,4,2,0
3,66,4,3,0
3,66,4,4,0
3,66,4,5,0
3,66,4,6,4
3,67,7,1,5
3,67,7,2,0
3,67,7,3,0
3,67,7,4,0
3,67,7,5,0
3,67,7,6,6
3,68,5,1,1445
3,68,5,2,3
3,68,5,3,7
3,68,5,4,4
3,68,5,5,2
3,68,5,6,720
3,69,4,1,723
3,69,4,2,20
3,69,4,3,23
3,69,4,4,34
3,69,4,5,16
3,69,4,6,55
3,70,4,1,21692
3,70,4,2,598
3,70,4,3,1277
3,70,4,4,1562
3,70,4,5,701
3,70,4,6,1242
3,71,6,1,1
3,71,6,2,0
3,71,6,3,0
3,71,6,4,0
3,71,6,5,0
3,71,6,6,0
3,72,6,1,1
3,72,6,2,0
3,72,6,3,0
3,72,6,4,0
3,72,6,5,0
3,72,6,6,0
3,73,5,1,54
3,73,5,2,0
3,73,5,3,1
3,73,5,4,0
3,73,5,5,0
3,73,5,6,11
3,74,6,1,16
3,74,6,2,0
3,74,6,3,0
3,74,6,4,0
3,74,6,5,1
3,74,6,6,4
3,75,2,1,42
3,75,2,2,2
3,75,2,3,0
3,75,2,4,5
3,75,2,5,2
3,75,2,6,2
3,76,4,1,1056
3,76,4,2,8
3,76,4,3,34
3,76,4,4,54
3,76,4,5,2
3,76,4,6,66
3,77,4,1,1
3,77,4,2,0
3,77,4,3,0
3,77,4,4,0
3,77,4,5,0
3,77,4,6,0
3,78,2,1,3053
3,78,2,2,17
3,78,2,3,11
3,78,2,4,6
3,78,2,5,13
3,78,2,6,51
3,79,6,1,1
3,79,6,2,0
3,79,6,3,0
3,79,6,4,1
3,79,6,5,1
3,79,6,6,0
3,80,6,1,1
3,80,6,2,0
3,80,6,3,0
3,80,6,4,0
3,80,6,5,0
3,80,6,6,0
3,81,6,1,0
3,81,6,2,0
3,81,6,3,0
3,81,6,4,0
3,81,6,5,0
3,81,6,6,0
3,82,3,1,51
3,82,3,2,0
3,82,3,3,0
3,82,3,4,0
3,82,3,5,3
3,82,3,6,2
3,83,2,1,100
3,83,2,2,25
3,83,2,3,0
3,83,2,4,0
3,83,2,5,2
3,83,2,6,0
3,84,2,1,1525
3,84,2,2,18
3,84,2,3,3
3,84,2,4,4
3,84,2,5,15
3,84,2,6,34
3,85,5,1,1528
3,85,5,2,10
3,85,5,3,45
3,85,5,4,21
3,85,5,5,2
3,85,5,6,166
3,86,4,1,1206
3,86,4,2,15
3,86,4,3,22
3,86,4,4,53
3,86,4,5,9
3,86,4,6,63
3,87,5,1,3401
3,87,5,2,30
3,87,5,3,13
3,87,5,4,20
3,87,5,5,6
3,87,5,6,455
3,88,5,1,597
3,88,5,2,7
3,88,5,3,0
3,88,5,4,0
3,88,5,5,3
3,88,5,6,241
3,89,5,1,2
3,89,5,2,0
3,89,5,3,0
3,89,5,4,0
3,89,5,5,0
3,89,5,6,0
3,90,5,1,299
3,90,5,2,3
3,90,5,3,0
3,90,5,4,2
3,90,5,5,2
3,90,5,6,7
3,91,4,1,1699
3,91,4,2,15
3,91,4,3,71
3,91,4,4,209
3,91,4,5,104
3,91,4,6,245
3,92,7,1,3
3,92,7,2,0
3,92,7,3,0
3,92,7,4,0
3,92,7,5,0
3,92,7,6,0
3,93,4,1,208
3,93,4,2,2
3,93,4,3,2
3,93,4,4,5
3,93,4,5,7
3,93,4,6,11
3,94,5,1,10773
3,94,5,2,66
3,94,5,3,623
3,94,5,4,204
3,94,5,5,145
3,94,5,6,516
3,95,4,1,15831
3,95,4,2,132
3,95,4,3,247
3,95,4,4,257
3,95,4,5,234
3,95,4,6,399
3,96,2,1,327
3,96,2,2,0
3,96,2,3,0
3,96,2,4,0
3,96,2,5,2
3,96,2,6,14
3,97,5,1,10871
3,97,5,2,59
3,97,5,3,389
3,97,5,4,234
3,97,5,5,85
3,97,5,6,945
3,98,5,1,47
3,98,5,2,0
3,98,5,3,2
3,98,5,4,0
3,98,5,5,0
3,98,5,6,1
3,99,5,1,21
3,99,5,2,0
3,99,5,3,0
3,99,5,4,0
3,99,5,5,0
3,99,5,6,0
3,100,5,1,69
3,100,5,2,0
3,100,5,3,1
3,100,5,4,0
3,100,5,5,0
3,100,5,6,5
3,101,6,1,47
3,101,6,2,0
3,101,6,3,1
3,101,6,4,1
3,101,6,5,0
3,101,6,6,2
3,102,5,1,2
3,102,5,2,0
3,102,5,3,0
3,102,5,4,0
3,102,5,5,0
3,102,5,6,1
3,103,7,1,1
3,103,7,2,0
3,103,7,3,0
3,103,7,4,0
3,103,7,5,0
3,103,7,6,0
3,104,5,1,9
3,104,5,2,0
3,104,5,3,0
3,104,5,4,0
3,104,5,5,0
3,104,5,6,0
3,105,5,1,10
3,105,5,2,0
3,105,5,3,0
3,105,5,4,0
3,105,5,5,1
3,105,5,6,0
3,106,6,1,1
3,106,6,2,0
3,106,6,3,0
3,106,6,4,0
3,106,6,5,0
3,106,6,6,0
3,107,4,1,386
3,107,4,2,7
3,107,4,3,6
3,107,4,4,11
3,107,4,5,3
3,107,4,6,17
3,108,5,1,49
3,108,5,2,0
3,108,5,3,0
3,108,5,4,0
3,108,5,5,0
3,108,5,6,4
3,109,6,1,1
3,109,6,2,0
3,109,6,3,0
3,109,6,4,0
3,109,6,5,0
3,109,6,6,1
3,110,6,1,1
3,110,6,2,0
3,110,6,3,0
3,110,6,4,0
3,110,6,5,0
3,110,6,6,0
3,111,4,1,26
3,111,4,2,3
3,111,4,3,0
3,111,4,4,2
3,111,4,5,2
3,111,4,6,2
3,112,4,1,814
3,112,4,2,1
3,112,4,3,68
3,112,4,4,33
3,112,4,5,13
3,112,4,6,87
3,113,4,1,185
3,113,4,2,5
3,113,4,3,4
3,113,4,4,9
3,113,4,5,3
3,113,4,6,43
3,114,6,1,7
3,114,6,2,0
3,114,6,3,0
3,114,6,4,0
3,114,6,5,0
3,114,6,6,0
3,115,5,1,567
3,115,5,2,94
3,115,5,3,6
3,115,5,4,15
3,115,5,5,7
3,115,5,6,48
3,116,6,1,2
3,116,6,2,0
3,116,6,3,0
3,116,6,4,0
3,116,6,5,0
3,116,6,6,0
3,117,5,1,7
3,117,5,2,0
3,117,5,3,0
3,117,5,4,0
3,117,5,5,1
3,117,5,6,1
3,118,6,1,1
3,118,6,2,0
3,118,6,3,0
3,118,6,4,0
3,118,6,5,0
3,118,6,6,0
3,119,4,1,93
3,119,4,2,0
3,119,4,3,6
3,119,4,4,6
3,119,4,5,2
3,119,4,6,21
3,120,6,1,91
3,120,6,2,2
3,120,6,3,4
3,120,6,4,0
3,120,6,5,3
3,120,6,6,1
3,121,6,1,21
3,121,6,2,0
3,121,6,3,1
3,121,6,4,0
3,121,6,5,0
3,121,6,6,2
3,122,6,1,3
3,122,6,2,0
3,122,6,3,0
3,122,6,4,0
3,122,6,5,0
3,122,6,6,1
3,123,1,1,36922
3,123,1,2,200
3,123,1,3,164
3,123,1,4,104
3,123,1,5,116
3,123,1,6,1246
3,124,4,1,8
3,124,4,2,0
3,124,4,3,0
3,124,4,4,0
3,124,4,5,0
3,124,4,6,1
3,125,5,1,44
3,125,5,2,0
3,125,5,3,0
3,125,5,4,1
3,125,5,5,1
3,125,5,6,0
3,126,6,1,6
3,126,6,2,0
3,126,6,3,0
3,126,6,4,0
3,126,6,5,0
3,126,6,6,1
3,127,5,1,35
3,127,5,2,0
3,127,5,3,0
3,127,5,4,0
3,127,5,5,0
3,127,5,6,24
3,128,6,1,3
3,128,6,2,0
3,128,6,3,0
3,128,6,4,0
3,128,6,5,1
3,128,6,6,0
3,129,7,1,0
3,129,7,2,0
3,129,7,3,0
3,129,7,4,0
3,129,7,5,0
3,129,7,6,0
3,130,5,1,39
3,130,5,2,3
3,130,5,3,1
3,130,5,4,0
3,130,5,5,0
3,130,5,6,2
3,131,2,1,550
3,131,2,2,16
3,131,2,3,0
3,131,2,4,0
3,131,2,5,1
3,131,2,6,17
3,132,6,1,0
3,132,6,2,0
3,132,6,3,0
3,132,6,4,0
3,132,6,5,0
3,132,6,6,0
3,133,6,1,27
3,133,6,2,0
3,133,6,3,0
3,133,6,4,0
3,133,6,5,0
3,133,6,6,3
3,134,4,1,1607
3,134,4,2,52
3,134,4,3,204
3,134,4,4,70
3,134,4,5,49
3,134,4,6,215
3,135,7,1,1069
3,135,7,2,20
3,135,7,3,45
3,135,7,4,67
3,135,7,5,14
3,135,7,6,336
3,136,5,1,6
3,136,5,2,0
3,136,5,3,0
3,136,5,4,0
3,136,5,5,0
3,136,5,6,0
3,137,4,1,8747
3,137,4,2,147
3,137,4,3,305
3,137,4,4,405
3,137,4,5,223
3,137,4,6,536
3,138,5,1,69
3,138,5,2,35
3,138,5,3,3
3,138,5,4,1
3,138,5,5,1
3,138,5,6,3
3,139,5,1,7
3,139,5,2,0
3,139,5,3,0
3,139,5,4,0
3,139,5,5,0
3,139,5,6,0
3,140,2,1,7094
3,140,2,2,15
3,140,2,3,9
3,140,2,4,4
3,140,2,5,12
3,140,2,6,159
3,141,7,1,7
3,141,7,2,0
3,141,7,3,0
3,141,7,4,0
3,141,7,5,0
3,141,7,6,0
3,142,3,1,2884
3,142,3,2,319
3,142,3,3,179
3,142,3,4,21
3,142,3,5,8
3,142,3,6,92
3,143,4,1,2922
3,143,4,2,49
3,143,4,3,512
3,143,4,4,262
3,143,4,5,57
3,143,4,6,210
3,144,4,1,2421
3,144,4,2,25
3,144,4,3,47
3,144,4,4,63
3,144,4,5,34
3,144,4,6,100
3,145,2,1,484
3,145,2,2,1
3,145,2,3,2
3,145,2,4,0
3,145,2,5,1
3,145,2,6,7
3,146,4,1,19301
3,146,4,2,152
3,146,4,3,766
3,146,4,4,1349
3,146,4,5,516
3,146,4,6,4402
3,147,6,1,1
3,147,6,2,0
3,147,6,3,0
3,147,6,4,0
3,147,6,5,0
3,147,6,6,0
3,148,4,1,1642
3,148,4,2,28
3,148,4,3,91
3,148,4,4,114
3,148,4,5,20
3,148,4,6,52
3,149,2,1,3770
3,149,2,2,100
3,149,2,3,14
3,149,2,4,5
3,149,2,5,294
3,149,2,6,187
3,150,4,1,1
3,150,4,2,0
3,150,4,3,0
3,150,4,4,0
3,150,4,5,0
3,150,4,6,0
3,151,11,1,605
3,151,11,2,5
3,151,11,3,49
3,151,11,4,9
3,151,11,5,6
3,151,11,6,30
3,152,4,1,0
3,152,4,2,0
3,152,4,3,0
3,152,4,4,0
3,152,4,5,0
3,152,4,6,0
3,153,4,1,1569
3,153,4,2,17
3,153,4,3,12
3,153,4,4,9
3,153,4,5,11
3,153,4,6,116
3,154,4,1,3329
3,154,4,2,34
3,154,4,3,105
3,154,4,4,64
3,154,4,5,51
3,154,4,6,337
3,155,6,1,2
3,155,6,2,0
3,155,6,3,0
3,155,6,4,0
3,155,6,5,0
3,155,6,6,0
3,156,2,1,3
3,156,2,2,0
3,156,2,3,0
3,156,2,4,0
3,156,2,5,0
3,156,2,6,2
3,157,7,1,28
3,157,7,2,0
3,157,7,3,1
3,157,7,4,0
3,157,7,5,0
3,157,7,6,0
3,158,7,1,1
3,158,7,2,0
3,158,7,3,0
3,158,7,4,0
3,158,7,5,0
3,158,7,6,0
3,159,4,1,7
3,159,4,2,0
3,159,4,3,0
3,159,4,4,1
3,159,4,5,0
3,159,4,6,0
3,160,2,1,3
3,160,2,2,0
3,160,2,3,0
3,160,2,4,0
3,160,2,5,0
3,160,2,6,0
3,161,2,1,11
3,161,2,2,0
3,161,2,3,0
3,161,2,4,0
3,161,2,5,0
3,161,2,6,0
3,162,6,1,11
3,162,6,2,0
3,162,6,3,0
3,162,6,4,0
3,162,6,5,0
3,162,6,6,1
3,163,6,1,0
3,163,6,2,0
3,163,6,3,0
3,163,6,4,0
3,163,6,5,0
3,163,6,6,0
3,164,6,1,2
3,164,6,2,0
3,164,6,3,0
3,164,6,4,0
3,164,6,5,0
3,164,6,6,0
3,165,5,1,0
3,165,5,2,0
3,165,5,3,0
3,165,5,4,0
3,165,5,5,0
3,165,5,6,0
3,166,5,1,723
3,166,5,2,16
3,166,5,3,2
3,166,5,4,18
3,166,5,5,2
3,166,5,6,87
3,167,5,1,17
3,167,5,2,0
3,167,5,3,1
3,167,5,4,1
3,167,5,5,1
3,167,5,6,0
3,168,6,1,2
3,168,6,2,0
3,168,6,3,0
3,168,6,4,0
3,168,6,5,0
3,168,6,6,0
3,169,5,1,83
3,169,5,2,0
3,169,5,3,0
3,169,5,4,2
3,169,5,5,0
3,169,5,6,19
3,170,6,1,0
3,170,6,2,0
3,170,6,3,0
3,170,6,4,0
3,170,6,5,0
3,170,6,6,1
3,171,6,1,639
3,171,6,2,26
3,171,6,3,12
3,171,6,4,7
3,171,6,5,8
3,171,6,6,63
3,172,6,1,8
3,172,6,2,0
3,172,6,3,0
3,172,6,4,0
3,172,6,5,0
3,172,6,6,0
3,173,4,1,2885
3,173,4,2,57
3,173,4,3,167
3,173,4,4,193
3,173,4,5,72
3,173,4,6,189
3,174,4,1,6013
3,174,4,2,184
3,174,4,3,217
3,174,4,4,365
3,174,4,5,146
3,174,4,6,489
3,175,3,1,31
3,175,3,2,0
3,175,3,3,0
3,175,3,4,0
3,175,3,5,0
3,175,3,6,2
3,176,6,1,0
3,176,6,2,0
3,176,6,3,0
3,176,6,4,0
3,176,6,5,0
3,176,6,6,0
3,177,5,1,769
3,177,5,2,5
3,177,5,3,0
3,177,5,4,11
3,177,5,5,4
3,177,5,6,59
3,178,5,1,2495
3,178,5,2,22
3,178,5,3,37
3,178,5,4,46
3,178,5,5,17
3,178,5,6,127
3,179,6,1,8
3,179,6,2,0
3,179,6,3,0
3,179,6,4,0
3,179,6,5,0
3,179,6,6,1
3,180,5,1,0
3,180,5,2,0
3,180,5,3,1
3,180,5,4,0
3,180,5,5,0
3,180,5,6,0
3,181,6,1,2
3,181,6,2,0
3,181,6,3,0
3,181,6,4,0
3,181,6,5,0
3,181,6,6,0
3,182,7,1,2
3,182,7,2,0
3,182,7,3,0
3,182,7,4,0
3,182,7,5,0
3,182,7,6,0
3,183,2,1,142
3,183,2,2,0
3,183,2,3,0
3,183,2,4,1
3,183,2,5,0
3,183,2,6,7
3,184,6,1,22
3,184,6,2,0
3,184,6,3,0
3,184,6,4,0
3,184,6,5,0
3,184,6,6,0
3,185,5,1,1
3,185,5,2,0
3,185,5,3,0
3,185,5,4,0
3,185,5,5,0
3,185,5,6,0
3,186,5,1,1374
3,186,5,2,41
3,186,5,3,54
3,186,5,4,24
3,186,5,5,31
3,186,5,6,146
3,187,7,1,0
3,187,7,2,0
3,187,7,3,0
3,187,7,4,0
3,187,7,5,0
3,187,7,6,0
3,188,4,1,1110
3,188,4,2,13
3,188,4,3,16
3,188,4,4,16
3,188,4,5,31
3,188,4,6,233
3,189,6,1,13
3,189,6,2,0
3,189,6,3,0
3,189,6,4,0
3,189,6,5,0
3,189,6,6,0
3,190,3,1,5689
3,190,3,2,120
3,190,3,3,60
3,190,3,4,46
3,190,3,5,26
3,190,3,6,129
3,191,5,1,6
3,191,5,2,0
3,191,5,3,0
3,191,5,4,0
3,191,5,5,0
3,191,5,6,0
3,192,7,1,3
3,192,7,2,0
3,192,7,3,0
3,192,7,4,0
3,192,7,5,0
3,192,7,6,0
3,193,4,1,2
3,193,4,2,0
3,193,4,3,0
3,193,4,4,0
3,193,4,5,0
3,193,4,6,0
3,194,3,1,6608
3,194,3,2,2584
3,194,3,3,72
3,194,3,4,31
3,194,3,5,8445
3,194,3,6,249
3,195,5,1,183
3,195,5,2,1
3,195,5,3,5
3,195,5,4,2
3,195,5,5,0
3,195,5,6,25
3,196,5,1,2
3,196,5,2,1
3,196,5,3,0
3,196,5,4,0
3,196,5,5,3
3,196,5,6,0
3,197,6,1,10
3,197,6,2,0
3,197,6,3,0
3,197,6,4,0
3,197,6,5,0
3,197,6,6,0
3,198,6,1,17
3,198,6,2,0
3,198,6,3,0
3,198,6,4,0
3,198,6,5,0
3,198,6,6,2
4,1,5,1,5
4,1,5,2,17
4,1,5,3,1
4,1,5,4,0
4,1,5,5,0
4,1,5,6,0
4,2,4,1,37
4,2,4,2,0
4,2,4,3,1
4,2,4,4,2
4,2,4,5,0
4,2,4,6,1
4,3,4,1,22672
4,3,4,2,525
4,3,4,3,1370
4,3,4,4,1504
4,3,4,5,458
4,3,4,6,1669
4,4,4,1,54
4,4,4,2,0
4,4,4,3,0
4,4,4,4,2
4,4,4,5,0
4,4,4,6,0
4,5,6,1,9
4,5,6,2,0
4,5,6,3,0
4,5,6,4,0
4,5,6,5,0
4,5,6,6,0
4,6,2,1,9
4,6,2,2,0
4,6,2,3,0
4,6,2,4,0
4,6,2,5,0
4,6,2,6,0
4,7,5,1,100
4,7,5,2,0
4,7,5,3,2
4,7,5,4,1
4,7,5,5,0
4,7,5,6,2
4,8,6,1,41
4,8,6,2,0
4,8,6,3,0
4,8,6,4,0
4,8,6,5,0
4,8,6,6,0
4,9,3,1,44561
4,9,3,2,3687
4,9,3,3,1703
4,9,3,4,849
4,9,3,5,507
4,9,3,6,1405
4,10,5,1,126
4,10,5,2,3
4,10,5,3,2
4,10,5,4,0
4,10,5,5,1
4,10,5,6,1
4,11,2,1,92
4,11,2,2,0
4,11,2,3,0
4,11,2,4,0
4,11,2,5,0
4,11,2,6,4
4,12,7,1,8903
4,12,7,2,80
4,12,7,3,198
4,12,7,4,395
4,12,7,5,141
4,12,7,6,1082
4,13,4,1,2234
4,13,4,2,52
4,13,4,3,96
4,13,4,4,144
4,13,4,5,48
4,13,4,6,249
4,14,5,1,24
4,14,5,2,0
4,14,5,3,1
4,14,5,4,0
4,14,5,5,0
4,14,5,6,0
4,15,2,1,106
4,15,2,2,0
4,15,2,3,0
4,15,2,4,0
4,15,2,5,0
4,15,2,6,2
4,16,5,1,25
4,16,5,2,0
4,16,5,3,0
4,16,5,4,0
4,16,5,5,0
4,16,5,6,2
4,17,5,1,50
4,17,5,2,0
4,17,5,3,0
4,17,5,4,0
4,17,5,5,0
4,17,5,6,3
4,18,2,1,154
4,18,2,2,1
4,18,2,3,0
4,18,2,4,1
4,18,2,5,0
4,18,2,6,3
4,19,4,1,4498
4,19,4,2,61
4,19,4,3,177
4,19,4,4,211
4,19,4,5,74
4,19,4,6,199
4,20,2,1,165
4,20,2,2,0
4,20,2,3,2
4,20,2,4,2
4,20,2,5,6
4,20,2,6,0
4,21,4,1,209
4,21,4,2,0
4,21,4,3,11
4,21,4,4,2
4,21,4,5,1
4,21,4,6,5
4,22,6,1,2
4,22,6,2,0
4,22,6,3,0
4,22,6,4,0
4,22,6,5,2
4,22,6,6,0
4,23,2,1,8
4,23,2,2,0
4,23,2,3,0
4,23,2,4,0
4,23,2,5,0
4,23,2,6,0
4,24,5,1,4
4,24,5,2,0
4,24,5,3,0
4,24,5,4,0
4,24,5,5,0
4,24,5,6,0
4,25,3,1,8613
4,25,3,2,10920
4,25,3,3,39189
4,25,3,4,4412
4,25,3,5,155
4,25,3,6,2431
4,26,4,1,30
4,26,4,2,0
4,26,4,3,2
4,26,4,4,1
4,26,4,5,0
4,26,4,6,1
4,27,6,1,2
4,27,6,2,0
4,27,6,3,0
4,27,6,4,0
4,27,6,5,0
4,27,6,6,0
4,28,3,1,54838
4,28,3,2,2496
4,28,3,3,917
4,28,3,4,606
4,28,3,5,111
4,28,3,6,6152
4,29,5,1,7
4,29,5,2,0
4,29,5,3,0
4,29,5,4,0
4,29,5,5,0
4,29,5,6,0
4,30,4,1,767
4,30,4,2,6
4,30,4,3,35
4,30,4,4,24
4,30,4,5,45
4,30,4,6,90
4,31,6,1,7
4,31,6,2,0
4,31,6,3,0
4,31,6,4,0
4,31,6,5,0
4,31,6,6,0
4,32,6,1,1
4,32,6,2,0
4,32,6,3,0
4,32,6,4,0
4,32,6,5,0
4,32,6,6,0
4,33,6,1,3
4,33,6,2,0
4,33,6,3,0
4,33,6,4,0
4,33,6,5,0
4,33,6,6,2
4,34,5,1,4
4,34,5,2,0
4,34,5,3,0
4,34,5,4,0
4,34,5,5,0
4,34,5,6,0
4,35,6,1,22
4,35,6,2,0
4,35,6,3,0
4,35,6,4,0
4,35,6,5,0
4,35,6,6,1
4,36,1,1,26103
4,36,1,2,119
4,36,1,3,244
4,36,1,4,295
4,36,1,5,167
4,36,1,6,888
4,37,5,1,0
4,37,5,2,0
4,37,5,3,0
4,37,5,4,0
4,37,5,5,0
4,37,5,6,0
4,38,6,1,0
4,38,6,2,1
4,38,6,3,0
4,38,6,4,0
4,38,6,5,0
4,38,6,6,0
4,39,3,1,82573
4,39,3,2,314981
4,39,3,3,440
4,39,3,4,198
4,39,3,5,988
4,39,3,6,8015
4,40,5,1,10230
4,40,5,2,127
4,40,5,3,86
4,40,5,4,75
4,40,5,5,63
4,40,5,6,756
4,41,4,1,190
4,41,4,2,0
4,41,4,3,9
4,41,4,4,0
4,41,4,5,0
4,41,4,6,14
4,42,3,1,58310
4,42,3,2,4600
4,42,3,3,987
4,42,3,4,422
4,42,3,5,9090
4,42,3,6,4620
4,43,6,1,0
4,43,6,2,0
4,43,6,3,0
4,43,6,4,0
4,43,6,5,0
4,43,6,6,0
4,44,6,1,3
4,44,6,2,0
4,44,6,3,0
4,44,6,4,0
4,44,6,5,0
4,44,6,6,0
4,45,5,1,6
4,45,5,2,0
4,45,5,3,1
4,45,5,4,0
4,45,5,5,1
4,45,5,6,0
4,46,5,1,4635
4,46,5,2,42
4,46,5,3,144
4,46,5,4,95
4,46,5,5,51
4,46,5,6,245
4,47,6,1,3
4,47,6,2,0
4,47,6,3,0
4,47,6,4,0
4,47,6,5,0
4,47,6,6,0
4,48,2,1,10037
4,48,2,2,16
4,48,2,3,66
4,48,2,4,36
4,48,2,5,18
4,48,2,6,446
4,49,4,1,435
4,49,4,2,4
4,49,4,3,16
4,49,4,4,29
4,49,4,5,6
4,49,4,6,42
4,50,2,1,2232
4,50,2,2,52
4,50,2,3,2
4,50,2,4,2
4,50,2,5,23
4,50,2,6,26
4,51,6,1,1
4,51,6,2,0
4,51,6,3,0
4,51,6,4,0
4,51,6,5,0
4,51,6,6,0
4,52,4,1,2189
4,52,4,2,32
4,52,4,3,222
4,52,4,4,213
4,52,4,5,247
4,52,4,6,183
4,53,6,1,1
4,53,6,2,0
4,53,6,3,0
4,53,6,4,0
4,53,6,5,0
4,53,6,6,0
4,54,2,1,28
4,54,2,2,2
4,54,2,3,0
4,54,2,4,0
4,54,2,5,2
4,54,2,6,3
4,55,3,1,21939
4,55,3,2,3564
4,55,3,3,587
4,55,3,4,197
4,55,3,5,88821
4,55,3,6,12646
4,56,1,1,227935
4,56,1,2,571
4,56,1,3,368
4,56,1,4,329
4,56,1,5,551
4,56,1,6,4609
4,57,6,1,123
4,57,6,2,0
4,57,6,3,0
4,57,6,4,1
4,57,6,5,1
4,57,6,6,4
4,58,2,1,2932
4,58,2,2,4
4,58,2,3,9
4,58,2,4,5
4,58,2,5,5
4,58,2,6,40
4,59,5,1,85
4,59,5,2,0
4,59,5,3,1
4,59,5,4,0
4,59,5,5,0
4,59,5,6,6
4,60,6,1,4
4,60,6,2,0
4,60,6,3,0
4,60,6,4,0
4,60,6,5,0
4,60,6,6,0
4,61,4,1,1045
4,61,4,2,6
4,61,4,3,103
4,61,4,4,69
4,61,4,5,10
4,61,4,6,69
4,62,4,1,742
4,62,4,2,5
4,62,4,3,3
4,62,4,4,25
4,62,4,5,3
4,62,4,6,15
4,63,4,1,44907
4,63,4,2,332
4,63,4,3,372
4,63,4,4,371
4,63,4,5,345
4,63,4,6,992
4,64,4,1,167
4,64,4,2,2
4,64,4,3,9
4,64,4,4,6
4,64,4,5,1
4,64,4,6,16
4,65,6,1,4
4,65,6,2,0
4,65,6,3,0
4,65,6,4,0
4,65,6,5,0
4,65,6,6,2
4,66,4,1,47
4,66,4,2,1
4,66,4,3,1
4,66,4,4,1
4,66,4,5,0
4,66,4,6,5
4,67,7,1,18
4,67,7,2,0
4,67,7,3,0
4,67,7,4,0
4,67,7,5,0
4,67,7,6,0
4,68,5,1,1306
4,68,5,2,0
4,68,5,3,18
4,68,5,4,9
4,68,5,5,8
4,68,5,6,425
4,69,4,1,696
4,69,4,2,13
4,69,4,3,18
4,69,4,4,41
4,69,4,5,11
4,69,4,6,40
4,70,4,1,30256
4,70,4,2,583
4,70,4,3,1801
4,70,4,4,1978
4,70,4,5,569
4,70,4,6,1614
4,71,6,1,1
4,71,6,2,0
4,71,6,3,0
4,71,6,4,0
4,71,6,5,0
4,71,6,6,0
4,72,6,1,0
4,72,6,2,0
4,72,6,3,0
4,72,6,4,0
4,72,6,5,0
4,72,6,6,0
4,73,5,1,60
4,73,5,2,0
4,73,5,3,1
4,73,5,4,0
4,73,5,5,0
4,73,5,6,4
4,74,6,1,23
4,74,6,2,0
4,74,6,3,0
4,74,6,4,0
4,74,6,5,5
4,74,6,6,4
4,75,2,1,44
4,75,2,2,0
4,75,2,3,5
4,75,2,4,1
4,75,2,5,0
4,75,2,6,2
4,76,4,1,1449
4,76,4,2,5
4,76,4,3,63
4,76,4,4,66
4,76,4,5,4
4,76,4,6,60
4,77,4,1,0
4,77,4,2,0
4,77,4,3,0
4,77,4,4,0
4,77,4,5,0
4,77,4,6,0
4,78,2,1,3722
4,78,2,2,14
4,78,2,3,15
4,78,2,4,21
4,78,2,5,22
4,78,2,6,63
4,79,6,1,1
4,79,6,2,0
4,79,6,3,0
4,79,6,4,0
4,79,6,5,0
4,79,6,6,0
4,80,6,1,0
4,80,6,2,0
4,80,6,3,0
4,80,6,4,0
4,80,6,5,0
4,80,6,6,0
4,81,6,1,2
4,81,6,2,0
4,81,6,3,0
4,81,6,4,0
4,81,6,5,0
4,81,6,6,0
4,82,3,1,66
4,82,3,2,0
4,82,3,3,1
4,82,3,4,0
4,82,3,5,0
4,82,3,6,1
4,83,2,1,69
4,83,2,2,34
4,83,2,3,0
4,83,2,4,0
4,83,2,5,1
4,83,2,6,3
4,84,2,1,1742
4,84,2,2,10
4,84,2,3,9
4,84,2,4,3
4,84,2,5,12
4,84,2,6,38
4,85,5,1,903
4,85,5,2,10
4,85,5,3,77
4,85,5,4,38
4,85,5,5,1
4,85,5,6,52
4,86,4,1,1172
4,86,4,2,3
4,86,4,3,100
4,86,4,4,74
4,86,4,5,6
4,86,4,6,40
4,87,5,1,3156
4,87,5,2,25
4,87,5,3,7
4,87,5,4,9
4,87,5,5,8
4,87,5,6,349
4,88,5,1,551
4,88,5,2,13
4,88,5,3,2
4,88,5,4,1
4,88,5,5,1
4,88,5,6,184
4,89,5,1,10
4,89,5,2,0
4,89,5,3,0
4,89,5,4,0
4,89,5,5,0
4,89,5,6,0
4,90,5,1,96
4,90,5,2,0
4,90,5,3,4
4,90,5,4,4
4,90,5,5,1
4,90,5,6,0
4,91,4,1,1930
4,91,4,2,18
4,91,4,3,155
4,91,4,4,231
4,91,4,5,78
4,91,4,6,161
4,92,7,1,1
4,92,7,2,0
4,92,7,3,0
4,92,7,4,0
4,92,7,5,0
4,92,7,6,0
4,93,4,1,221
4,93,4,2,1
4,93,4,3,4
4,93,4,4,1
4,93,4,5,6
4,93,4,6,14
4,94,5,1,9005
4,94,5,2,54
4,94,5,3,1104
4,94,5,4,319
4,94,5,5,118
4,94,5,6,520
4,95,4,1,17887
4,95,4,2,125
4,95,4,3,422
4,95,4,4,335
4,95,4,5,136
4,95,4,6,635
4,96,2,1,288
4,96,2,2,0
4,96,2,3,1
4,96,2,4,1
4,96,2,5,0
4,96,2,6,1
4,97,5,1,7801
4,97,5,2,36
4,97,5,3,83
4,97,5,4,110
4,97,5,5,37
4,97,5,6,337
4,98,5,1,36
4,98,5,2,1
4,98,5,3,0
4,98,5,4,0
4,98,5,5,0
4,98,5,6,2
4,99,5,1,22
4,99,5,2,0
4,99,5,3,0
4,99,5,4,0
4,99,5,5,0
4,99,5,6,2
4,100,5,1,101
4,100,5,2,0
4,100,5,3,0
4,100,5,4,0
4,100,5,5,0
4,100,5,6,1
4,101,6,1,47
4,101,6,2,1
4,101,6,3,1
4,101,6,4,1
4,101,6,5,0
4,101,6,6,1
4,102,5,1,8
4,102,5,2,0
4,102,5,3,0
4,102,5,4,0
4,102,5,5,0
4,102,5,6,0
4,103,7,1,1
4,103,7,2,0
4,103,7,3,0
4,103,7,4,0
4,103,7,5,0
4,103,7,6,1
4,104,5,1,43
4,104,5,2,0
4,104,5,3,1
4,104,5,4,0
4,104,5,5,0
4,104,5,6,0
4,105,5,1,0
4,105,5,2,0
4,105,5,3,0
4,105,5,4,0
4,105,5,5,0
4,105,5,6,0
4,106,6,1,4
4,106,6,2,0
4,106,6,3,0
4,106,6,4,0
4,106,6,5,0
4,106,6,6,0
4,107,4,1,369
4,107,4,2,1
4,107,4,3,11
4,107,4,4,9
4,107,4,5,4
4,107,4,6,8
4,108,5,1,90
4,108,5,2,0
4,108,5,3,0
4,108,5,4,0
4,108,5,5,2
4,108,5,6,4
4,109,6,1,5
4,109,6,2,0
4,109,6,3,0
4,109,6,4,0
4,109,6,5,0
4,109,6,6,0
4,110,6,1,3
4,110,6,2,0
4,110,6,3,0
4,110,6,4,0
4,110,6,5,0
4,110,6,6,0
4,111,4,1,42
4,111,4,2,0
4,111,4,3,3
4,111,4,4,1
4,111,4,5,0
4,111,4,6,0
4,112,4,1,549
4,112,4,2,7
4,112,4,3,16
4,112,4,4,40
4,112,4,5,1
4,112,4,6,39
4,113,4,1,296
4,113,4,2,3
4,113,4,3,3
4,113,4,4,6
4,113,4,5,1
4,113,4,6,13
4,114,6,1,3
4,114,6,2,1
4,114,6,3,0
4,114,6,4,0
4,114,6,5,1
4,114,6,6,0
4,115,5,1,688
4,115,5,2,22
4,115,5,3,25
4,115,5,4,11
4,115,5,5,5
4,115,5,6,34
4,116,6,1,2
4,116,6,2,0
4,116,6,3,0
4,116,6,4,0
4,116,6,5,0
4,116,6,6,0
4,117,5,1,5
4,117,5,2,0
4,117,5,3,0
4,117,5,4,0
4,117,5,5,0
4,117,5,6,0
4,118,6,1,4
4,118,6,2,0
4,118,6,3,0
4,118,6,4,0
4,118,6,5,0
4,118,6,6,0
4,119,4,1,101
4,119,4,2,3
4,119,4,3,0
4,119,4,4,3
4,119,4,5,3
4,119,4,6,8
4,120,6,1,118
4,120,6,2,2
4,120,6,3,0
4,120,6,4,2
4,120,6,5,0
4,120,6,6,4
4,121,6,1,17
4,121,6,2,0
4,121,6,3,0
4,121,6,4,1
4,121,6,5,0
4,121,6,6,5
4,122,6,1,3
4,122,6,2,0
4,122,6,3,0
4,122,6,4,0
4,122,6,5,0
4,122,6,6,0
4,123,1,1,43886
4,123,1,2,196
4,123,1,3,281
4,123,1,4,129
4,123,1,5,127
4,123,1,6,995
4,124,4,1,4
4,124,4,2,0
4,124,4,3,0
4,124,4,4,0
4,124,4,5,0
4,124,4,6,0
4,125,5,1,87
4,125,5,2,0
4,125,5,3,1
4,125,5,4,0
4,125,5,5,0
4,125,5,6,0
4,126,6,1,6
4,126,6,2,0
4,126,6,3,0
4,126,6,4,0
4,126,6,5,0
4,126,6,6,0
4,127,5,1,36
4,127,5,2,0
4,127,5,3,0
4,127,5,4,0
4,127,5,5,0
4,127,5,6,20
4,128,6,1,4
4,128,6,2,0
4,128,6,3,0
4,128,6,4,1
4,128,6,5,0
4,128,6,6,0
4,129,7,1,6
4,129,7,2,0
4,129,7,3,0
4,129,7,4,0
4,129,7,5,0
4,129,7,6,0
4,130,5,1,37
4,130,5,2,2
4,130,5,3,1
4,130,5,4,0
4,130,5,5,0
4,130,5,6,0
4,131,2,1,437
4,131,2,2,10
4,131,2,3,1
4,131,2,4,0
4,131,2,5,1
4,131,2,6,3
4,132,6,1,3
4,132,6,2,0
4,132,6,3,0
4,132,6,4,0
4,132,6,5,0
4,132,6,6,0
4,133,6,1,31
4,133,6,2,0
4,133,6,3,0
4,133,6,4,0
4,133,6,5,0
4,133,6,6,0
4,134,4,1,1504
4,134,4,2,36
4,134,4,3,83
4,134,4,4,81
4,134,4,5,38
4,134,4,6,111
4,135,7,1,1754
4,135,7,2,28
4,135,7,3,38
4,135,7,4,111
4,135,7,5,20
4,135,7,6,155
4,136,5,1,4
4,136,5,2,0
4,136,5,3,0
4,136,5,4,0
4,136,5,5,0
4,136,5,6,1
4,137,4,1,10402
4,137,4,2,146
4,137,4,3,376
4,137,4,4,523
4,137,4,5,201
4,137,4,6,412
4,138,5,1,58
4,138,5,2,46
4,138,5,3,1
4,138,5,4,1
4,138,5,5,1
4,138,5,6,4
4,139,5,1,9
4,139,5,2,0
4,139,5,3,0
4,139,5,4,0
4,139,5,5,0
4,139,5,6,0
4,140,2,1,6830
4,140,2,2,17
4,140,2,3,7
4,140,2,4,3
4,140,2,5,13
4,140,2,6,109
4,141,7,1,6
4,141,7,2,0
4,141,7,3,0
4,141,7,4,0
4,141,7,5,0
4,141,7,6,0
4,142,3,1,3188
4,142,3,2,307
4,142,3,3,378
4,142,3,4,82
4,142,3,5,12
4,142,3,6,89
4,143,4,1,4549
4,143,4,2,40
4,143,4,3,443
4,143,4,4,382
4,143,4,5,40
4,143,4,6,175
4,144,4,1,3688
4,144,4,2,27
4,144,4,3,105
4,144,4,4,105
4,144,4,5,31
4,144,4,6,113
4,145,2,1,625
4,145,2,2,3
4,145,2,3,1
4,145,2,4,0
4,145,2,5,1
4,145,2,6,20
4,146,4,1,21195
4,146,4,2,176
4,146,4,3,1017
4,146,4,4,1629
4,146,4,5,490
4,146,4,6,2127
4,147,6,1,2
4,147,6,2,0
4,147,6,3,0
4,147,6,4,0
4,147,6,5,0
4,147,6,6,0
4,148,4,1,2407
4,148,4,2,27
4,148,4,3,162
4,148,4,4,130
4,148,4,5,19
4,148,4,6,87
4,149,2,1,4922
4,149,2,2,76
4,149,2,3,16
4,149,2,4,2
4,149,2,5,210
4,149,2,6,99
4,150,4,1,3
4,150,4,2,0
4,150,4,3,0
4,150,4,4,0
4,150,4,5,0
4,150,4,6,2
4,151,11,1,668
4,151,11,2,3
4,151,11,3,21
4,151,11,4,28
4,151,11,5,8
4,151,11,6,30
4,152,4,1,0
4,152,4,2,0
4,152,4,3,0
4,152,4,4,0
4,152,4,5,0
4,152,4,6,0
4,153,4,1,2233
4,153,4,2,11
4,153,4,3,40
4,153,4,4,42
4,153,4,5,13
4,153,4,6,73
4,154,4,1,3293
4,154,4,2,37
4,154,4,3,72
4,154,4,4,43
4,154,4,5,54
4,154,4,6,171
4,155,6,1,5
4,155,6,2,0
4,155,6,3,0
4,155,6,4,0
4,155,6,5,0
4,155,6,6,0
4,156,2,1,3
4,156,2,2,0
4,156,2,3,0
4,156,2,4,0
4,156,2,5,0
4,156,2,6,0
4,157,7,1,21
4,157,7,2,0
4,157,7,3,1
4,157,7,4,1
4,157,7,5,0
4,157,7,6,1
4,158,7,1,3
4,158,7,2,0
4,158,7,3,0
4,158,7,4,0
4,158,7,5,0
4,158,7,6,0
4,159,4,1,7
4,159,4,2,0
4,159,4,3,0
4,159,4,4,0
4,159,4,5,0
4,159,4,6,1
4,160,2,1,5
4,160,2,2,0
4,160,2,3,0
4,160,2,4,0
4,160,2,5,0
4,160,2,6,0
4,161,2,1,17
4,161,2,2,0
4,161,2,3,0
4,161,2,4,0
4,161,2,5,0
4,161,2,6,0
4,162,6,1,13
4,162,6,2,0
4,162,6,3,0
4,162,6,4,0
4,162,6,5,0
4,162,6,6,2
4,163,6,1,2
4,163,6,2,0
4,163,6,3,0
4,163,6,4,0
4,163,6,5,0
4,163,6,6,0
4,164,6,1,0
4,164,6,2,0
4,164,6,3,0
4,164,6,4,0
4,164,6,5,0
4,164,6,6,0
4,165,5,1,0
4,165,5,2,0
4,165,5,3,0
4,165,5,4,0
4,165,5,5,0
4,165,5,6,0
4,166,5,1,765
4,166,5,2,5
4,166,5,3,3
4,166,5,4,15
4,166,5,5,2
4,166,5,6,102
4,167,5,1,15
4,167,5,2,0
4,167,5,3,2
4,167,5,4,0
4,167,5,5,0
4,167,5,6,0
4,168,6,1,2
4,168,6,2,0
4,168,6,3,0
4,168,6,4,0
4,168,6,5,0
4,168,6,6,0
4,169,5,1,55
4,169,5,2,0
4,169,5,3,0
4,169,5,4,0
4,169,5,5,0
4,169,5,6,6
4,170,6,1,1
4,170,6,2,0
4,170,6,3,0
4,170,6,4,0
4,170,6,5,0
4,170,6,6,0
4,171,6,1,729
4,171,6,2,23
4,171,6,3,12
4,171,6,4,15
4,171,6,5,8
4,171,6,6,31
4,172,6,1,5
4,172,6,2,0
4,172,6,3,0
4,172,6,4,0
4,172,6,5,0
4,172,6,6,1
4,173,4,1,2472
4,173,4,2,51
4,173,4,3,107
4,173,4,4,89
4,173,4,5,41
4,173,4,6,128
4,174,4,1,6978
4,174,4,2,111
4,174,4,3,340
4,174,4,4,406
4,174,4,5,158
4,174,4,6,485
4,175,3,1,34
4,175,3,2,0
4,175,3,3,0
4,175,3,4,0
4,175,3,5,0
4,175,3,6,0
4,176,6,1,0
4,176,6,2,0
4,176,6,3,0
4,176,6,4,0
4,176,6,5,0
4,176,6,6,0
4,177,5,1,901
4,177,5,2,5
4,177,5,3,29
4,177,5,4,9
4,177,5,5,4
4,177,5,6,82
4,178,5,1,1941
4,178,5,2,26
4,178,5,3,12
4,178,5,4,53
4,178,5,5,5
4,178,5,6,95
4,179,6,1,8
4,179,6,2,0
4,179,6,3,0
4,179,6,4,0
4,179,6,5,0
4,179,6,6,0
4,180,5,1,0
4,180,5,2,0
4,180,5,3,1
4,180,5,4,0
4,180,5,5,0
4,180,5,6,0
4,181,6,1,2
4,181,6,2,0
4,181,6,3,0
4,181,6,4,0
4,181,6,5,0
4,181,6,6,0
4,182,7,1,0
4,182,7,2,0
4,182,7,3,0
4,182,7,4,0
4,182,7,5,0
4,182,7,6,0
4,183,2,1,191
4,183,2,2,0
4,183,2,3,0
4,183,2,4,0
4,183,2,5,2
4,183,2,6,2
4,184,6,1,34
4,184,6,2,0
4,184,6,3,0
4,184,6,4,0
4,184,6,5,0
4,184,6,6,1
4,185,5,1,11
4,185,5,2,0
4,185,5,3,0
4,185,5,4,0
4,185,5,5,0
4,185,5,6,0
4,186,5,1,1269
4,186,5,2,25
4,186,5,3,134
4,186,5,4,59
4,186,5,5,26
4,186,5,6,70
4,187,7,1,0
4,187,7,2,0
4,187,7,3,0
4,187,7,4,0
4,187,7,5,0
4,187,7,6,0
4,188,4,1,915
4,188,4,2,14
4,188,4,3,25
4,188,4,4,18
4,188,4,5,23
4,188,4,6,144
4,189,6,1,9
4,189,6,2,0
4,189,6,3,1
4,189,6,4,0
4,189,6,5,2
4,189,6,6,0
4,190,3,1,6056
4,190,3,2,257
4,190,3,3,147
4,190,3,4,73
4,190,3,5,36
4,190,3,6,496
4,191,5,1,36
4,191,5,2,0
4,191,5,3,1
4,191,5,4,0
4,191,5,5,0
4,191,5,6,2
4,192,7,1,4
4,192,7,2,0
4,192,7,3,1
4,192,7,4,0
4,192,7,5,0
4,192,7,6,0
4,193,4,1,0
4,193,4,2,0
4,193,4,3,0
4,193,4,4,0
4,193,4,5,0
4,193,4,6,0
4,194,3,1,6098
4,194,3,2,3647
4,194,3,3,74
4,194,3,4,30
4,194,3,5,4478
4,194,3,6,144
4,195,5,1,265
4,195,5,2,0
4,195,5,3,2
4,195,5,4,10
4,195,5,5,0
4,195,5,6,15
4,196,5,1,2
4,196,5,2,1
4,196,5,3,0
4,196,5,4,0
4,196,5,5,0
4,196,5,6,0
4,197,6,1,13
4,197,6,2,0
4,197,6,3,0
4,197,6,4,0
4,197,6,5,0
4,197,6,6,0
4,198,6,1,16
4,198,6,2,0
4,198,6,3,0
4,198,6,4,0
4,198,6,5,0
4,198,6,6,0
5,1,5,1,12
5,1,5,2,15
5,1,5,3,1
5,1,5,4,0
5,1,5,5,0
5,1,5,6,0
5,2,4,1,32
5,2,4,2,0
5,2,4,3,0
5,2,4,4,0
5,2,4,5,0
5,2,4,6,1
5,3,4,1,18750
5,3,4,2,358
5,3,4,3,1053
5,3,4,4,1839
5,3,4,5,456
5,3,4,6,758
5,4,4,1,47
5,4,4,2,2
5,4,4,3,0
5,4,4,4,0
5,4,4,5,0
5,4,4,6,3
5,5,6,1,8
5,5,6,2,0
5,5,6,3,0
5,5,6,4,0
5,5,6,5,0
5,5,6,6,0
5,6,2,1,20
5,6,2,2,0
5,6,2,3,0
5,6,2,4,0
5,6,2,5,0
5,6,2,6,1
5,7,5,1,126
5,7,5,2,0
5,7,5,3,2
5,7,5,4,1
5,7,5,5,0
5,7,5,6,1
5,8,6,1,22
5,8,6,2,0
5,8,6,3,0
5,8,6,4,1
5,8,6,5,0
5,8,6,6,0
5,9,3,1,44557
5,9,3,2,3964
5,9,3,3,1592
5,9,3,4,1075
5,9,3,5,547
5,9,3,6,1198
5,10,5,1,57
5,10,5,2,8
5,10,5,3,0
5,10,5,4,1
5,10,5,5,1
5,10,5,6,1
5,11,2,1,74
5,11,2,2,0
5,11,2,3,0
5,11,2,4,0
5,11,2,5,0
5,11,2,6,12
5,12,7,1,9108
5,12,7,2,58
5,12,7,3,266
5,12,7,4,427
5,12,7,5,178
5,12,7,6,789
5,13,4,1,2166
5,13,4,2,40
5,13,4,3,159
5,13,4,4,163
5,13,4,5,57
5,13,4,6,98
5,14,5,1,12
5,14,5,2,0
5,14,5,3,1
5,14,5,4,0
5,14,5,5,0
5,14,5,6,0
5,15,2,1,70
5,15,2,2,3
5,15,2,3,0
5,15,2,4,0
5,15,2,5,0
5,15,2,6,1
5,16,5,1,31
5,16,5,2,0
5,16,5,3,0
5,16,5,4,0
5,16,5,5,0
5,16,5,6,0
5,17,5,1,63
5,17,5,2,0
5,17,5,3,0
5,17,5,4,0
5,17,5,5,0
5,17,5,6,3
5,18,2,1,128
5,18,2,2,0
5,18,2,3,0
5,18,2,4,1
5,18,2,5,0
5,18,2,6,0
5,19,4,1,4008
5,19,4,2,51
5,19,4,3,178
5,19,4,4,317
5,19,4,5,97
5,19,4,6,89
5,20,2,1,208
5,20,2,2,0
5,20,2,3,8
5,20,2,4,1
5,20,2,5,2
5,20,2,6,0
5,21,4,1,136
5,21,4,2,0
5,21,4,3,8
5,21,4,4,3
5,21,4,5,1
5,21,4,6,1
5,22,6,1,1
5,22,6,2,0
5,22,6,3,0
5,22,6,4,0
5,22,6,5,0
5,22,6,6,0
5,23,2,1,10
5,23,2,2,0
5,23,2,3,0
5,23,2,4,0
5,23,2,5,0
5,23,2,6,0
5,24,5,1,3
5,24,5,2,0
5,24,5,3,0
5,24,5,4,0
5,24,5,5,0
5,24,5,6,1
5,25,3,1,8257
5,25,3,2,11299
5,25,3,3,41589
5,25,3,4,4075
5,25,3,5,174
5,25,3,6,2264
5,26,4,1,25
5,26,4,2,1
5,26,4,3,3
5,26,4,4,2
5,26,4,5,0
5,26,4,6,0
5,27,6,1,8
5,27,6,2,0
5,27,6,3,0
5,27,6,4,0
5,27,6,5,0
5,27,6,6,0
5,28,3,1,61641
5,28,3,2,2421
5,28,3,3,800
5,28,3,4,872
5,28,3,5,122
5,28,3,6,5564
5,29,5,1,9
5,29,5,2,0
5,29,5,3,0
5,29,5,4,0
5,29,5,5,0
5,29,5,6,3
5,30,4,1,794
5,30,4,2,2
5,30,4,3,20
5,30,4,4,34
5,30,4,5,5
5,30,4,6,24
5,31,6,1,2
5,31,6,2,0
5,31,6,3,0
5,31,6,4,0
5,31,6,5,0
5,31,6,6,0
5,32,6,1,0
5,32,6,2,0
5,32,6,3,0
5,32,6,4,0
5,32,6,5,0
5,32,6,6,0
5,33,6,1,8
5,33,6,2,0
5,33,6,3,0
5,33,6,4,0
5,33,6,5,1
5,33,6,6,1
5,34,5,1,3
5,34,5,2,0
5,34,5,3,0
5,34,5,4,0
5,34,5,5,0
5,34,5,6,0
5,35,6,1,8
5,35,6,2,1
5,35,6,3,0
5,35,6,4,0
5,35,6,5,1
5,35,6,6,0
5,36,1,1,28952
5,36,1,2,124
5,36,1,3,306
5,36,1,4,369
5,36,1,5,156
5,36,1,6,811
5,37,5,1,0
5,37,5,2,0
5,37,5,3,0
5,37,5,4,0
5,37,5,5,0
5,37,5,6,0
5,38,6,1,0
5,38,6,2,0
5,38,6,3,0
5,38,6,4,0
5,38,6,5,0
5,38,6,6,0
5,39,3,1,86621
5,39,3,2,347559
5,39,3,3,543
5,39,3,4,209
5,39,3,5,686
5,39,3,6,9199
5,40,5,1,11812
5,40,5,2,136
5,40,5,3,42
5,40,5,4,57
5,40,5,5,68
5,40,5,6,795
5,41,4,1,102
5,41,4,2,0
5,41,4,3,2
5,41,4,4,3
5,41,4,5,0
5,41,4,6,3
5,42,3,1,55931
5,42,3,2,4969
5,42,3,3,1076
5,42,3,4,402
5,42,3,5,9334
5,42,3,6,3938
5,43,6,1,0
5,43,6,2,0
5,43,6,3,0
5,43,6,4,0
5,43,6,5,0
5,43,6,6,0
5,44,6,1,5
5,44,6,2,1
5,44,6,3,0
5,44,6,4,0
5,44,6,5,0
5,44,6,6,0
5,45,5,1,2
5,45,5,2,0
5,45,5,3,0
5,45,5,4,0
5,45,5,5,0
5,45,5,6,0
5,46,5,1,3730
5,46,5,2,38
5,46,5,3,86
5,46,5,4,101
5,46,5,5,66
5,46,5,6,177
5,47,6,1,2
5,47,6,2,0
5,47,6,3,0
5,47,6,4,0
5,47,6,5,0
5,47,6,6,0
5,48,2,1,7414
5,48,2,2,20
5,48,2,3,59
5,48,2,4,34
5,48,2,5,18
5,48,2,6,317
5,49,4,1,382
5,49,4,2,6
5,49,4,3,5
5,49,4,4,18
5,49,4,5,3
5,49,4,6,38
5,50,2,1,1725
5,50,2,2,39
5,50,2,3,0
5,50,2,4,2
5,50,2,5,30
5,50,2,6,28
5,51,6,1,3
5,51,6,2,0
5,51,6,3,0
5,51,6,4,0
5,51,6,5,0
5,51,6,6,0
5,52,4,1,1327
5,52,4,2,10
5,52,4,3,132
5,52,4,4,155
5,52,4,5,178
5,52,4,6,123
5,53,6,1,0
5,53,6,2,0
5,53,6,3,0
5,53,6,4,0
5,53,6,5,0
5,53,6,6,0
5,54,2,1,27
5,54,2,2,3
5,54,2,3,0
5,54,2,4,0
5,54,2,5,0
5,54,2,6,7
5,55,3,1,20577
5,55,3,2,3397
5,55,3,3,710
5,55,3,4,169
5,55,3,5,75834
5,55,3,6,13011
5,56,1,1,265630
5,56,1,2,466
5,56,1,3,396
5,56,1,4,425
5,56,1,5,693
5,56,1,6,5188
5,57,6,1,96
5,57,6,2,0
5,57,6,3,0
5,57,6,4,0
5,57,6,5,6
5,57,6,6,3
5,58,2,1,2434
5,58,2,2,2
5,58,2,3,9
5,58,2,4,3
5,58,2,5,3
5,58,2,6,35
5,59,5,1,109
5,59,5,2,0
5,59,5,3,1
5,59,5,4,0
5,59,5,5,0
5,59,5,6,2
5,60,6,1,3
5,60,6,2,0
5,60,6,3,0
5,60,6,4,0
5,60,6,5,0
5,60,6,6,0
5,61,4,1,503
5,61,4,2,11
5,61,4,3,62
5,61,4,4,48
5,61,4,5,6
5,61,4,6,22
5,62,4,1,284
5,62,4,2,22
5,62,4,3,26
5,62,4,4,13
5,62,4,5,2
5,62,4,6,13
5,63,4,1,41092
5,63,4,2,314
5,63,4,3,401
5,63,4,4,497
5,63,4,5,301
5,63,4,6,420
5,64,4,1,185
5,64,4,2,3
5,64,4,3,5
5,64,4,4,10
5,64,4,5,0
5,64,4,6,11
5,65,6,1,16
5,65,6,2,0
5,65,6,3,0
5,65,6,4,0
5,65,6,5,0
5,65,6,6,2
5,66,4,1,41
5,66,4,2,1
5,66,4,3,3
5,66,4,4,0
5,66,4,5,0
5,66,4,6,1
5,67,7,1,20
5,67,7,2,0
5,67,7,3,0
5,67,7,4,0
5,67,7,5,0
5,67,7,6,2
5,68,5,1,1355
5,68,5,2,1
5,68,5,3,8
5,68,5,4,12
5,68,5,5,5
5,68,5,6,443
5,69,4,1,504
5,69,4,2,5
5,69,4,3,13
5,69,4,4,36
5,69,4,5,5
5,69,4,6,25
5,70,4,1,29069
5,70,4,2,487
5,70,4,3,2369
5,70,4,4,3255
5,70,4,5,635
5,70,4,6,1037
5,71,6,1,2
5,71,6,2,0
5,71,6,3,0
5,71,6,4,0
5,71,6,5,0
5,71,6,6,0
5,72,6,1,0
5,72,6,2,0
5,72,6,3,0
5,72,6,4,0
5,72,6,5,0
5,72,6,6,0
5,73,5,1,50
5,73,5,2,0
5,73,5,3,0
5,73,5,4,0
5,73,5,5,0
5,73,5,6,5
5,74,6,1,19
5,74,6,2,0
5,74,6,3,0
5,74,6,4,0
5,74,6,5,0
5,74,6,6,2
5,75,2,1,41
5,75,2,2,0
5,75,2,3,1
5,75,2,4,6
5,75,2,5,0
5,75,2,6,1
5,76,4,1,939
5,76,4,2,3
5,76,4,3,39
5,76,4,4,31
5,76,4,5,8
5,76,4,6,54
5,77,4,1,0
5,77,4,2,0
5,77,4,3,0
5,77,4,4,0
5,77,4,5,0
5,77,4,6,0
5,78,2,1,3604
5,78,2,2,12
5,78,2,3,5
5,78,2,4,4
5,78,2,5,22
5,78,2,6,68
5,79,6,1,8
5,79,6,2,0
5,79,6,3,0
5,79,6,4,0
5,79,6,5,0
5,79,6,6,0
5,80,6,1,1
5,80,6,2,0
5,80,6,3,0
5,80,6,4,0
5,80,6,5,0
5,80,6,6,0
5,81,6,1,5
5,81,6,2,0
5,81,6,3,0
5,81,6,4,0
5,81,6,5,0
5,81,6,6,0
5,82,3,1,52
5,82,3,2,0
5,82,3,3,3
5,82,3,4,1
5,82,3,5,0
5,82,3,6,1
5,83,2,1,55
5,83,2,2,37
5,83,2,3,0
5,83,2,4,0
5,83,2,5,0
5,83,2,6,0
5,84,2,1,1482
5,84,2,2,18
5,84,2,3,11
5,84,2,4,1
5,84,2,5,19
5,84,2,6,19
5,85,5,1,818
5,85,5,2,6
5,85,5,3,13
5,85,5,4,28
5,85,5,5,13
5,85,5,6,93
5,86,4,1,983
5,86,4,2,12
5,86,4,3,41
5,86,4,4,46
5,86,4,5,9
5,86,4,6,29
5,87,5,1,4344
5,87,5,2,22
5,87,5,3,19
5,87,5,4,12
5,87,5,5,5
5,87,5,6,336
5,88,5,1,595
5,88,5,2,8
5,88,5,3,2
5,88,5,4,1
5,88,5,5,2
5,88,5,6,264
5,89,5,1,4
5,89,5,2,0
5,89,5,3,0
5,89,5,4,0
5,89,5,5,0
5,89,5,6,0
5,90,5,1,81
5,90,5,2,2
5,90,5,3,1
5,90,5,4,0
5,90,5,5,2
5,90,5,6,5
5,91,4,1,1961
5,91,4,2,15
5,91,4,3,170
5,91,4,4,235
5,91,4,5,83
5,91,4,6,160
5,92,7,1,0
5,92,7,2,0
5,92,7,3,0
5,92,7,4,0
5,92,7,5,0
5,92,7,6,0
5,93,4,1,234
5,93,4,2,0
5,93,4,3,0
5,93,4,4,3
5,93,4,5,0
5,93,4,6,20
5,94,5,1,4782
5,94,5,2,77
5,94,5,3,1155
5,94,5,4,349
5,94,5,5,120
5,94,5,6,216
5,95,4,1,16802
5,95,4,2,95
5,95,4,3,273
5,95,4,4,367
5,95,4,5,139
5,95,4,6,281
5,96,2,1,438
5,96,2,2,0
5,96,2,3,1
5,96,2,4,1
5,96,2,5,0
5,96,2,6,1
5,97,5,1,6791
5,97,5,2,44
5,97,5,3,81
5,97,5,4,121
5,97,5,5,40
5,97,5,6,306
5,98,5,1,21
5,98,5,2,1
5,98,5,3,1
5,98,5,4,0
5,98,5,5,1
5,98,5,6,0
5,99,5,1,12
5,99,5,2,0
5,99,5,3,0
5,99,5,4,0
5,99,5,5,0
5,99,5,6,6
5,100,5,1,85
5,100,5,2,0
5,100,5,3,1
5,100,5,4,2
5,100,5,5,0
5,100,5,6,7
5,101,6,1,101
5,101,6,2,0
5,101,6,3,2
5,101,6,4,0
5,101,6,5,0
5,101,6,6,0
5,102,5,1,11
5,102,5,2,0
5,102,5,3,0
5,102,5,4,1
5,102,5,5,0
5,102,5,6,0
5,103,7,1,0
5,103,7,2,0
5,103,7,3,0
5,103,7,4,0
5,103,7,5,0
5,103,7,6,0
5,104,5,1,39
5,104,5,2,0
5,104,5,3,1
5,104,5,4,0
5,104,5,5,0
5,104,5,6,0
5,105,5,1,1
5,105,5,2,0
5,105,5,3,0
5,105,5,4,0
5,105,5,5,0
5,105,5,6,0
5,106,6,1,0
5,106,6,2,0
5,106,6,3,0
5,106,6,4,0
5,106,6,5,0
5,106,6,6,0
5,107,4,1,238
5,107,4,2,0
5,107,4,3,25
5,107,4,4,12
5,107,4,5,6
5,107,4,6,11
5,108,5,1,80
5,108,5,2,0
5,108,5,3,0
5,108,5,4,1
5,108,5,5,1
5,108,5,6,12
5,109,6,1,4
5,109,6,2,0
5,109,6,3,0
5,109,6,4,0
5,109,6,5,0
5,109,6,6,0
5,110,6,1,1
5,110,6,2,0
5,110,6,3,0
5,110,6,4,0
5,110,6,5,0
5,110,6,6,0
5,111,4,1,25
5,111,4,2,0
5,111,4,3,2
5,111,4,4,2
5,111,4,5,0
5,111,4,6,1
5,112,4,1,399
5,112,4,2,2
5,112,4,3,15
5,112,4,4,21
5,112,4,5,5
5,112,4,6,18
5,113,4,1,173
5,113,4,2,1
5,113,4,3,3
5,113,4,4,16
5,113,4,5,1
5,113,4,6,1
5,114,6,1,5
5,114,6,2,0
5,114,6,3,0
5,114,6,4,1
5,114,6,5,0
5,114,6,6,1
5,115,5,1,962
5,115,5,2,8
5,115,5,3,11
5,115,5,4,29
5,115,5,5,1
5,115,5,6,47
5,116,6,1,4
5,116,6,2,0
5,116,6,3,0
5,116,6,4,0
5,116,6,5,0
5,116,6,6,0
5,117,5,1,2
5,117,5,2,0
5,117,5,3,0
5,117,5,4,1
5,117,5,5,0
5,117,5,6,0
5,118,6,1,1
5,118,6,2,0
5,118,6,3,0
5,118,6,4,0
5,118,6,5,0
5,118,6,6,0
5,119,4,1,84
5,119,4,2,2
5,119,4,3,1
5,119,4,4,4
5,119,4,5,2
5,119,4,6,3
5,120,6,1,88
5,120,6,2,2
5,120,6,3,1
5,120,6,4,2
5,120,6,5,1
5,120,6,6,4
5,121,6,1,17
5,121,6,2,0
5,121,6,3,0
5,121,6,4,0
5,121,6,5,0
5,121,6,6,0
5,122,6,1,1
5,122,6,2,0
5,122,6,3,0
5,122,6,4,0
5,122,6,5,0
5,122,6,6,0
5,123,1,1,40745
5,123,1,2,180
5,123,1,3,215
5,123,1,4,156
5,123,1,5,104
5,123,1,6,1129
5,124,4,1,10
5,124,4,2,0
5,124,4,3,0
5,124,4,4,0
5,124,4,5,0
5,124,4,6,1
5,125,5,1,50
5,125,5,2,1
5,125,5,3,0
5,125,5,4,0
5,125,5,5,0
5,125,5,6,2
5,126,6,1,5
5,126,6,2,0
5,126,6,3,0
5,126,6,4,0
5,126,6,5,0
5,126,6,6,2
5,127,5,1,54
5,127,5,2,0
5,127,5,3,0
5,127,5,4,0
5,127,5,5,0
5,127,5,6,33
5,128,6,1,2
5,128,6,2,0
5,128,6,3,0
5,128,6,4,0
5,128,6,5,0
5,128,6,6,0
5,129,7,1,5
5,129,7,2,0
5,129,7,3,0
5,129,7,4,0
5,129,7,5,0
5,129,7,6,0
5,130,5,1,65
5,130,5,2,1
5,130,5,3,1
5,130,5,4,0
5,130,5,5,0
5,130,5,6,2
5,131,2,1,466
5,131,2,2,13
5,131,2,3,1
5,131,2,4,5
5,131,2,5,0
5,131,2,6,4
5,132,6,1,1
5,132,6,2,0
5,132,6,3,0
5,132,6,4,0
5,132,6,5,0
5,132,6,6,0
5,133,6,1,32
5,133,6,2,0
5,133,6,3,0
5,133,6,4,0
5,133,6,5,1
5,133,6,6,0
5,134,4,1,798
5,134,4,2,10
5,134,4,3,34
5,134,4,4,30
5,134,4,5,21
5,134,4,6,37
5,135,7,1,1781
5,135,7,2,28
5,135,7,3,54
5,135,7,4,125
5,135,7,5,30
5,135,7,6,121
5,136,5,1,25
5,136,5,2,0
5,136,5,3,0
5,136,5,4,0
5,136,5,5,0
5,136,5,6,0
5,137,4,1,9958
5,137,4,2,124
5,137,4,3,480
5,137,4,4,689
5,137,4,5,253
5,137,4,6,230
5,138,5,1,82
5,138,5,2,32
5,138,5,3,1
5,138,5,4,1
5,138,5,5,2
5,138,5,6,3
5,139,5,1,8
5,139,5,2,0
5,139,5,3,0
5,139,5,4,0
5,139,5,5,0
5,139,5,6,0
5,140,2,1,6951
5,140,2,2,14
5,140,2,3,10
5,140,2,4,4
5,140,2,5,24
5,140,2,6,131
5,141,7,1,17
5,141,7,2,0
5,141,7,3,0
5,141,7,4,0
5,141,7,5,0
5,141,7,6,1
5,142,3,1,3506
5,142,3,2,205
5,142,3,3,77
5,142,3,4,28
5,142,3,5,10
5,142,3,6,23
5,143,4,1,3418
5,143,4,2,74
5,143,4,3,680
5,143,4,4,771
5,143,4,5,40
5,143,4,6,126
5,144,4,1,2506
5,144,4,2,27
5,144,4,3,56
5,144,4,4,93
5,144,4,5,29
5,144,4,6,52
5,145,2,1,914
5,145,2,2,3
5,145,2,3,1
5,145,2,4,3
5,145,2,5,1
5,145,2,6,36
5,146,4,1,21977
5,146,4,2,161
5,146,4,3,1097
5,146,4,4,1909
5,146,4,5,547
5,146,4,6,1552
5,147,6,1,2
5,147,6,2,0
5,147,6,3,0
5,147,6,4,0
5,147,6,5,0
5,147,6,6,0
5,148,4,1,1612
5,148,4,2,66
5,148,4,3,144
5,148,4,4,238
5,148,4,5,41
5,148,4,6,52
5,149,2,1,3716
5,149,2,2,84
5,149,2,3,14
5,149,2,4,6
5,149,2,5,225
5,149,2,6,165
5,150,4,1,5
5,150,4,2,0
5,150,4,3,0
5,150,4,4,0
5,150,4,5,0
5,150,4,6,0
5,151,11,1,423
5,151,11,2,1
5,151,11,3,18
5,151,11,4,30
5,151,11,5,3
5,151,11,6,12
5,152,4,1,0
5,152,4,2,0
5,152,4,3,0
5,152,4,4,0
5,152,4,5,0
5,152,4,6,0
5,153,4,1,1451
5,153,4,2,8
5,153,4,3,16
5,153,4,4,43
5,153,4,5,11
5,153,4,6,48
5,154,4,1,2439
5,154,4,2,38
5,154,4,3,118
5,154,4,4,81
5,154,4,5,40
5,154,4,6,162
5,155,6,1,2
5,155,6,2,0
5,155,6,3,0
5,155,6,4,0
5,155,6,5,0
5,155,6,6,0
5,156,2,1,8
5,156,2,2,0
5,156,2,3,0
5,156,2,4,0
5,156,2,5,0
5,156,2,6,1
5,157,7,1,19
5,157,7,2,0
5,157,7,3,2
5,157,7,4,0
5,157,7,5,0
5,157,7,6,0
5,158,7,1,3
5,158,7,2,0
5,158,7,3,0
5,158,7,4,0
5,158,7,5,0
5,158,7,6,0
5,159,4,1,6
5,159,4,2,0
5,159,4,3,0
5,159,4,4,0
5,159,4,5,0
5,159,4,6,0
5,160,2,1,10
5,160,2,2,0
5,160,2,3,0
5,160,2,4,0
5,160,2,5,0
5,160,2,6,0
5,161,2,1,28
5,161,2,2,0
5,161,2,3,0
5,161,2,4,0
5,161,2,5,0
5,161,2,6,0
5,162,6,1,14
5,162,6,2,0
5,162,6,3,0
5,162,6,4,0
5,162,6,5,0
5,162,6,6,6
5,163,6,1,0
5,163,6,2,0
5,163,6,3,0
5,163,6,4,0
5,163,6,5,0
5,163,6,6,0
5,164,6,1,3
5,164,6,2,0
5,164,6,3,0
5,164,6,4,0
5,164,6,5,0
5,164,6,6,0
5,165,5,1,0
5,165,5,2,0
5,165,5,3,0
5,165,5,4,0
5,165,5,5,0
5,165,5,6,0
5,166,5,1,1097
5,166,5,2,0
5,166,5,3,6
5,166,5,4,23
5,166,5,5,5
5,166,5,6,63
5,167,5,1,20
5,167,5,2,0
5,167,5,3,0
5,167,5,4,0
5,167,5,5,0
5,167,5,6,0
5,168,6,1,1
5,168,6,2,0
5,168,6,3,0
5,168,6,4,0
5,168,6,5,0
5,168,6,6,1
5,169,5,1,62
5,169,5,2,0
5,169,5,3,0
5,169,5,4,0
5,169,5,5,0
5,169,5,6,8
5,170,6,1,3
5,170,6,2,0
5,170,6,3,0
5,170,6,4,0
5,170,6,5,0
5,170,6,6,2
5,171,6,1,792
5,171,6,2,25
5,171,6,3,6
5,171,6,4,9
5,171,6,5,15
5,171,6,6,36
5,172,6,1,7
5,172,6,2,0
5,172,6,3,0
5,172,6,4,0
5,172,6,5,0
5,172,6,6,1
5,173,4,1,1921
5,173,4,2,23
5,173,4,3,51
5,173,4,4,61
5,173,4,5,24
5,173,4,6,72
5,174,4,1,5423
5,174,4,2,125
5,174,4,3,365
5,174,4,4,522
5,174,4,5,154
5,174,4,6,202
5,175,3,1,43
5,175,3,2,1
5,175,3,3,0
5,175,3,4,0
5,175,3,5,0
5,175,3,6,1
5,176,6,1,0
5,176,6,2,0
5,176,6,3,0
5,176,6,4,0
5,176,6,5,0
5,176,6,6,0
5,177,5,1,708
5,177,5,2,5
5,177,5,3,4
5,177,5,4,5
5,177,5,5,4
5,177,5,6,34
5,178,5,1,2167
5,178,5,2,22
5,178,5,3,15
5,178,5,4,37
5,178,5,5,16
5,178,5,6,75
5,179,6,1,12
5,179,6,2,0
5,179,6,3,0
5,179,6,4,0
5,179,6,5,0
5,179,6,6,7
5,180,5,1,3
5,180,5,2,0
5,180,5,3,1
5,180,5,4,0
5,180,5,5,0
5,180,5,6,0
5,181,6,1,4
5,181,6,2,0
5,181,6,3,0
5,181,6,4,0
5,181,6,5,0
5,181,6,6,0
5,182,7,1,2
5,182,7,2,0
5,182,7,3,0
5,182,7,4,0
5,182,7,5,0
5,182,7,6,0
5,183,2,1,212
5,183,2,2,1
5,183,2,3,0
5,183,2,4,1
5,183,2,5,0
5,183,2,6,9
5,184,6,1,34
5,184,6,2,0
5,184,6,3,0
5,184,6,4,0
5,184,6,5,0
5,184,6,6,2
5,185,5,1,12
5,185,5,2,0
5,185,5,3,0
5,185,5,4,0
5,185,5,5,0
5,185,5,6,0
5,186,5,1,972
5,186,5,2,19
5,186,5,3,42
5,186,5,4,18
5,186,5,5,23
5,186,5,6,54
5,187,7,1,0
5,187,7,2,0
5,187,7,3,0
5,187,7,4,0
5,187,7,5,0
5,187,7,6,0
5,188,4,1,889
5,188,4,2,4
5,188,4,3,21
5,188,4,4,9
5,188,4,5,17
5,188,4,6,120
5,189,6,1,14
5,189,6,2,0
5,189,6,3,0
5,189,6,4,0
5,189,6,5,0
5,189,6,6,0
5,190,3,1,6094
5,190,3,2,156
5,190,3,3,113
5,190,3,4,55
5,190,3,5,35
5,190,3,6,236
5,191,5,1,21
5,191,5,2,0
5,191,5,3,0
5,191,5,4,0
5,191,5,5,0
5,191,5,6,0
5,192,7,1,2
5,192,7,2,0
5,192,7,3,0
5,192,7,4,0
5,192,7,5,0
5,192,7,6,0
5,193,4,1,2
5,193,4,2,0
5,193,4,3,0
5,193,4,4,0
5,193,4,5,0
5,193,4,6,0
5,194,3,1,6826
5,194,3,2,8213
5,194,3,3,77
5,194,3,4,24
5,194,3,5,1963
5,194,3,6,299
5,195,5,1,230
5,195,5,2,1
5,195,5,3,2
5,195,5,4,4
5,195,5,5,4
5,195,5,6,66
5,196,5,1,3
5,196,5,2,4
5,196,5,3,0
5,196,5,4,0
5,196,5,5,3
5,196,5,6,0
5,197,6,1,13
5,197,6,2,0
5,197,6,3,0
5,197,6,4,0
5,197,6,5,0
5,197,6,6,0
5,198,6,1,11
5,198,6,2,0
5,198,6,3,0
5,198,6,4,0
5,198,6,5,0
5,198,6,6,1
6,1,5,1,5
6,1,5,2,13
6,1,5,3,0
6,1,5,4,0
6,1,5,5,0
6,1,5,6,0
6,2,4,1,22
6,2,4,2,0
6,2,4,3,0
6,2,4,4,0
6,2,4,5,0
6,2,4,6,4
6,3,4,1,15518
6,3,4,2,302
6,3,4,3,895
6,3,4,4,1104
6,3,4,5,433
6,3,4,6,653
6,4,4,1,51
6,4,4,2,1
6,4,4,3,1
6,4,4,4,1
6,4,4,5,1
6,4,4,6,1
6,5,6,1,0
6,5,6,2,0
6,5,6,3,0
6,5,6,4,0
6,5,6,5,0
6,5,6,6,1
6,6,2,1,20
6,6,2,2,0
6,6,2,3,0
6,6,2,4,0
6,6,2,5,0
6,6,2,6,0
6,7,5,1,182
6,7,5,2,0
6,7,5,3,2
6,7,5,4,2
6,7,5,5,1
6,7,5,6,8
6,8,6,1,40
6,8,6,2,0
6,8,6,3,1
6,8,6,4,0
6,8,6,5,1
6,8,6,6,0
6,9,3,1,43941
6,9,3,2,2892
6,9,3,3,1792
6,9,3,4,948
6,9,3,5,557
6,9,3,6,1165
6,10,5,1,132
6,10,5,2,2
6,10,5,3,0
6,10,5,4,1
6,10,5,5,2
6,10,5,6,0
6,11,2,1,65
6,11,2,2,0
6,11,2,3,1
6,11,2,4,0
6,11,2,5,0
6,11,2,6,18
6,12,7,1,8185
6,12,7,2,56
6,12,7,3,218
6,12,7,4,273
6,12,7,5,159
6,12,7,6,763
6,13,4,1,1791
6,13,4,2,36
6,13,4,3,111
6,13,4,4,94
6,13,4,5,41
6,13,4,6,69
6,14,5,1,13
6,14,5,2,0
6,14,5,3,1
6,14,5,4,1
6,14,5,5,0
6,14,5,6,1
6,15,2,1,118
6,15,2,2,0
6,15,2,3,0
6,15,2,4,0
6,15,2,5,0
6,15,2,6,1
6,16,5,1,12
6,16,5,2,0
6,16,5,3,0
6,16,5,4,0
6,16,5,5,0
6,16,5,6,0
6,17,5,1,46
6,17,5,2,1
6,17,5,3,0
6,17,5,4,0
6,17,5,5,0
6,17,5,6,8
6,18,2,1,109
6,18,2,2,0
6,18,2,3,1
6,18,2,4,1
6,18,2,5,0
6,18,2,6,1
6,19,4,1,4469
6,19,4,2,39
6,19,4,3,170
6,19,4,4,249
6,19,4,5,57
6,19,4,6,86
6,20,2,1,226
6,20,2,2,1
6,20,2,3,3
6,20,2,4,1
6,20,2,5,0
6,20,2,6,1
6,21,4,1,162
6,21,4,2,0
6,21,4,3,12
6,21,4,4,5
6,21,4,5,5
6,21,4,6,4
6,22,6,1,2
6,22,6,2,0
6,22,6,3,0
6,22,6,4,0
6,22,6,5,1
6,22,6,6,0
6,23,2,1,9
6,23,2,2,0
6,23,2,3,0
6,23,2,4,0
6,23,2,5,0
6,23,2,6,0
6,24,5,1,1
6,24,5,2,0
6,24,5,3,0
6,24,5,4,0
6,24,5,5,0
6,24,5,6,0
6,25,3,1,8902
6,25,3,2,12754
6,25,3,3,52621
6,25,3,4,3395
6,25,3,5,170
6,25,3,6,3680
6,26,4,1,18
6,26,4,2,3
6,26,4,3,5
6,26,4,4,3
6,26,4,5,0
6,26,4,6,0
6,27,6,1,2
6,27,6,2,0
6,27,6,3,0
6,27,6,4,0
6,27,6,5,0
6,27,6,6,1
6,28,3,1,60946
6,28,3,2,2216
6,28,3,3,721
6,28,3,4,737
6,28,3,5,117
6,28,3,6,6826
6,29,5,1,5
6,29,5,2,0
6,29,5,3,0
6,29,5,4,0
6,29,5,5,0
6,29,5,6,0
6,30,4,1,690
6,30,4,2,0
6,30,4,3,6
6,30,4,4,11
6,30,4,5,4
6,30,4,6,24
6,31,6,1,2
6,31,6,2,0
6,31,6,3,0
6,31,6,4,0
6,31,6,5,0
6,31,6,6,0
6,32,6,1,0
6,32,6,2,0
6,32,6,3,0
6,32,6,4,0
6,32,6,5,0
6,32,6,6,0
6,33,6,1,11
6,33,6,2,0
6,33,6,3,0
6,33,6,4,0
6,33,6,5,1
6,33,6,6,7
6,34,5,1,4
6,34,5,2,0
6,34,5,3,0
6,34,5,4,0
6,34,5,5,0
6,34,5,6,0
6,35,6,1,10
6,35,6,2,0
6,35,6,3,1
6,35,6,4,0
6,35,6,5,0
6,35,6,6,0
6,36,1,1,22305
6,36,1,2,91
6,36,1,3,190
6,36,1,4,215
6,36,1,5,157
6,36,1,6,604
6,37,5,1,0
6,37,5,2,0
6,37,5,3,0
6,37,5,4,0
6,37,5,5,0
6,37,5,6,0
6,38,6,1,1
6,38,6,2,0
6,38,6,3,0
6,38,6,4,0
6,38,6,5,0
6,38,6,6,0
6,39,3,1,92192
6,39,3,2,395379
6,39,3,3,512
6,39,3,4,227
6,39,3,5,623
6,39,3,6,11090
6,40,5,1,9810
6,40,5,2,164
6,40,5,3,38
6,40,5,4,33
6,40,5,5,92
6,40,5,6,717
6,41,4,1,154
6,41,4,2,0
6,41,4,3,0
6,41,4,4,1
6,41,4,5,0
6,41,4,6,3
6,42,3,1,71264
6,42,3,2,5371
6,42,3,3,1132
6,42,3,4,423
6,42,3,5,8722
6,42,3,6,6134
6,43,6,1,0
6,43,6,2,0
6,43,6,3,0
6,43,6,4,0
6,43,6,5,0
6,43,6,6,0
6,44,6,1,3
6,44,6,2,0
6,44,6,3,0
6,44,6,4,0
6,44,6,5,0
6,44,6,6,0
6,45,5,1,1
6,45,5,2,0
6,45,5,3,0
6,45,5,4,0
6,45,5,5,0
6,45,5,6,1
6,46,5,1,3908
6,46,5,2,53
6,46,5,3,58
6,46,5,4,70
6,46,5,5,60
6,46,5,6,166
6,47,6,1,4
6,47,6,2,0
6,47,6,3,0
6,47,6,4,0
6,47,6,5,0
6,47,6,6,0
6,48,2,1,9858
6,48,2,2,22
6,48,2,3,40
6,48,2,4,17
6,48,2,5,15
6,48,2,6,276
6,49,4,1,363
6,49,4,2,2
6,49,4,3,14
6,49,4,4,12
6,49,4,5,1
6,49,4,6,25
6,50,2,1,2044
6,50,2,2,56
6,50,2,3,2
6,50,2,4,0
6,50,2,5,13
6,50,2,6,10
6,51,6,1,1
6,51,6,2,0
6,51,6,3,0
6,51,6,4,0
6,51,6,5,0
6,51,6,6,0
6,52,4,1,1508
6,52,4,2,9
6,52,4,3,64
6,52,4,4,68
6,52,4,5,24
6,52,4,6,53
6,53,6,1,0
6,53,6,2,0
6,53,6,3,0
6,53,6,4,0
6,53,6,5,0
6,53,6,6,0
6,54,2,1,21
6,54,2,2,2
6,54,2,3,0
6,54,2,4,0
6,54,2,5,1
6,54,2,6,1
6,55,3,1,19229
6,55,3,2,3471
6,55,3,3,475
6,55,3,4,182
6,55,3,5,61344
6,55,3,6,10895
6,56,1,1,328887
6,56,1,2,536
6,56,1,3,436
6,56,1,4,443
6,56,1,5,786
6,56,1,6,6123
6,57,6,1,101
6,57,6,2,0
6,57,6,3,2
6,57,6,4,1
6,57,6,5,0
6,57,6,6,2
6,58,2,1,2355
6,58,2,2,7
6,58,2,3,7
6,58,2,4,3
6,58,2,5,14
6,58,2,6,49
6,59,5,1,158
6,59,5,2,0
6,59,5,3,1
6,59,5,4,0
6,59,5,5,0
6,59,5,6,5
6,60,6,1,3
6,60,6,2,0
6,60,6,3,0
6,60,6,4,0
6,60,6,5,0
6,60,6,6,0
6,61,4,1,413
6,61,4,2,11
6,61,4,3,12
6,61,4,4,21
6,61,4,5,7
6,61,4,6,13
6,62,4,1,597
6,62,4,2,12
6,62,4,3,4
6,62,4,4,14
6,62,4,5,6
6,62,4,6,9
6,63,4,1,53673
6,63,4,2,367
6,63,4,3,373
6,63,4,4,345
6,63,4,5,293
6,63,4,6,565
6,64,4,1,106
6,64,4,2,0
6,64,4,3,4
6,64,4,4,3
6,64,4,5,1
6,64,4,6,9
6,65,6,1,32
6,65,6,2,0
6,65,6,3,0
6,65,6,4,0
6,65,6,5,0
6,65,6,6,2
6,66,4,1,33
6,66,4,2,1
6,66,4,3,1
6,66,4,4,0
6,66,4,5,1
6,66,4,6,0
6,67,7,1,6
6,67,7,2,1
6,67,7,3,0
6,67,7,4,0
6,67,7,5,0
6,67,7,6,3
6,68,5,1,1447
6,68,5,2,3
6,68,5,3,10
6,68,5,4,12
6,68,5,5,3
6,68,5,6,540
6,69,4,1,715
6,69,4,2,5
6,69,4,3,22
6,69,4,4,24
6,69,4,5,12
6,69,4,6,26
6,70,4,1,23375
6,70,4,2,425
6,70,4,3,1775
6,70,4,4,2496
6,70,4,5,552
6,70,4,6,731
6,71,6,1,0
6,71,6,2,0
6,71,6,3,0
6,71,6,4,0
6,71,6,5,0
6,71,6,6,0
6,72,6,1,0
6,72,6,2,0
6,72,6,3,0
6,72,6,4,0
6,72,6,5,0
6,72,6,6,0
6,73,5,1,41
6,73,5,2,1
6,73,5,3,2
6,73,5,4,0
6,73,5,5,28
6,73,5,6,8
6,74,6,1,22
6,74,6,2,0
6,74,6,3,0
6,74,6,4,0
6,74,6,5,0
6,74,6,6,1
6,75,2,1,25
6,75,2,2,0
6,75,2,3,1
6,75,2,4,3
6,75,2,5,3
6,75,2,6,0
6,76,4,1,791
6,76,4,2,2
6,76,4,3,9
6,76,4,4,18
6,76,4,5,0
6,76,4,6,72
6,77,4,1,0
6,77,4,2,0
6,77,4,3,0
6,77,4,4,0
6,77,4,5,0
6,77,4,6,0
6,78,2,1,4927
6,78,2,2,13
6,78,2,3,9
6,78,2,4,2
6,78,2,5,21
6,78,2,6,103
6,79,6,1,0
6,79,6,2,0
6,79,6,3,0
6,79,6,4,0
6,79,6,5,0
6,79,6,6,0
6,80,6,1,0
6,80,6,2,0
6,80,6,3,0
6,80,6,4,0
6,80,6,5,0
6,80,6,6,0
6,81,6,1,3
6,81,6,2,0
6,81,6,3,0
6,81,6,4,0
6,81,6,5,0
6,81,6,6,0
6,82,3,1,75
6,82,3,2,0
6,82,3,3,3
6,82,3,4,1
6,82,3,5,3
6,82,3,6,0
6,83,2,1,76
6,83,2,2,23
6,83,2,3,1
6,83,2,4,0
6,83,2,5,2
6,83,2,6,0
6,84,2,1,1763
6,84,2,2,13
6,84,2,3,6
6,84,2,4,11
6,84,2,5,10
6,84,2,6,21
6,85,5,1,767
6,85,5,2,10
6,85,5,3,50
6,85,5,4,21
6,85,5,5,4
6,85,5,6,53
6,86,4,1,946
6,86,4,2,7
6,86,4,3,22
6,86,4,4,20
6,86,4,5,4
6,86,4,6,21
6,87,5,1,4246
6,87,5,2,33
6,87,5,3,13
6,87,5,4,14
6,87,5,5,14
6,87,5,6,339
6,88,5,1,876
6,88,5,2,2
6,88,5,3,3
6,88,5,4,1
6,88,5,5,5
6,88,5,6,366
6,89,5,1,5
6,89,5,2,0
6,89,5,3,0
6,89,5,4,0
6,89,5,5,0
6,89,5,6,0
6,90,5,1,56
6,90,5,2,2
6,90,5,3,1
6,90,5,4,0
6,90,5,5,0
6,90,5,6,1
6,91,4,1,2349
6,91,4,2,21
6,91,4,3,102
6,91,4,4,200
6,91,4,5,100
6,91,4,6,100
6,92,7,1,4
6,92,7,2,0
6,92,7,3,0
6,92,7,4,0
6,92,7,5,0
6,92,7,6,0
6,93,4,1,114
6,93,4,2,1
6,93,4,3,7
6,93,4,4,6
6,93,4,5,4
6,93,4,6,3
6,94,5,1,3633
6,94,5,2,51
6,94,5,3,595
6,94,5,4,265
6,94,5,5,154
6,94,5,6,122
6,95,4,1,24477
6,95,4,2,88
6,95,4,3,383
6,95,4,4,300
6,95,4,5,127
6,95,4,6,275
6,96,2,1,271
6,96,2,2,1
6,96,2,3,0
6,96,2,4,1
6,96,2,5,0
6,96,2,6,3
6,97,5,1,6630
6,97,5,2,37
6,97,5,3,35
6,97,5,4,74
6,97,5,5,37
6,97,5,6,210
6,98,5,1,39
6,98,5,2,0
6,98,5,3,1
6,98,5,4,0
6,98,5,5,1
6,98,5,6,1
6,99,5,1,57
6,99,5,2,0
6,99,5,3,0
6,99,5,4,0
6,99,5,5,0
6,99,5,6,0
6,100,5,1,63
6,100,5,2,1
6,100,5,3,1
6,100,5,4,2
6,100,5,5,0
6,100,5,6,0
6,101,6,1,64
6,101,6,2,0
6,101,6,3,1
6,101,6,4,0
6,101,6,5,0
6,101,6,6,0
6,102,5,1,3
6,102,5,2,0
6,102,5,3,0
6,102,5,4,0
6,102,5,5,0
6,102,5,6,0
6,103,7,1,4
6,103,7,2,0
6,103,7,3,0
6,103,7,4,0
6,103,7,5,0
6,103,7,6,1
6,104,5,1,118
6,104,5,2,0
6,104,5,3,2
6,104,5,4,0
6,104,5,5,0
6,104,5,6,4
6,105,5,1,0
6,105,5,2,0
6,105,5,3,0
6,105,5,4,0
6,105,5,5,0
6,105,5,6,0
6,106,6,1,3
6,106,6,2,0
6,106,6,3,0
6,106,6,4,0
6,106,6,5,0
6,106,6,6,0
6,107,4,1,138
6,107,4,2,2
6,107,4,3,2
6,107,4,4,7
6,107,4,5,3
6,107,4,6,8
6,108,5,1,51
6,108,5,2,1
6,108,5,3,0
6,108,5,4,0
6,108,5,5,0
6,108,5,6,16
6,109,6,1,4
6,109,6,2,0
6,109,6,3,0
6,109,6,4,0
6,109,6,5,0
6,109,6,6,0
6,110,6,1,1
6,110,6,2,0
6,110,6,3,0
6,110,6,4,0
6,110,6,5,0
6,110,6,6,0
6,111,4,1,14
6,111,4,2,0
6,111,4,3,3
6,111,4,4,2
6,111,4,5,0
6,111,4,6,0
6,112,4,1,376
6,112,4,2,4
6,112,4,3,8
6,112,4,4,17
6,112,4,5,2
6,112,4,6,16
6,113,4,1,222
6,113,4,2,3
6,113,4,3,13
6,113,4,4,9
6,113,4,5,0
6,113,4,6,1
6,114,6,1,7
6,114,6,2,0
6,114,6,3,0
6,114,6,4,0
6,114,6,5,0
6,114,6,6,0
6,115,5,1,515
6,115,5,2,5
6,115,5,3,7
6,115,5,4,13
6,115,5,5,6
6,115,5,6,38
6,116,6,1,4
6,116,6,2,0
6,116,6,3,0
6,116,6,4,0
6,116,6,5,0
6,116,6,6,0
6,117,5,1,5
6,117,5,2,0
6,117,5,3,0
6,117,5,4,0
6,117,5,5,0
6,117,5,6,1
6,118,6,1,1
6,118,6,2,0
6,118,6,3,0
6,118,6,4,0
6,118,6,5,0
6,118,6,6,0
6,119,4,1,134
6,119,4,2,0
6,119,4,3,1
6,119,4,4,7
6,119,4,5,2
6,119,4,6,6
6,120,6,1,84
6,120,6,2,2
6,120,6,3,0
6,120,6,4,5
6,120,6,5,1
6,120,6,6,0
6,121,6,1,8
6,121,6,2,0
6,121,6,3,0
6,121,6,4,2
6,121,6,5,0
6,121,6,6,0
6,122,6,1,1
6,122,6,2,0
6,122,6,3,0
6,122,6,4,0
6,122,6,5,0
6,122,6,6,0
6,123,1,1,43350
6,123,1,2,218
6,123,1,3,239
6,123,1,4,140
6,123,1,5,140
6,123,1,6,1038
6,124,4,1,7
6,124,4,2,0
6,124,4,3,0
6,124,4,4,0
6,124,4,5,0
6,124,4,6,0
6,125,5,1,41
6,125,5,2,0
6,125,5,3,0
6,125,5,4,0
6,125,5,5,0
6,125,5,6,3
6,126,6,1,5
6,126,6,2,0
6,126,6,3,0
6,126,6,4,0
6,126,6,5,0
6,126,6,6,1
6,127,5,1,70
6,127,5,2,0
6,127,5,3,0
6,127,5,4,0
6,127,5,5,0
6,127,5,6,50
6,128,6,1,2
6,128,6,2,0
6,128,6,3,0
6,128,6,4,0
6,128,6,5,0
6,128,6,6,0
6,129,7,1,0
6,129,7,2,0
6,129,7,3,0
6,129,7,4,0
6,129,7,5,0
6,129,7,6,0
6,130,5,1,41
6,130,5,2,8
6,130,5,3,3
6,130,5,4,0
6,130,5,5,0
6,130,5,6,10
6,131,2,1,608
6,131,2,2,10
6,131,2,3,2
6,131,2,4,0
6,131,2,5,0
6,131,2,6,8
6,132,6,1,1
6,132,6,2,0
6,132,6,3,0
6,132,6,4,0
6,132,6,5,0
6,132,6,6,0
6,133,6,1,30
6,133,6,2,0
6,133,6,3,0
6,133,6,4,0
6,133,6,5,0
6,133,6,6,1
6,134,4,1,1907
6,134,4,2,8
6,134,4,3,29
6,134,4,4,44
6,134,4,5,15
6,134,4,6,64
6,135,7,1,1561
6,135,7,2,36
6,135,7,3,58
6,135,7,4,127
6,135,7,5,31
6,135,7,6,101
6,136,5,1,25
6,136,5,2,0
6,136,5,3,0
6,136,5,4,0
6,136,5,5,0
6,136,5,6,0
6,137,4,1,9167
6,137,4,2,99
6,137,4,3,484
6,137,4,4,546
6,137,4,5,213
6,137,4,6,238
6,138,5,1,66
6,138,5,2,82
6,138,5,3,1
6,138,5,4,1
6,138,5,5,0
6,138,5,6,4
6,139,5,1,10
6,139,5,2,0
6,139,5,3,0
6,139,5,4,0
6,139,5,5,0
6,139,5,6,0
6,140,2,1,7840
6,140,2,2,12
6,140,2,3,10
6,140,2,4,6
6,140,2,5,14
6,140,2,6,108
6,141,7,1,5
6,141,7,2,0
6,141,7,3,0
6,141,7,4,0
6,141,7,5,0
6,141,7,6,2
6,142,3,1,2717
6,142,3,2,287
6,142,3,3,77
6,142,3,4,11
6,142,3,5,10
6,142,3,6,22
6,143,4,1,3394
6,143,4,2,35
6,143,4,3,288
6,143,4,4,571
6,143,4,5,35
6,143,4,6,107
6,144,4,1,2599
6,144,4,2,15
6,144,4,3,78
6,144,4,4,104
6,144,4,5,22
6,144,4,6,54
6,145,2,1,931
6,145,2,2,1
6,145,2,3,1
6,145,2,4,0
6,145,2,5,0
6,145,2,6,30
6,146,4,1,18138
6,146,4,2,147
6,146,4,3,869
6,146,4,4,1099
6,146,4,5,477
6,146,4,6,1196
6,147,6,1,1
6,147,6,2,0
6,147,6,3,0
6,147,6,4,0
6,147,6,5,0
6,147,6,6,0
6,148,4,1,1666
6,148,4,2,7
6,148,4,3,85
6,148,4,4,37
6,148,4,5,13
6,148,4,6,39
6,149,2,1,3937
6,149,2,2,101
6,149,2,3,12
6,149,2,4,1
6,149,2,5,214
6,149,2,6,79
6,150,4,1,4
6,150,4,2,0
6,150,4,3,0
6,150,4,4,0
6,150,4,5,0
6,150,4,6,0
6,151,11,1,350
6,151,11,2,3
6,151,11,3,0
6,151,11,4,2
6,151,11,5,4
6,151,11,6,21
6,152,4,1,0
6,152,4,2,0
6,152,4,3,0
6,152,4,4,0
6,152,4,5,0
6,152,4,6,0
6,153,4,1,1287
6,153,4,2,8
6,153,4,3,25
6,153,4,4,42
6,153,4,5,5
6,153,4,6,47
6,154,4,1,2344
6,154,4,2,42
6,154,4,3,81
6,154,4,4,43
6,154,4,5,46
6,154,4,6,115
6,155,6,1,5
6,155,6,2,0
6,155,6,3,0
6,155,6,4,0
6,155,6,5,0
6,155,6,6,0
6,156,2,1,8
6,156,2,2,0
6,156,2,3,0
6,156,2,4,0
6,156,2,5,0
6,156,2,6,0
6,157,7,1,22
6,157,7,2,0
6,157,7,3,0
6,157,7,4,0
6,157,7,5,0
6,157,7,6,0
6,158,7,1,0
6,158,7,2,0
6,158,7,3,0
6,158,7,4,0
6,158,7,5,0
6,158,7,6,0
6,159,4,1,3
6,159,4,2,0
6,159,4,3,0
6,159,4,4,0
6,159,4,5,0
6,159,4,6,2
6,160,2,1,4
6,160,2,2,0
6,160,2,3,0
6,160,2,4,0
6,160,2,5,0
6,160,2,6,0
6,161,2,1,15
6,161,2,2,0
6,161,2,3,0
6,161,2,4,0
6,161,2,5,0
6,161,2,6,0
6,162,6,1,6
6,162,6,2,0
6,162,6,3,0
6,162,6,4,0
6,162,6,5,0
6,162,6,6,6
6,163,6,1,0
6,163,6,2,0
6,163,6,3,0
6,163,6,4,0
6,163,6,5,0
6,163,6,6,0
6,164,6,1,5
6,164,6,2,0
6,164,6,3,0
6,164,6,4,0
6,164,6,5,0
6,164,6,6,0
6,165,5,1,0
6,165,5,2,0
6,165,5,3,0
6,165,5,4,0
6,165,5,5,0
6,165,5,6,0
6,166,5,1,766
6,166,5,2,6
6,166,5,3,5
6,166,5,4,15
6,166,5,5,1
6,166,5,6,41
6,167,5,1,9
6,167,5,2,0
6,167,5,3,0
6,167,5,4,0
6,167,5,5,0
6,167,5,6,0
6,168,6,1,3
6,168,6,2,0
6,168,6,3,0
6,168,6,4,0
6,168,6,5,0
6,168,6,6,0
6,169,5,1,54
6,169,5,2,0
6,169,5,3,1
6,169,5,4,0
6,169,5,5,0
6,169,5,6,21
6,170,6,1,2
6,170,6,2,0
6,170,6,3,0
6,170,6,4,0
6,170,6,5,0
6,170,6,6,0
6,171,6,1,914
6,171,6,2,25
6,171,6,3,21
6,171,6,4,19
6,171,6,5,9
6,171,6,6,22
6,172,6,1,10
6,172,6,2,0
6,172,6,3,0
6,172,6,4,0
6,172,6,5,0
6,172,6,6,0
6,173,4,1,3559
6,173,4,2,33
6,173,4,3,59
6,173,4,4,51
6,173,4,5,34
6,173,4,6,51
6,174,4,1,4988
6,174,4,2,73
6,174,4,3,246
6,174,4,4,347
6,174,4,5,129
6,174,4,6,183
6,175,3,1,61
6,175,3,2,0
6,175,3,3,1
6,175,3,4,0
6,175,3,5,0
6,175,3,6,0
6,176,6,1,1
6,176,6,2,0
6,176,6,3,0
6,176,6,4,0
6,176,6,5,0
6,176,6,6,0
6,177,5,1,492
6,177,5,2,4
6,177,5,3,9
6,177,5,4,4
6,177,5,5,4
6,177,5,6,43
6,178,5,1,2464
6,178,5,2,28
6,178,5,3,17
6,178,5,4,26
6,178,5,5,9
6,178,5,6,101
6,179,6,1,8
6,179,6,2,0
6,179,6,3,0
6,179,6,4,0
6,179,6,5,0
6,179,6,6,3
6,180,5,1,0
6,180,5,2,0
6,180,5,3,1
6,180,5,4,0
6,180,5,5,0
6,180,5,6,0
6,181,6,1,1
6,181,6,2,0
6,181,6,3,0
6,181,6,4,0
6,181,6,5,0
6,181,6,6,0
6,182,7,1,3
6,182,7,2,0
6,182,7,3,0
6,182,7,4,0
6,182,7,5,0
6,182,7,6,0
6,183,2,1,199
6,183,2,2,2
6,183,2,3,0
6,183,2,4,0
6,183,2,5,5
6,183,2,6,16
6,184,6,1,27
6,184,6,2,0
6,184,6,3,0
6,184,6,4,2
6,184,6,5,1
6,184,6,6,0
6,185,5,1,1
6,185,5,2,0
6,185,5,3,0
6,185,5,4,0
6,185,5,5,1
6,185,5,6,0
6,186,5,1,1326
6,186,5,2,25
6,186,5,3,131
6,186,5,4,29
6,186,5,5,22
6,186,5,6,117
6,187,7,1,0
6,187,7,2,0
6,187,7,3,0
6,187,7,4,0
6,187,7,5,0
6,187,7,6,0
6,188,4,1,865
6,188,4,2,6
6,188,4,3,8
6,188,4,4,15
6,188,4,5,13
6,188,4,6,134
6,189,6,1,14
6,189,6,2,0
6,189,6,3,0
6,189,6,4,0
6,189,6,5,0
6,189,6,6,0
6,190,3,1,6202
6,190,3,2,116
6,190,3,3,109
6,190,3,4,61
6,190,3,5,31
6,190,3,6,169
6,191,5,1,17
6,191,5,2,0
6,191,5,3,0
6,191,5,4,0
6,191,5,5,0
6,191,5,6,0
6,192,7,1,6
6,192,7,2,0
6,192,7,3,3
6,192,7,4,0
6,192,7,5,0
6,192,7,6,0
6,193,4,1,3
6,193,4,2,0
6,193,4,3,0
6,193,4,4,0
6,193,4,5,0
6,193,4,6,0
6,194,3,1,4941
6,194,3,2,7416
6,194,3,3,106
6,194,3,4,31
6,194,3,5,3870
6,194,3,6,99
6,195,5,1,241
6,195,5,2,0
6,195,5,3,0
6,195,5,4,2
6,195,5,5,2
6,195,5,6,28
6,196,5,1,1
6,196,5,2,0
6,196,5,3,0
6,196,5,4,0
6,196,5,5,0
6,196,5,6,0
6,197,6,1,20
6,197,6,2,0
6,197,6,3,0
6,197,6,4,0
6,197,6,5,0
6,197,6,6,0
6,198,6,1,11
6,198,6,2,0
6,198,6,3,0
6,198,6,4,0
6,198,6,5,0
6,198,6,6,0
7,1,5,1,5
7,1,5,2,14
7,1,5,3,1
7,1,5,4,0
7,1,5,5,0
7,1,5,6,1
7,2,4,1,26
7,2,4,2,0
7,2,4,3,0
7,2,4,4,1
7,2,4,5,0
7,2,4,6,0
7,3,4,1,22341
7,3,4,2,323
7,3,4,3,793
7,3,4,4,1130
7,3,4,5,454
7,3,4,6,792
7,4,4,1,63
7,4,4,2,0
7,4,4,3,5
7,4,4,4,1
7,4,4,5,1
7,4,4,6,1
7,5,6,1,15
7,5,6,2,0
7,5,6,3,0
7,5,6,4,0
7,5,6,5,0
7,5,6,6,0
7,6,2,1,28
7,6,2,2,0
7,6,2,3,0
7,6,2,4,0
7,6,2,5,0
7,6,2,6,0
7,7,5,1,144
7,7,5,2,0
7,7,5,3,0
7,7,5,4,1
7,7,5,5,0
7,7,5,6,2
7,8,6,1,20
7,8,6,2,0
7,8,6,3,1
7,8,6,4,0
7,8,6,5,1
7,8,6,6,1
7,9,3,1,59822
7,9,3,2,4600
7,9,3,3,5768
7,9,3,4,1796
7,9,3,5,578
7,9,3,6,1973
7,10,5,1,55
7,10,5,2,8
7,10,5,3,2
7,10,5,4,2
7,10,5,5,0
7,10,5,6,1
7,11,2,1,223
7,11,2,2,0
7,11,2,3,1
7,11,2,4,1
7,11,2,5,0
7,11,2,6,12
7,12,7,1,7766
7,12,7,2,58
7,12,7,3,194
7,12,7,4,270
7,12,7,5,145
7,12,7,6,826
7,13,4,1,3602
7,13,4,2,52
7,13,4,3,94
7,13,4,4,165
7,13,4,5,37
7,13,4,6,142
7,14,5,1,15
7,14,5,2,0
7,14,5,3,1
7,14,5,4,0
7,14,5,5,0
7,14,5,6,1
7,15,2,1,139
7,15,2,2,0
7,15,2,3,0
7,15,2,4,0
7,15,2,5,0
7,15,2,6,3
7,16,5,1,15
7,16,5,2,0
7,16,5,3,0
7,16,5,4,0
7,16,5,5,0
7,16,5,6,0
7,17,5,1,30
7,17,5,2,0
7,17,5,3,0
7,17,5,4,0
7,17,5,5,0
7,17,5,6,22
7,18,2,1,181
7,18,2,2,0
7,18,2,3,0
7,18,2,4,2
7,18,2,5,0
7,18,2,6,2
7,19,4,1,9867
7,19,4,2,76
7,19,4,3,233
7,19,4,4,317
7,19,4,5,133
7,19,4,6,182
7,20,2,1,400
7,20,2,2,0
7,20,2,3,10
7,20,2,4,8
7,20,2,5,0
7,20,2,6,4
7,21,4,1,124
7,21,4,2,1
7,21,4,3,2
7,21,4,4,2
7,21,4,5,3
7,21,4,6,0
7,22,6,1,5
7,22,6,2,0
7,22,6,3,0
7,22,6,4,0
7,22,6,5,0
7,22,6,6,0
7,23,2,1,21
7,23,2,2,0
7,23,2,3,0
7,23,2,4,0
7,23,2,5,0
7,23,2,6,0
7,24,5,1,5
7,24,5,2,0
7,24,5,3,0
7,24,5,4,0
7,24,5,5,0
7,24,5,6,0
7,25,3,1,10289
7,25,3,2,14773
7,25,3,3,57948
7,25,3,4,4725
7,25,3,5,295
7,25,3,6,5725
7,26,4,1,14
7,26,4,2,0
7,26,4,3,4
7,26,4,4,6
7,26,4,5,0
7,26,4,6,1
7,27,6,1,4
7,27,6,2,0
7,27,6,3,0
7,27,6,4,0
7,27,6,5,0
7,27,6,6,0
7,28,3,1,73612
7,28,3,2,3275
7,28,3,3,1396
7,28,3,4,1157
7,28,3,5,143
7,28,3,6,11662
7,29,5,1,7
7,29,5,2,0
7,29,5,3,0
7,29,5,4,0
7,29,5,5,0
7,29,5,6,0
7,30,4,1,400
7,30,4,2,2
7,30,4,3,17
7,30,4,4,7
7,30,4,5,0
7,30,4,6,15
7,31,6,1,4
7,31,6,2,0
7,31,6,3,0
7,31,6,4,0
7,31,6,5,0
7,31,6,6,0
7,32,6,1,1
7,32,6,2,0
7,32,6,3,0
7,32,6,4,0
7,32,6,5,0
7,32,6,6,0
7,33,6,1,11
7,33,6,2,0
7,33,6,3,0
7,33,6,4,0
7,33,6,5,0
7,33,6,6,10
7,34,5,1,2
7,34,5,2,0
7,34,5,3,0
7,34,5,4,0
7,34,5,5,0
7,34,5,6,0
7,35,6,1,14
7,35,6,2,0
7,35,6,3,1
7,35,6,4,0
7,35,6,5,0
7,35,6,6,0
7,36,1,1,28334
7,36,1,2,92
7,36,1,3,178
7,36,1,4,223
7,36,1,5,161
7,36,1,6,505
7,37,5,1,0
7,37,5,2,0
7,37,5,3,0
7,37,5,4,0
7,37,5,5,0
7,37,5,6,0
7,38,6,1,1
7,38,6,2,0
7,38,6,3,0
7,38,6,4,0
7,38,6,5,0
7,38,6,6,0
7,39,3,1,105585
7,39,3,2,519838
7,39,3,3,836
7,39,3,4,409
7,39,3,5,788
7,39,3,6,13778
7,40,5,1,10653
7,40,5,2,214
7,40,5,3,37
7,40,5,4,36
7,40,5,5,68
7,40,5,6,812
7,41,4,1,169
7,41,4,2,1
7,41,4,3,5
7,41,4,4,2
7,41,4,5,0
7,41,4,6,10
7,42,3,1,55448
7,42,3,2,4927
7,42,3,3,1115
7,42,3,4,423
7,42,3,5,8468
7,42,3,6,3725
7,43,6,1,1
7,43,6,2,0
7,43,6,3,0
7,43,6,4,0
7,43,6,5,0
7,43,6,6,0
7,44,6,1,7
7,44,6,2,0
7,44,6,3,0
7,44,6,4,0
7,44,6,5,0
7,44,6,6,0
7,45,5,1,1
7,45,5,2,0
7,45,5,3,1
7,45,5,4,0
7,45,5,5,0
7,45,5,6,0
7,46,5,1,4716
7,46,5,2,50
7,46,5,3,105
7,46,5,4,62
7,46,5,5,58
7,46,5,6,225
7,47,6,1,7
7,47,6,2,0
7,47,6,3,0
7,47,6,4,0
7,47,6,5,0
7,47,6,6,0
7,48,2,1,12802
7,48,2,2,14
7,48,2,3,50
7,48,2,4,85
7,48,2,5,35
7,48,2,6,438
7,49,4,1,351
7,49,4,2,1
7,49,4,3,5
7,49,4,4,7
7,49,4,5,4
7,49,4,6,16
7,50,2,1,2586
7,50,2,2,48
7,50,2,3,4
7,50,2,4,0
7,50,2,5,7
7,50,2,6,24
7,51,6,1,1
7,51,6,2,0
7,51,6,3,0
7,51,6,4,0
7,51,6,5,0
7,51,6,6,0
7,52,4,1,3510
7,52,4,2,21
7,52,4,3,56
7,52,4,4,106
7,52,4,5,238
7,52,4,6,103
7,53,6,1,0
7,53,6,2,0
7,53,6,3,0
7,53,6,4,0
7,53,6,5,0
7,53,6,6,0
7,54,2,1,17
7,54,2,2,0
7,54,2,3,0
7,54,2,4,0
7,54,2,5,1
7,54,2,6,3
7,55,3,1,20201
7,55,3,2,3261
7,55,3,3,642
7,55,3,4,217
7,55,3,5,85372
7,55,3,6,18361
7,56,1,1,298346
7,56,1,2,849
7,56,1,3,428
7,56,1,4,416
7,56,1,5,1190
7,56,1,6,6136
7,57,6,1,71
7,57,6,2,0
7,57,6,3,0
7,57,6,4,1
7,57,6,5,2
7,57,6,6,4
7,58,2,1,3053
7,58,2,2,6
7,58,2,3,3
7,58,2,4,3
7,58,2,5,8
7,58,2,6,66
7,59,5,1,159
7,59,5,2,1
7,59,5,3,1
7,59,5,4,1
7,59,5,5,0
7,59,5,6,12
7,60,6,1,4
7,60,6,2,0
7,60,6,3,0
7,60,6,4,0
7,60,6,5,0
7,60,6,6,0
7,61,4,1,588
7,61,4,2,12
7,61,4,3,74
7,61,4,4,35
7,61,4,5,7
7,61,4,6,21
7,62,4,1,812
7,62,4,2,12
7,62,4,3,12
7,62,4,4,16
7,62,4,5,2
7,62,4,6,6
7,63,4,1,70882
7,63,4,2,522
7,63,4,3,592
7,63,4,4,491
7,63,4,5,428
7,63,4,6,953
7,64,4,1,103
7,64,4,2,0
7,64,4,3,3
7,64,4,4,6
7,64,4,5,6
7,64,4,6,7
7,65,6,1,32
7,65,6,2,0
7,65,6,3,0
7,65,6,4,0
7,65,6,5,0
7,65,6,6,12
7,66,4,1,21
7,66,4,2,0
7,66,4,3,1
7,66,4,4,0
7,66,4,5,2
7,66,4,6,0
7,67,7,1,11
7,67,7,2,0
7,67,7,3,0
7,67,7,4,0
7,67,7,5,0
7,67,7,6,0
7,68,5,1,1552
7,68,5,2,6
7,68,5,3,2
7,68,5,4,15
7,68,5,5,2
7,68,5,6,532
7,69,4,1,553
7,69,4,2,18
7,69,4,3,18
7,69,4,4,35
7,69,4,5,5
7,69,4,6,18
7,70,4,1,40678
7,70,4,2,612
7,70,4,3,1885
7,70,4,4,2348
7,70,4,5,660
7,70,4,6,1121
7,71,6,1,1
7,71,6,2,0
7,71,6,3,0
7,71,6,4,0
7,71,6,5,0
7,71,6,6,0
7,72,6,1,1
7,72,6,2,0
7,72,6,3,0
7,72,6,4,0
7,72,6,5,0
7,72,6,6,0
7,73,5,1,50
7,73,5,2,0
7,73,5,3,0
7,73,5,4,0
7,73,5,5,0
7,73,5,6,8
7,74,6,1,27
7,74,6,2,0
7,74,6,3,0
7,74,6,4,0
7,74,6,5,0
7,74,6,6,1
7,75,2,1,66
7,75,2,2,2
7,75,2,3,4
7,75,2,4,1
7,75,2,5,4
7,75,2,6,1
7,76,4,1,1075
7,76,4,2,29
7,76,4,3,49
7,76,4,4,54
7,76,4,5,2
7,76,4,6,46
7,77,4,1,0
7,77,4,2,0
7,77,4,3,0
7,77,4,4,0
7,77,4,5,0
7,77,4,6,0
7,78,2,1,3288
7,78,2,2,17
7,78,2,3,1
7,78,2,4,5
7,78,2,5,16
7,78,2,6,40
7,79,6,1,3
7,79,6,2,0
7,79,6,3,0
7,79,6,4,0
7,79,6,5,0
7,79,6,6,0
7,80,6,1,0
7,80,6,2,0
7,80,6,3,0
7,80,6,4,0
7,80,6,5,0
7,80,6,6,0
7,81,6,1,5
7,81,6,2,0
7,81,6,3,0
7,81,6,4,0
7,81,6,5,0
7,81,6,6,0
7,82,3,1,99
7,82,3,2,2
7,82,3,3,1
7,82,3,4,2
7,82,3,5,0
7,82,3,6,5
7,83,2,1,73
7,83,2,2,36
7,83,2,3,0
7,83,2,4,0
7,83,2,5,0
7,83,2,6,1
7,84,2,1,1868
7,84,2,2,17
7,84,2,3,4
7,84,2,4,2
7,84,2,5,10
7,84,2,6,29
7,85,5,1,670
7,85,5,2,7
7,85,5,3,10
7,85,5,4,22
7,85,5,5,3
7,85,5,6,59
7,86,4,1,757
7,86,4,2,9
7,86,4,3,52
7,86,4,4,32
7,86,4,5,10
7,86,4,6,13
7,87,5,1,3447
7,87,5,2,24
7,87,5,3,13
7,87,5,4,12
7,87,5,5,7
7,87,5,6,376
7,88,5,1,814
7,88,5,2,4
7,88,5,3,0
7,88,5,4,1
7,88,5,5,4
7,88,5,6,183
7,89,5,1,12
7,89,5,2,0
7,89,5,3,0
7,89,5,4,0
7,89,5,5,0
7,89,5,6,0
7,90,5,1,43
7,90,5,2,0
7,90,5,3,2
7,90,5,4,2
7,90,5,5,0
7,90,5,6,1
7,91,4,1,3108
7,91,4,2,23
7,91,4,3,221
7,91,4,4,218
7,91,4,5,88
7,91,4,6,243
7,92,7,1,0
7,92,7,2,0
7,92,7,3,0
7,92,7,4,0
7,92,7,5,0
7,92,7,6,0
7,93,4,1,108
7,93,4,2,0
7,93,4,3,0
7,93,4,4,3
7,93,4,5,0
7,93,4,6,5
7,94,5,1,4686
7,94,5,2,29
7,94,5,3,325
7,94,5,4,172
7,94,5,5,103
7,94,5,6,107
7,95,4,1,27017
7,95,4,2,105
7,95,4,3,314
7,95,4,4,371
7,95,4,5,171
7,95,4,6,402
7,96,2,1,475
7,96,2,2,0
7,96,2,3,1
7,96,2,4,0
7,96,2,5,2
7,96,2,6,4
7,97,5,1,6309
7,97,5,2,31
7,97,5,3,45
7,97,5,4,46
7,97,5,5,30
7,97,5,6,231
7,98,5,1,32
7,98,5,2,0
7,98,5,3,1
7,98,5,4,0
7,98,5,5,0
7,98,5,6,0
7,99,5,1,52
7,99,5,2,0
7,99,5,3,0
7,99,5,4,0
7,99,5,5,0
7,99,5,6,4
7,100,5,1,48
7,100,5,2,0
7,100,5,3,0
7,100,5,4,0
7,100,5,5,0
7,100,5,6,1
7,101,6,1,45
7,101,6,2,0
7,101,6,3,2
7,101,6,4,0
7,101,6,5,0
7,101,6,6,0
7,102,5,1,1
7,102,5,2,0
7,102,5,3,0
7,102,5,4,0
7,102,5,5,0
7,102,5,6,1
7,103,7,1,0
7,103,7,2,0
7,103,7,3,0
7,103,7,4,0
7,103,7,5,0
7,103,7,6,0
7,104,5,1,72
7,104,5,2,0
7,104,5,3,1
7,104,5,4,0
7,104,5,5,0
7,104,5,6,2
7,105,5,1,7
7,105,5,2,0
7,105,5,3,0
7,105,5,4,0
7,105,5,5,0
7,105,5,6,0
7,106,6,1,3
7,106,6,2,0
7,106,6,3,0
7,106,6,4,0
7,106,6,5,0
7,106,6,6,0
7,107,4,1,123
7,107,4,2,0
7,107,4,3,1
7,107,4,4,5
7,107,4,5,2
7,107,4,6,16
7,108,5,1,54
7,108,5,2,0
7,108,5,3,1
7,108,5,4,1
7,108,5,5,0
7,108,5,6,1
7,109,6,1,3
7,109,6,2,0
7,109,6,3,0
7,109,6,4,0
7,109,6,5,0
7,109,6,6,0
7,110,6,1,2
7,110,6,2,0
7,110,6,3,0
7,110,6,4,0
7,110,6,5,0
7,110,6,6,0
7,111,4,1,37
7,111,4,2,2
7,111,4,3,2
7,111,4,4,0
7,111,4,5,0
7,111,4,6,0
7,112,4,1,312
7,112,4,2,3
7,112,4,3,13
7,112,4,4,17
7,112,4,5,4
7,112,4,6,19
7,113,4,1,322
7,113,4,2,0
7,113,4,3,3
7,113,4,4,10
7,113,4,5,2
7,113,4,6,15
7,114,6,1,12
7,114,6,2,0
7,114,6,3,0
7,114,6,4,0
7,114,6,5,0
7,114,6,6,0
7,115,5,1,364
7,115,5,2,2
7,115,5,3,1
7,115,5,4,7
7,115,5,5,5
7,115,5,6,19
7,116,6,1,7
7,116,6,2,0
7,116,6,3,0
7,116,6,4,0
7,116,6,5,0
7,116,6,6,0
7,117,5,1,6
7,117,5,2,0
7,117,5,3,0
7,117,5,4,0
7,117,5,5,0
7,117,5,6,0
7,118,6,1,0
7,118,6,2,0
7,118,6,3,0
7,118,6,4,0
7,118,6,5,0
7,118,6,6,0
7,119,4,1,233
7,119,4,2,0
7,119,4,3,9
7,119,4,4,4
7,119,4,5,2
7,119,4,6,1
7,120,6,1,115
7,120,6,2,3
7,120,6,3,2
7,120,6,4,1
7,120,6,5,2
7,120,6,6,1
7,121,6,1,15
7,121,6,2,0
7,121,6,3,0
7,121,6,4,1
7,121,6,5,1
7,121,6,6,1
7,122,6,1,0
7,122,6,2,0
7,122,6,3,0
7,122,6,4,0
7,122,6,5,0
7,122,6,6,0
7,123,1,1,54123
7,123,1,2,243
7,123,1,3,320
7,123,1,4,194
7,123,1,5,192
7,123,1,6,1321
7,124,4,1,15
7,124,4,2,0
7,124,4,3,0
7,124,4,4,0
7,124,4,5,2
7,124,4,6,1
7,125,5,1,66
7,125,5,2,3
7,125,5,3,0
7,125,5,4,0
7,125,5,5,0
7,125,5,6,1
7,126,6,1,9
7,126,6,2,0
7,126,6,3,0
7,126,6,4,0
7,126,6,5,0
7,126,6,6,1
7,127,5,1,43
7,127,5,2,0
7,127,5,3,0
7,127,5,4,0
7,127,5,5,0
7,127,5,6,21
7,128,6,1,4
7,128,6,2,0
7,128,6,3,0
7,128,6,4,0
7,128,6,5,0
7,128,6,6,0
7,129,7,1,0
7,129,7,2,0
7,129,7,3,0
7,129,7,4,0
7,129,7,5,0
7,129,7,6,0
7,130,5,1,41
7,130,5,2,0
7,130,5,3,1
7,130,5,4,0
7,130,5,5,0
7,130,5,6,3
7,131,2,1,584
7,131,2,2,9
7,131,2,3,0
7,131,2,4,1
7,131,2,5,0
7,131,2,6,6
7,132,6,1,2
7,132,6,2,0
7,132,6,3,0
7,132,6,4,0
7,132,6,5,0
7,132,6,6,0
7,133,6,1,36
7,133,6,2,0
7,133,6,3,0
7,133,6,4,0
7,133,6,5,0
7,133,6,6,1
7,134,4,1,2080
7,134,4,2,39
7,134,4,3,41
7,134,4,4,67
7,134,4,5,34
7,134,4,6,77
7,135,7,1,1645
7,135,7,2,19
7,135,7,3,54
7,135,7,4,94
7,135,7,5,41
7,135,7,6,114
7,136,5,1,9
7,136,5,2,0
7,136,5,3,1
7,136,5,4,1
7,136,5,5,0
7,136,5,6,1
7,137,4,1,19100
7,137,4,2,102
7,137,4,3,349
7,137,4,4,464
7,137,4,5,157
7,137,4,6,298
7,138,5,1,57
7,138,5,2,71
7,138,5,3,1
7,138,5,4,1
7,138,5,5,1
7,138,5,6,4
7,139,5,1,11
7,139,5,2,0
7,139,5,3,0
7,139,5,4,1
7,139,5,5,0
7,139,5,6,0
7,140,2,1,7200
7,140,2,2,22
7,140,2,3,10
7,140,2,4,0
7,140,2,5,12
7,140,2,6,105
7,141,7,1,6
7,141,7,2,0
7,141,7,3,0
7,141,7,4,0
7,141,7,5,0
7,141,7,6,1
7,142,3,1,3060
7,142,3,2,244
7,142,3,3,173
7,142,3,4,83
7,142,3,5,10
7,142,3,6,28
7,143,4,1,3226
7,143,4,2,33
7,143,4,3,421
7,143,4,4,467
7,143,4,5,41
7,143,4,6,151
7,144,4,1,2437
7,144,4,2,20
7,144,4,3,65
7,144,4,4,66
7,144,4,5,19
7,144,4,6,64
7,145,2,1,1168
7,145,2,2,3
7,145,2,3,2
7,145,2,4,0
7,145,2,5,1
7,145,2,6,12
7,146,4,1,23221
7,146,4,2,149
7,146,4,3,883
7,146,4,4,942
7,146,4,5,457
7,146,4,6,1968
7,147,6,1,0
7,147,6,2,0
7,147,6,3,0
7,147,6,4,0
7,147,6,5,0
7,147,6,6,0
7,148,4,1,1613
7,148,4,2,101
7,148,4,3,224
7,148,4,4,92
7,148,4,5,40
7,148,4,6,66
7,149,2,1,4888
7,149,2,2,128
7,149,2,3,13
7,149,2,4,7
7,149,2,5,281
7,149,2,6,72
7,150,4,1,0
7,150,4,2,0
7,150,4,3,0
7,150,4,4,0
7,150,4,5,0
7,150,4,6,0
7,151,11,1,405
7,151,11,2,2
7,151,11,3,1
7,151,11,4,4
7,151,11,5,6
7,151,11,6,12
7,152,4,1,0
7,152,4,2,0
7,152,4,3,0
7,152,4,4,0
7,152,4,5,0
7,152,4,6,0
7,153,4,1,1191
7,153,4,2,4
7,153,4,3,60
7,153,4,4,6
7,153,4,5,11
7,153,4,6,74
7,154,4,1,2322
7,154,4,2,44
7,154,4,3,73
7,154,4,4,66
7,154,4,5,45
7,154,4,6,159
7,155,6,1,5
7,155,6,2,0
7,155,6,3,0
7,155,6,4,0
7,155,6,5,0
7,155,6,6,0
7,156,2,1,8
7,156,2,2,0
7,156,2,3,0
7,156,2,4,0
7,156,2,5,0
7,156,2,6,5
7,157,7,1,30
7,157,7,2,0
7,157,7,3,2
7,157,7,4,0
7,157,7,5,0
7,157,7,6,0
7,158,7,1,2
7,158,7,2,0
7,158,7,3,0
7,158,7,4,0
7,158,7,5,0
7,158,7,6,0
7,159,4,1,8
7,159,4,2,1
7,159,4,3,0
7,159,4,4,2
7,159,4,5,0
7,159,4,6,0
7,160,2,1,20
7,160,2,2,0
7,160,2,3,0
7,160,2,4,0
7,160,2,5,0
7,160,2,6,0
7,161,2,1,22
7,161,2,2,0
7,161,2,3,0
7,161,2,4,0
7,161,2,5,0
7,161,2,6,1
7,162,6,1,15
7,162,6,2,0
7,162,6,3,0
7,162,6,4,0
7,162,6,5,0
7,162,6,6,5
7,163,6,1,2
7,163,6,2,0
7,163,6,3,0
7,163,6,4,0
7,163,6,5,0
7,163,6,6,0
7,164,6,1,2
7,164,6,2,0
7,164,6,3,0
7,164,6,4,0
7,164,6,5,0
7,164,6,6,0
7,165,5,1,0
7,165,5,2,0
7,165,5,3,0
7,165,5,4,0
7,165,5,5,0
7,165,5,6,0
7,166,5,1,540
7,166,5,2,3
7,166,5,3,14
7,166,5,4,18
7,166,5,5,4
7,166,5,6,42
7,167,5,1,15
7,167,5,2,0
7,167,5,3,0
7,167,5,4,0
7,167,5,5,0
7,167,5,6,0
7,168,6,1,2
7,168,6,2,0
7,168,6,3,0
7,168,6,4,0
7,168,6,5,0
7,168,6,6,0
7,169,5,1,65
7,169,5,2,0
7,169,5,3,10
7,169,5,4,3
7,169,5,5,0
7,169,5,6,10
7,170,6,1,0
7,170,6,2,0
7,170,6,3,0
7,170,6,4,0
7,170,6,5,0
7,170,6,6,2
7,171,6,1,669
7,171,6,2,14
7,171,6,3,9
7,171,6,4,21
7,171,6,5,27
7,171,6,6,32
7,172,6,1,3
7,172,6,2,0
7,172,6,3,0
7,172,6,4,0
7,172,6,5,0
7,172,6,6,0
7,173,4,1,3046
7,173,4,2,34
7,173,4,3,120
7,173,4,4,84
7,173,4,5,21
7,173,4,6,108
7,174,4,1,10048
7,174,4,2,98
7,174,4,3,378
7,174,4,4,424
7,174,4,5,158
7,174,4,6,299
7,175,3,1,83
7,175,3,2,0
7,175,3,3,0
7,175,3,4,0
7,175,3,5,0
7,175,3,6,1
7,176,6,1,3
7,176,6,2,0
7,176,6,3,0
7,176,6,4,0
7,176,6,5,0
7,176,6,6,0
7,177,5,1,488
7,177,5,2,8
7,177,5,3,6
7,177,5,4,6
7,177,5,5,1
7,177,5,6,28
7,178,5,1,1799
7,178,5,2,50
7,178,5,3,28
7,178,5,4,25
7,178,5,5,7
7,178,5,6,61
7,179,6,1,15
7,179,6,2,0
7,179,6,3,0
7,179,6,4,0
7,179,6,5,0
7,179,6,6,1
7,180,5,1,2
7,180,5,2,0
7,180,5,3,1
7,180,5,4,0
7,180,5,5,0
7,180,5,6,0
7,181,6,1,1
7,181,6,2,0
7,181,6,3,0
7,181,6,4,0
7,181,6,5,0
7,181,6,6,0
7,182,7,1,3
7,182,7,2,0
7,182,7,3,0
7,182,7,4,0
7,182,7,5,0
7,182,7,6,1
7,183,2,1,372
7,183,2,2,4
7,183,2,3,0
7,183,2,4,0
7,183,2,5,0
7,183,2,6,6
7,184,6,1,18
7,184,6,2,0
7,184,6,3,1
7,184,6,4,1
7,184,6,5,0
7,184,6,6,0
7,185,5,1,1
7,185,5,2,0
7,185,5,3,0
7,185,5,4,0
7,185,5,5,0
7,185,5,6,0
7,186,5,1,1034
7,186,5,2,18
7,186,5,3,70
7,186,5,4,45
7,186,5,5,9
7,186,5,6,87
7,187,7,1,0
7,187,7,2,0
7,187,7,3,0
7,187,7,4,0
7,187,7,5,0
7,187,7,6,0
7,188,4,1,775
7,188,4,2,10
7,188,4,3,7
7,188,4,4,3
7,188,4,5,14
7,188,4,6,152
7,189,6,1,9
7,189,6,2,0
7,189,6,3,1
7,189,6,4,0
7,189,6,5,1
7,189,6,6,0
7,190,3,1,6648
7,190,3,2,207
7,190,3,3,359
7,190,3,4,93
7,190,3,5,32
7,190,3,6,201
7,191,5,1,13
7,191,5,2,0
7,191,5,3,0
7,191,5,4,0
7,191,5,5,0
7,191,5,6,1
7,192,7,1,6
7,192,7,2,0
7,192,7,3,0
7,192,7,4,0
7,192,7,5,0
7,192,7,6,0
7,193,4,1,3
7,193,4,2,0
7,193,4,3,0
7,193,4,4,0
7,193,4,5,0
7,193,4,6,0
7,194,3,1,2442
7,194,3,2,326
7,194,3,3,32
7,194,3,4,14
7,194,3,5,3188
7,194,3,6,165
7,195,5,1,187
7,195,5,2,1
7,195,5,3,0
7,195,5,4,1
7,195,5,5,1
7,195,5,6,13
7,196,5,1,6
7,196,5,2,0
7,196,5,3,0
7,196,5,4,0
7,196,5,5,2
7,196,5,6,0
7,197,6,1,17
7,197,6,2,0
7,197,6,3,0
7,197,6,4,0
7,197,6,5,0
7,197,6,6,0
7,198,6,1,17
7,198,6,2,0
7,198,6,3,0
7,198,6,4,0
7,198,6,5,0
7,198,6,6,2
8,1,5,1,6
8,1,5,2,15
8,1,5,3,1
8,1,5,4,1
8,1,5,5,2
8,1,5,6,0
8,2,4,1,26
8,2,4,2,0
8,2,4,3,0
8,2,4,4,1
8,2,4,5,2
8,2,4,6,1
8,3,4,1,24622
8,3,4,2,296
8,3,4,3,848
8,3,4,4,1041
8,3,4,5,472
8,3,4,6,932
8,4,4,1,65
8,4,4,2,0
8,4,4,3,11
8,4,4,4,0
8,4,4,5,2
8,4,4,6,10
8,5,6,1,20
8,5,6,2,0
8,5,6,3,0
8,5,6,4,0
8,5,6,5,0
8,5,6,6,1
8,6,2,1,27
8,6,2,2,0
8,6,2,3,0
8,6,2,4,0
8,6,2,5,0
8,6,2,6,0
8,7,5,1,90
8,7,5,2,0
8,7,5,3,1
8,7,5,4,1
8,7,5,5,0
8,7,5,6,2
8,8,6,1,59
8,8,6,2,0
8,8,6,3,0
8,8,6,4,0
8,8,6,5,1
8,8,6,6,0
8,9,3,1,47017
8,9,3,2,3488
8,9,3,3,1755
8,9,3,4,918
8,9,3,5,505
8,9,3,6,1260
8,10,5,1,34
8,10,5,2,3
8,10,5,3,1
8,10,5,4,1
8,10,5,5,0
8,10,5,6,1
8,11,2,1,94
8,11,2,2,0
8,11,2,3,1
8,11,2,4,1
8,11,2,5,0
8,11,2,6,1
8,12,7,1,8557
8,12,7,2,58
8,12,7,3,135
8,12,7,4,225
8,12,7,5,183
8,12,7,6,2314
8,13,4,1,2656
8,13,4,2,24
8,13,4,3,124
8,13,4,4,158
8,13,4,5,47
8,13,4,6,130
8,14,5,1,28
8,14,5,2,0
8,14,5,3,1
8,14,5,4,0
8,14,5,5,0
8,14,5,6,1
8,15,2,1,211
8,15,2,2,0
8,15,2,3,0
8,15,2,4,2
8,15,2,5,2
8,15,2,6,1
8,16,5,1,11
8,16,5,2,0
8,16,5,3,0
8,16,5,4,0
8,16,5,5,0
8,16,5,6,0
8,17,5,1,50
8,17,5,2,0
8,17,5,3,1
8,17,5,4,1
8,17,5,5,0
8,17,5,6,14
8,18,2,1,239
8,18,2,2,1
8,18,2,3,0
8,18,2,4,1
8,18,2,5,0
8,18,2,6,1
8,19,4,1,4932
8,19,4,2,72
8,19,4,3,146
8,19,4,4,166
8,19,4,5,81
8,19,4,6,180
8,20,2,1,334
8,20,2,2,0
8,20,2,3,4
8,20,2,4,2
8,20,2,5,0
8,20,2,6,2
8,21,4,1,139
8,21,4,2,1
8,21,4,3,6
8,21,4,4,2
8,21,4,5,0
8,21,4,6,3
8,22,6,1,3
8,22,6,2,0
8,22,6,3,0
8,22,6,4,0
8,22,6,5,0
8,22,6,6,0
8,23,2,1,23
8,23,2,2,0
8,23,2,3,0
8,23,2,4,0
8,23,2,5,0
8,23,2,6,0
8,24,5,1,2
8,24,5,2,0
8,24,5,3,0
8,24,5,4,0
8,24,5,5,0
8,24,5,6,0
8,25,3,1,9354
8,25,3,2,13082
8,25,3,3,53280
8,25,3,4,3670
8,25,3,5,229
8,25,3,6,3756
8,26,4,1,18
8,26,4,2,1
8,26,4,3,4
8,26,4,4,3
8,26,4,5,0
8,26,4,6,0
8,27,6,1,20
8,27,6,2,0
8,27,6,3,0
8,27,6,4,0
8,27,6,5,0
8,27,6,6,0
8,28,3,1,61703
8,28,3,2,2625
8,28,3,3,740
8,28,3,4,718
8,28,3,5,145
8,28,3,6,6597
8,29,5,1,25
8,29,5,2,0
8,29,5,3,0
8,29,5,4,0
8,29,5,5,0
8,29,5,6,0
8,30,4,1,732
8,30,4,2,4
8,30,4,3,26
8,30,4,4,4
8,30,4,5,6
8,30,4,6,40
8,31,6,1,6
8,31,6,2,0
8,31,6,3,0
8,31,6,4,0
8,31,6,5,0
8,31,6,6,0
8,32,6,1,4
8,32,6,2,0
8,32,6,3,0
8,32,6,4,0
8,32,6,5,0
8,32,6,6,0
8,33,6,1,9
8,33,6,2,0
8,33,6,3,0
8,33,6,4,0
8,33,6,5,0
8,33,6,6,2
8,34,5,1,2
8,34,5,2,0
8,34,5,3,0
8,34,5,4,0
8,34,5,5,0
8,34,5,6,0
8,35,6,1,14
8,35,6,2,2
8,35,6,3,0
8,35,6,4,0
8,35,6,5,0
8,35,6,6,1
8,36,1,1,26707
8,36,1,2,124
8,36,1,3,179
8,36,1,4,137
8,36,1,5,139
8,36,1,6,765
8,37,5,1,0
8,37,5,2,0
8,37,5,3,0
8,37,5,4,0
8,37,5,5,0
8,37,5,6,0
8,38,6,1,2
8,38,6,2,0
8,38,6,3,0
8,38,6,4,0
8,38,6,5,0
8,38,6,6,0
8,39,3,1,101463
8,39,3,2,424669
8,39,3,3,663
8,39,3,4,285
8,39,3,5,701
8,39,3,6,9992
8,40,5,1,11173
8,40,5,2,150
8,40,5,3,48
8,40,5,4,22
8,40,5,5,55
8,40,5,6,876
8,41,4,1,333
8,41,4,2,1
8,41,4,3,9
8,41,4,4,8
8,41,4,5,3
8,41,4,6,4
8,42,3,1,60993
8,42,3,2,4633
8,42,3,3,982
8,42,3,4,307
8,42,3,5,7494
8,42,3,6,4027
8,43,6,1,2
8,43,6,2,0
8,43,6,3,0
8,43,6,4,0
8,43,6,5,0
8,43,6,6,0
8,44,6,1,8
8,44,6,2,0
8,44,6,3,0
8,44,6,4,0
8,44,6,5,0
8,44,6,6,0
8,45,5,1,0
8,45,5,2,0
8,45,5,3,0
8,45,5,4,0
8,45,5,5,0
8,45,5,6,0
8,46,5,1,3763
8,46,5,2,57
8,46,5,3,112
8,46,5,4,33
8,46,5,5,90
8,46,5,6,237
8,47,6,1,11
8,47,6,2,0
8,47,6,3,0
8,47,6,4,0
8,47,6,5,0
8,47,6,6,0
8,48,2,1,8843
8,48,2,2,23
8,48,2,3,29
8,48,2,4,15
8,48,2,5,20
8,48,2,6,323
8,49,4,1,397
8,49,4,2,8
8,49,4,3,15
8,49,4,4,22
8,49,4,5,0
8,49,4,6,24
8,50,2,1,2457
8,50,2,2,44
8,50,2,3,2
8,50,2,4,0
8,50,2,5,18
8,50,2,6,34
8,51,6,1,1
8,51,6,2,0
8,51,6,3,0
8,51,6,4,0
8,51,6,5,0
8,51,6,6,0
8,52,4,1,1415
8,52,4,2,12
8,52,4,3,28
8,52,4,4,50
8,52,4,5,85
8,52,4,6,49
8,53,6,1,0
8,53,6,2,0
8,53,6,3,0
8,53,6,4,0
8,53,6,5,0
8,53,6,6,0
8,54,2,1,40
8,54,2,2,2
8,54,2,3,0
8,54,2,4,0
8,54,2,5,2
8,54,2,6,4
8,55,3,1,25471
8,55,3,2,3243
8,55,3,3,840
8,55,3,4,314
8,55,3,5,160754
8,55,3,6,27370
8,56,1,1,253549
8,56,1,2,480
8,56,1,3,354
8,56,1,4,312
8,56,1,5,1190
8,56,1,6,4915
8,57,6,1,138
8,57,6,2,0
8,57,6,3,0
8,57,6,4,1
8,57,6,5,1
8,57,6,6,3
8,58,2,1,3426
8,58,2,2,7
8,58,2,3,8
8,58,2,4,7
8,58,2,5,6
8,58,2,6,95
8,59,5,1,113
8,59,5,2,0
8,59,5,3,1
8,59,5,4,0
8,59,5,5,0
8,59,5,6,16
8,60,6,1,4
8,60,6,2,0
8,60,6,3,0
8,60,6,4,0
8,60,6,5,0
8,60,6,6,0
8,61,4,1,752
8,61,4,2,4
8,61,4,3,28
8,61,4,4,28
8,61,4,5,8
8,61,4,6,38
8,62,4,1,371
8,62,4,2,5
8,62,4,3,19
8,62,4,4,13
8,62,4,5,7
8,62,4,6,33
8,63,4,1,73368
8,63,4,2,517
8,63,4,3,844
8,63,4,4,745
8,63,4,5,669
8,63,4,6,1331
8,64,4,1,135
8,64,4,2,0
8,64,4,3,3
8,64,4,4,5
8,64,4,5,4
8,64,4,6,3
8,65,6,1,40
8,65,6,2,1
8,65,6,3,0
8,65,6,4,0
8,65,6,5,0
8,65,6,6,1
8,66,4,1,34
8,66,4,2,0
8,66,4,3,1
8,66,4,4,0
8,66,4,5,0
8,66,4,6,2
8,67,7,1,5
8,67,7,2,1
8,67,7,3,0
8,67,7,4,0
8,67,7,5,0
8,67,7,6,2
8,68,5,1,1502
8,68,5,2,1
8,68,5,3,14
8,68,5,4,15
8,68,5,5,7
8,68,5,6,538
8,69,4,1,454
8,69,4,2,0
8,69,4,3,9
8,69,4,4,16
8,69,4,5,4
8,69,4,6,13
8,70,4,1,34621
8,70,4,2,578
8,70,4,3,2358
8,70,4,4,2071
8,70,4,5,616
8,70,4,6,1337
8,71,6,1,3
8,71,6,2,0
8,71,6,3,0
8,71,6,4,0
8,71,6,5,0
8,71,6,6,0
8,72,6,1,1
8,72,6,2,0
8,72,6,3,0
8,72,6,4,0
8,72,6,5,0
8,72,6,6,0
8,73,5,1,63
8,73,5,2,0
8,73,5,3,0
8,73,5,4,0
8,73,5,5,0
8,73,5,6,12
8,74,6,1,37
8,74,6,2,0
8,74,6,3,0
8,74,6,4,0
8,74,6,5,3
8,74,6,6,5
8,75,2,1,69
8,75,2,2,0
8,75,2,3,6
8,75,2,4,5
8,75,2,5,0
8,75,2,6,0
8,76,4,1,2676
8,76,4,2,8
8,76,4,3,129
8,76,4,4,193
8,76,4,5,7
8,76,4,6,59
8,77,4,1,1
8,77,4,2,0
8,77,4,3,0
8,77,4,4,0
8,77,4,5,0
8,77,4,6,0
8,78,2,1,3984
8,78,2,2,8
8,78,2,3,9
8,78,2,4,6
8,78,2,5,4
8,78,2,6,75
8,79,6,1,2
8,79,6,2,0
8,79,6,3,0
8,79,6,4,0
8,79,6,5,0
8,79,6,6,0
8,80,6,1,0
8,80,6,2,0
8,80,6,3,0
8,80,6,4,0
8,80,6,5,0
8,80,6,6,0
8,81,6,1,1
8,81,6,2,0
8,81,6,3,0
8,81,6,4,0
8,81,6,5,0
8,81,6,6,0
8,82,3,1,100
8,82,3,2,2
8,82,3,3,1
8,82,3,4,2
8,82,3,5,1
8,82,3,6,9
8,83,2,1,80
8,83,2,2,43
8,83,2,3,0
8,83,2,4,0
8,83,2,5,4
8,83,2,6,6
8,84,2,1,1680
8,84,2,2,8
8,84,2,3,12
8,84,2,4,6
8,84,2,5,11
8,84,2,6,33
8,85,5,1,692
8,85,5,2,7
8,85,5,3,18
8,85,5,4,12
8,85,5,5,5
8,85,5,6,71
8,86,4,1,716
8,86,4,2,3
8,86,4,3,47
8,86,4,4,12
8,86,4,5,7
8,86,4,6,15
8,87,5,1,4039
8,87,5,2,29
8,87,5,3,17
8,87,5,4,12
8,87,5,5,12
8,87,5,6,374
8,88,5,1,1139
8,88,5,2,2
8,88,5,3,0
8,88,5,4,23
8,88,5,5,1
8,88,5,6,238
8,89,5,1,7
8,89,5,2,0
8,89,5,3,0
8,89,5,4,0
8,89,5,5,0
8,89,5,6,1
8,90,5,1,59
8,90,5,2,1
8,90,5,3,0
8,90,5,4,1
8,90,5,5,1
8,90,5,6,2
8,91,4,1,2282
8,91,4,2,11
8,91,4,3,102
8,91,4,4,98
8,91,4,5,122
8,91,4,6,151
8,92,7,1,0
8,92,7,2,0
8,92,7,3,0
8,92,7,4,0
8,92,7,5,0
8,92,7,6,0
8,93,4,1,56
8,93,4,2,0
8,93,4,3,0
8,93,4,4,0
8,93,4,5,1
8,93,4,6,3
8,94,5,1,5014
8,94,5,2,14
8,94,5,3,262
8,94,5,4,74
8,94,5,5,154
8,94,5,6,108
8,95,4,1,46443
8,95,4,2,192
8,95,4,3,2009
8,95,4,4,1193
8,95,4,5,228
8,95,4,6,1391
8,96,2,1,605
8,96,2,2,0
8,96,2,3,0
8,96,2,4,0
8,96,2,5,3
8,96,2,6,4
8,97,5,1,8821
8,97,5,2,34
8,97,5,3,61
8,97,5,4,61
8,97,5,5,26
8,97,5,6,380
8,98,5,1,33
8,98,5,2,0
8,98,5,3,1
8,98,5,4,0
8,98,5,5,0
8,98,5,6,5
8,99,5,1,48
8,99,5,2,0
8,99,5,3,0
8,99,5,4,0
8,99,5,5,0
8,99,5,6,0
8,100,5,1,107
8,100,5,2,0
8,100,5,3,0
8,100,5,4,0
8,100,5,5,0
8,100,5,6,0
8,101,6,1,99
8,101,6,2,0
8,101,6,3,3
8,101,6,4,1
8,101,6,5,0
8,101,6,6,2
8,102,5,1,12
8,102,5,2,0
8,102,5,3,0
8,102,5,4,0
8,102,5,5,0
8,102,5,6,0
8,103,7,1,6
8,103,7,2,0
8,103,7,3,0
8,103,7,4,0
8,103,7,5,0
8,103,7,6,0
8,104,5,1,76
8,104,5,2,0
8,104,5,3,1
8,104,5,4,0
8,104,5,5,1
8,104,5,6,4
8,105,5,1,2
8,105,5,2,0
8,105,5,3,0
8,105,5,4,0
8,105,5,5,0
8,105,5,6,0
8,106,6,1,4
8,106,6,2,0
8,106,6,3,0
8,106,6,4,0
8,106,6,5,0
8,106,6,6,0
8,107,4,1,182
8,107,4,2,0
8,107,4,3,1
8,107,4,4,4
8,107,4,5,3
8,107,4,6,9
8,108,5,1,84
8,108,5,2,2
8,108,5,3,1
8,108,5,4,0
8,108,5,5,0
8,108,5,6,0
8,109,6,1,4
8,109,6,2,0
8,109,6,3,0
8,109,6,4,0
8,109,6,5,0
8,109,6,6,0
8,110,6,1,1
8,110,6,2,0
8,110,6,3,0
8,110,6,4,0
8,110,6,5,0
8,110,6,6,0
8,111,4,1,26
8,111,4,2,0
8,111,4,3,4
8,111,4,4,0
8,111,4,5,0
8,111,4,6,2
8,112,4,1,365
8,112,4,2,5
8,112,4,3,5
8,112,4,4,5
8,112,4,5,8
8,112,4,6,46
8,113,4,1,418
8,113,4,2,2
8,113,4,3,14
8,113,4,4,17
8,113,4,5,5
8,113,4,6,19
8,114,6,1,10
8,114,6,2,0
8,114,6,3,0
8,114,6,4,0
8,114,6,5,0
8,114,6,6,0
8,115,5,1,645
8,115,5,2,6
8,115,5,3,6
8,115,5,4,4
8,115,5,5,5
8,115,5,6,15
8,116,6,1,1
8,116,6,2,0
8,116,6,3,0
8,116,6,4,0
8,116,6,5,0
8,116,6,6,0
8,117,5,1,18
8,117,5,2,0
8,117,5,3,0
8,117,5,4,0
8,117,5,5,0
8,117,5,6,0
8,118,6,1,5
8,118,6,2,0
8,118,6,3,0
8,118,6,4,0
8,118,6,5,0
8,118,6,6,0
8,119,4,1,344
8,119,4,2,0
8,119,4,3,0
8,119,4,4,4
8,119,4,5,0
8,119,4,6,5
8,120,6,1,195
8,120,6,2,0
8,120,6,3,3
8,120,6,4,0
8,120,6,5,2
8,120,6,6,3
8,121,6,1,26
8,121,6,2,0
8,121,6,3,0
8,121,6,4,1
8,121,6,5,0
8,121,6,6,2
8,122,6,1,0
8,122,6,2,0
8,122,6,3,0
8,122,6,4,0
8,122,6,5,0
8,122,6,6,0
8,123,1,1,49637
8,123,1,2,215
8,123,1,3,254
8,123,1,4,128
8,123,1,5,159
8,123,1,6,1152
8,124,4,1,18
8,124,4,2,0
8,124,4,3,0
8,124,4,4,0
8,124,4,5,0
8,124,4,6,1
8,125,5,1,71
8,125,5,2,0
8,125,5,3,0
8,125,5,4,0
8,125,5,5,0
8,125,5,6,1
8,126,6,1,12
8,126,6,2,0
8,126,6,3,0
8,126,6,4,0
8,126,6,5,0
8,126,6,6,1
8,127,5,1,43
8,127,5,2,1
8,127,5,3,0
8,127,5,4,0
8,127,5,5,0
8,127,5,6,45
8,128,6,1,13
8,128,6,2,0
8,128,6,3,0
8,128,6,4,0
8,128,6,5,0
8,128,6,6,0
8,129,7,1,0
8,129,7,2,0
8,129,7,3,0
8,129,7,4,0
8,129,7,5,0
8,129,7,6,0
8,130,5,1,74
8,130,5,2,0
8,130,5,3,0
8,130,5,4,1
8,130,5,5,0
8,130,5,6,0
8,131,2,1,599
8,131,2,2,18
8,131,2,3,1
8,131,2,4,0
8,131,2,5,0
8,131,2,6,13
8,132,6,1,0
8,132,6,2,0
8,132,6,3,0
8,132,6,4,0
8,132,6,5,0
8,132,6,6,0
8,133,6,1,50
8,133,6,2,0
8,133,6,3,0
8,133,6,4,0
8,133,6,5,1
8,133,6,6,6
8,134,4,1,848
8,134,4,2,9
8,134,4,3,10
8,134,4,4,12
8,134,4,5,23
8,134,4,6,32
8,135,7,1,1606
8,135,7,2,17
8,135,7,3,52
8,135,7,4,69
8,135,7,5,55
8,135,7,6,472
8,136,5,1,19
8,136,5,2,0
8,136,5,3,1
8,136,5,4,0
8,136,5,5,0
8,136,5,6,0
8,137,4,1,10698
8,137,4,2,130
8,137,4,3,450
8,137,4,4,443
8,137,4,5,164
8,137,4,6,295
8,138,5,1,113
8,138,5,2,65
8,138,5,3,2
8,138,5,4,1
8,138,5,5,4
8,138,5,6,5
8,139,5,1,11
8,139,5,2,0
8,139,5,3,0
8,139,5,4,0
8,139,5,5,0
8,139,5,6,0
8,140,2,1,7899
8,140,2,2,25
8,140,2,3,8
8,140,2,4,3
8,140,2,5,8
8,140,2,6,127
8,141,7,1,36
8,141,7,2,0
8,141,7,3,0
8,141,7,4,0
8,141,7,5,0
8,141,7,6,1
8,142,3,1,3489
8,142,3,2,241
8,142,3,3,451
8,142,3,4,12
8,142,3,5,14
8,142,3,6,23
8,143,4,1,3565
8,143,4,2,59
8,143,4,3,368
8,143,4,4,277
8,143,4,5,58
8,143,4,6,144
8,144,4,1,3252
8,144,4,2,25
8,144,4,3,58
8,144,4,4,68
8,144,4,5,23
8,144,4,6,87
8,145,2,1,717
8,145,2,2,0
8,145,2,3,1
8,145,2,4,2
8,145,2,5,1
8,145,2,6,4
8,146,4,1,20819
8,146,4,2,145
8,146,4,3,639
8,146,4,4,749
8,146,4,5,489
8,146,4,6,1644
8,147,6,1,0
8,147,6,2,0
8,147,6,3,0
8,147,6,4,0
8,147,6,5,0
8,147,6,6,0
8,148,4,1,1679
8,148,4,2,25
8,148,4,3,141
8,148,4,4,63
8,148,4,5,26
8,148,4,6,64
8,149,2,1,5236
8,149,2,2,125
8,149,2,3,15
8,149,2,4,3
8,149,2,5,272
8,149,2,6,102
8,150,4,1,3
8,150,4,2,0
8,150,4,3,0
8,150,4,4,0
8,150,4,5,0
8,150,4,6,1
8,151,11,1,351
8,151,11,2,4
8,151,11,3,5
8,151,11,4,1
8,151,11,5,5
8,151,11,6,12
8,152,4,1,0
8,152,4,2,0
8,152,4,3,0
8,152,4,4,0
8,152,4,5,0
8,152,4,6,0
8,153,4,1,1838
8,153,4,2,7
8,153,4,3,13
8,153,4,4,58
8,153,4,5,7
8,153,4,6,80
8,154,4,1,2581
8,154,4,2,30
8,154,4,3,45
8,154,4,4,31
8,154,4,5,41
8,154,4,6,162
8,155,6,1,7
8,155,6,2,0
8,155,6,3,0
8,155,6,4,0
8,155,6,5,0
8,155,6,6,0
8,156,2,1,18
8,156,2,2,0
8,156,2,3,0
8,156,2,4,0
8,156,2,5,0
8,156,2,6,0
8,157,7,1,23
8,157,7,2,0
8,157,7,3,0
8,157,7,4,0
8,157,7,5,0
8,157,7,6,0
8,158,7,1,0
8,158,7,2,0
8,158,7,3,0
8,158,7,4,0
8,158,7,5,0
8,158,7,6,0
8,159,4,1,6
8,159,4,2,0
8,159,4,3,1
8,159,4,4,0
8,159,4,5,0
8,159,4,6,0
8,160,2,1,19
8,160,2,2,0
8,160,2,3,0
8,160,2,4,0
8,160,2,5,0
8,160,2,6,2
8,161,2,1,27
8,161,2,2,0
8,161,2,3,0
8,161,2,4,0
8,161,2,5,0
8,161,2,6,1
8,162,6,1,12
8,162,6,2,0
8,162,6,3,0
8,162,6,4,0
8,162,6,5,0
8,162,6,6,2
8,163,6,1,9
8,163,6,2,0
8,163,6,3,0
8,163,6,4,0
8,163,6,5,0
8,163,6,6,0
8,164,6,1,5
8,164,6,2,0
8,164,6,3,0
8,164,6,4,0
8,164,6,5,0
8,164,6,6,1
8,165,5,1,0
8,165,5,2,0
8,165,5,3,0
8,165,5,4,0
8,165,5,5,0
8,165,5,6,0
8,166,5,1,640
8,166,5,2,1
8,166,5,3,2
8,166,5,4,7
8,166,5,5,5
8,166,5,6,49
8,167,5,1,20
8,167,5,2,0
8,167,5,3,0
8,167,5,4,0
8,167,5,5,0
8,167,5,6,0
8,168,6,1,1
8,168,6,2,0
8,168,6,3,0
8,168,6,4,0
8,168,6,5,0
8,168,6,6,0
8,169,5,1,78
8,169,5,2,0
8,169,5,3,8
8,169,5,4,1
8,169,5,5,0
8,169,5,6,19
8,170,6,1,0
8,170,6,2,0
8,170,6,3,0
8,170,6,4,0
8,170,6,5,0
8,170,6,6,0
8,171,6,1,830
8,171,6,2,19
8,171,6,3,13
8,171,6,4,43
8,171,6,5,14
8,171,6,6,47
8,172,6,1,14
8,172,6,2,0
8,172,6,3,0
8,172,6,4,0
8,172,6,5,1
8,172,6,6,0
8,173,4,1,1589
8,173,4,2,29
8,173,4,3,36
8,173,4,4,29
8,173,4,5,26
8,173,4,6,41
8,174,4,1,5225
8,174,4,2,80
8,174,4,3,257
8,174,4,4,257
8,174,4,5,152
8,174,4,6,246
8,175,3,1,91
8,175,3,2,0
8,175,3,3,0
8,175,3,4,0
8,175,3,5,0
8,175,3,6,0
8,176,6,1,2
8,176,6,2,0
8,176,6,3,0
8,176,6,4,0
8,176,6,5,0
8,176,6,6,0
8,177,5,1,574
8,177,5,2,5
8,177,5,3,3
8,177,5,4,7
8,177,5,5,4
8,177,5,6,21
8,178,5,1,1774
8,178,5,2,30
8,178,5,3,24
8,178,5,4,19
8,178,5,5,11
8,178,5,6,72
8,179,6,1,11
8,179,6,2,0
8,179,6,3,0
8,179,6,4,0
8,179,6,5,0
8,179,6,6,2
8,180,5,1,1
8,180,5,2,0
8,180,5,3,1
8,180,5,4,0
8,180,5,5,0
8,180,5,6,0
8,181,6,1,7
8,181,6,2,0
8,181,6,3,0
8,181,6,4,0
8,181,6,5,0
8,181,6,6,0
8,182,7,1,5
8,182,7,2,0
8,182,7,3,0
8,182,7,4,0
8,182,7,5,0
8,182,7,6,0
8,183,2,1,331
8,183,2,2,1
8,183,2,3,0
8,183,2,4,0
8,183,2,5,5
8,183,2,6,2
8,184,6,1,44
8,184,6,2,0
8,184,6,3,0
8,184,6,4,0
8,184,6,5,0
8,184,6,6,1
8,185,5,1,0
8,185,5,2,0
8,185,5,3,0
8,185,5,4,0
8,185,5,5,0
8,185,5,6,0
8,186,5,1,1039
8,186,5,2,23
8,186,5,3,70
8,186,5,4,28
8,186,5,5,15
8,186,5,6,73
8,187,7,1,0
8,187,7,2,0
8,187,7,3,0
8,187,7,4,0
8,187,7,5,0
8,187,7,6,0
8,188,4,1,852
8,188,4,2,15
8,188,4,3,10
8,188,4,4,7
8,188,4,5,9
8,188,4,6,180
8,189,6,1,32
8,189,6,2,0
8,189,6,3,1
8,189,6,4,0
8,189,6,5,0
8,189,6,6,0
8,190,3,1,6637
8,190,3,2,84
8,190,3,3,71
8,190,3,4,106
8,190,3,5,37
8,190,3,6,279
8,191,5,1,31
8,191,5,2,0
8,191,5,3,1
8,191,5,4,0
8,191,5,5,0
8,191,5,6,0
8,192,7,1,11
8,192,7,2,0
8,192,7,3,0
8,192,7,4,0
8,192,7,5,0
8,192,7,6,0
8,193,4,1,4
8,193,4,2,0
8,193,4,3,0
8,193,4,4,0
8,193,4,5,0
8,193,4,6,0
8,194,3,1,2992
8,194,3,2,283
8,194,3,3,38
8,194,3,4,19
8,194,3,5,1205
8,194,3,6,159
8,195,5,1,271
8,195,5,2,0
8,195,5,3,3
8,195,5,4,1
8,195,5,5,0
8,195,5,6,15
8,196,5,1,6
8,196,5,2,1
8,196,5,3,0
8,196,5,4,0
8,196,5,5,4
8,196,5,6,0
8,197,6,1,20
8,197,6,2,0
8,197,6,3,0
8,197,6,4,0
8,197,6,5,0
8,197,6,6,0
8,198,6,1,31
8,198,6,2,0
8,198,6,3,0
8,198,6,4,0
8,198,6,5,0
8,198,6,6,0
9,1,5,1,7
9,1,5,2,10
9,1,5,3,0
9,1,5,4,0
9,1,5,5,0
9,1,5,6,0
9,2,4,1,36
9,2,4,2,0
9,2,4,3,0
9,2,4,4,0
9,2,4,5,0
9,2,4,6,0
9,3,4,1,27165
9,3,4,2,266
9,3,4,3,979
9,3,4,4,1269
9,3,4,5,577
9,3,4,6,996
9,4,4,1,43
9,4,4,2,0
9,4,4,3,0
9,4,4,4,0
9,4,4,5,3
9,4,4,6,3
9,5,6,1,6
9,5,6,2,0
9,5,6,3,0
9,5,6,4,0
9,5,6,5,0
9,5,6,6,0
9,6,2,1,24
9,6,2,2,0
9,6,2,3,0
9,6,2,4,0
9,6,2,5,0
9,6,2,6,0
9,7,5,1,103
9,7,5,2,0
9,7,5,3,3
9,7,5,4,2
9,7,5,5,0
9,7,5,6,2
9,8,6,1,32
9,8,6,2,0
9,8,6,3,1
9,8,6,4,0
9,8,6,5,1
9,8,6,6,0
9,9,3,1,49772
9,9,3,2,4829
9,9,3,3,2441
9,9,3,4,1396
9,9,3,5,562
9,9,3,6,1222
9,10,5,1,49
9,10,5,2,2
9,10,5,3,3
9,10,5,4,2
9,10,5,5,0
9,10,5,6,1
9,11,2,1,87
9,11,2,2,1
9,11,2,3,1
9,11,2,4,1
9,11,2,5,0
9,11,2,6,1
9,12,7,1,12092
9,12,7,2,46
9,12,7,3,175
9,12,7,4,300
9,12,7,5,245
9,12,7,6,3107
9,13,4,1,2740
9,13,4,2,22
9,13,4,3,172
9,13,4,4,133
9,13,4,5,71
9,13,4,6,96
9,14,5,1,45
9,14,5,2,0
9,14,5,3,1
9,14,5,4,0
9,14,5,5,0
9,14,5,6,0
9,15,2,1,75
9,15,2,2,0
9,15,2,3,0
9,15,2,4,0
9,15,2,5,0
9,15,2,6,1
9,16,5,1,8
9,16,5,2,0
9,16,5,3,3
9,16,5,4,0
9,16,5,5,0
9,16,5,6,0
9,17,5,1,44
9,17,5,2,0
9,17,5,3,1
9,17,5,4,1
9,17,5,5,0
9,17,5,6,3
9,18,2,1,145
9,18,2,2,0
9,18,2,3,1
9,18,2,4,0
9,18,2,5,0
9,18,2,6,3
9,19,4,1,6721
9,19,4,2,29
9,19,4,3,195
9,19,4,4,167
9,19,4,5,108
9,19,4,6,157
9,20,2,1,398
9,20,2,2,0
9,20,2,3,1
9,20,2,4,3
9,20,2,5,2
9,20,2,6,0
9,21,4,1,199
9,21,4,2,0
9,21,4,3,7
9,21,4,4,1
9,21,4,5,3
9,21,4,6,2
9,22,6,1,7
9,22,6,2,0
9,22,6,3,0
9,22,6,4,0
9,22,6,5,0
9,22,6,6,0
9,23,2,1,9
9,23,2,2,0
9,23,2,3,0
9,23,2,4,0
9,23,2,5,0
9,23,2,6,0
9,24,5,1,5
9,24,5,2,0
9,24,5,3,0
9,24,5,4,0
9,24,5,5,0
9,24,5,6,0
9,25,3,1,10007
9,25,3,2,13754
9,25,3,3,54651
9,25,3,4,3257
9,25,3,5,185
9,25,3,6,3910
9,26,4,1,38
9,26,4,2,2
9,26,4,3,4
9,26,4,4,4
9,26,4,5,0
9,26,4,6,0
9,27,6,1,4
9,27,6,2,0
9,27,6,3,0
9,27,6,4,0
9,27,6,5,0
9,27,6,6,0
9,28,3,1,71096
9,28,3,2,3157
9,28,3,3,1309
9,28,3,4,846
9,28,3,5,155
9,28,3,6,7568
9,29,5,1,6
9,29,5,2,0
9,29,5,3,0
9,29,5,4,0
9,29,5,5,0
9,29,5,6,0
9,30,4,1,816
9,30,4,2,2
9,30,4,3,19
9,30,4,4,17
9,30,4,5,5
9,30,4,6,67
9,31,6,1,7
9,31,6,2,0
9,31,6,3,0
9,31,6,4,0
9,31,6,5,0
9,31,6,6,0
9,32,6,1,2
9,32,6,2,0
9,32,6,3,0
9,32,6,4,0
9,32,6,5,0
9,32,6,6,0
9,33,6,1,8
9,33,6,2,0
9,33,6,3,0
9,33,6,4,0
9,33,6,5,0
9,33,6,6,2
9,34,5,1,12
9,34,5,2,0
9,34,5,3,0
9,34,5,4,0
9,34,5,5,0
9,34,5,6,0
9,35,6,1,17
9,35,6,2,1
9,35,6,3,0
9,35,6,4,0
9,35,6,5,0
9,35,6,6,0
9,36,1,1,25669
9,36,1,2,77
9,36,1,3,96
9,36,1,4,125
9,36,1,5,122
9,36,1,6,758
9,37,5,1,0
9,37,5,2,0
9,37,5,3,0
9,37,5,4,0
9,37,5,5,0
9,37,5,6,0
9,38,6,1,4
9,38,6,2,1
9,38,6,3,0
9,38,6,4,0
9,38,6,5,0
9,38,6,6,0
9,39,3,1,99623
9,39,3,2,419399
9,39,3,3,564
9,39,3,4,306
9,39,3,5,689
9,39,3,6,10987
9,40,5,1,13443
9,40,5,2,226
9,40,5,3,38
9,40,5,4,25
9,40,5,5,59
9,40,5,6,924
9,41,4,1,114
9,41,4,2,2
9,41,4,3,7
9,41,4,4,1
9,41,4,5,0
9,41,4,6,0
9,42,3,1,62956
9,42,3,2,4711
9,42,3,3,792
9,42,3,4,341
9,42,3,5,7651
9,42,3,6,3773
9,43,6,1,1
9,43,6,2,0
9,43,6,3,0
9,43,6,4,0
9,43,6,5,0
9,43,6,6,1
9,44,6,1,2
9,44,6,2,0
9,44,6,3,0
9,44,6,4,0
9,44,6,5,0
9,44,6,6,0
9,45,5,1,1
9,45,5,2,1
9,45,5,3,0
9,45,5,4,0
9,45,5,5,0
9,45,5,6,0
9,46,5,1,5089
9,46,5,2,38
9,46,5,3,45
9,46,5,4,35
9,46,5,5,47
9,46,5,6,202
9,47,6,1,4
9,47,6,2,0
9,47,6,3,0
9,47,6,4,0
9,47,6,5,0
9,47,6,6,1
9,48,2,1,11508
9,48,2,2,28
9,48,2,3,67
9,48,2,4,33
9,48,2,5,34
9,48,2,6,383
9,49,4,1,526
9,49,4,2,0
9,49,4,3,7
9,49,4,4,15
9,49,4,5,0
9,49,4,6,25
9,50,2,1,2144
9,50,2,2,59
9,50,2,3,3
9,50,2,4,1
9,50,2,5,26
9,50,2,6,36
9,51,6,1,6
9,51,6,2,0
9,51,6,3,0
9,51,6,4,0
9,51,6,5,0
9,51,6,6,0
9,52,4,1,2360
9,52,4,2,6
9,52,4,3,46
9,52,4,4,59
9,52,4,5,94
9,52,4,6,71
9,53,6,1,0
9,53,6,2,0
9,53,6,3,0
9,53,6,4,0
9,53,6,5,0
9,53,6,6,0
9,54,2,1,37
9,54,2,2,0
9,54,2,3,0
9,54,2,4,0
9,54,2,5,1
9,54,2,6,0
9,55,3,1,23614
9,55,3,2,3458
9,55,3,3,644
9,55,3,4,156
9,55,3,5,86069
9,55,3,6,15510
9,56,1,1,227225
9,56,1,2,471
9,56,1,3,258
9,56,1,4,241
9,56,1,5,646
9,56,1,6,3873
9,57,6,1,95
9,57,6,2,0
9,57,6,3,0
9,57,6,4,1
9,57,6,5,2
9,57,6,6,8
9,58,2,1,3374
9,58,2,2,1
9,58,2,3,4
9,58,2,4,4
9,58,2,5,6
9,58,2,6,51
9,59,5,1,88
9,59,5,2,0
9,59,5,3,1
9,59,5,4,0
9,59,5,5,0
9,59,5,6,12
9,60,6,1,2
9,60,6,2,0
9,60,6,3,0
9,60,6,4,0
9,60,6,5,0
9,60,6,6,0
9,61,4,1,845
9,61,4,2,5
9,61,4,3,73
9,61,4,4,72
9,61,4,5,4
9,61,4,6,34
9,62,4,1,714
9,62,4,2,8
9,62,4,3,12
9,62,4,4,17
9,62,4,5,9
9,62,4,6,13
9,63,4,1,59416
9,63,4,2,402
9,63,4,3,576
9,63,4,4,406
9,63,4,5,478
9,63,4,6,720
9,64,4,1,196
9,64,4,2,0
9,64,4,3,5
9,64,4,4,6
9,64,4,5,1
9,64,4,6,3
9,65,6,1,11
9,65,6,2,0
9,65,6,3,0
9,65,6,4,0
9,65,6,5,0
9,65,6,6,1
9,66,4,1,52
9,66,4,2,0
9,66,4,3,1
9,66,4,4,0
9,66,4,5,0
9,66,4,6,0
9,67,7,1,19
9,67,7,2,2
9,67,7,3,0
9,67,7,4,0
9,67,7,5,0
9,67,7,6,9
9,68,5,1,1629
9,68,5,2,1
9,68,5,3,9
9,68,5,4,19
9,68,5,5,3
9,68,5,6,578
9,69,4,1,586
9,69,4,2,2
9,69,4,3,9
9,69,4,4,24
9,69,4,5,8
9,69,4,6,24
9,70,4,1,31933
9,70,4,2,288
9,70,4,3,1536
9,70,4,4,1100
9,70,4,5,573
9,70,4,6,879
9,71,6,1,2
9,71,6,2,0
9,71,6,3,0
9,71,6,4,0
9,71,6,5,0
9,71,6,6,0
9,72,6,1,0
9,72,6,2,0
9,72,6,3,0
9,72,6,4,0
9,72,6,5,0
9,72,6,6,0
9,73,5,1,49
9,73,5,2,0
9,73,5,3,1
9,73,5,4,3
9,73,5,5,0
9,73,5,6,5
9,74,6,1,64
9,74,6,2,0
9,74,6,3,0
9,74,6,4,0
9,74,6,5,0
9,74,6,6,4
9,75,2,1,40
9,75,2,2,1
9,75,2,3,1
9,75,2,4,4
9,75,2,5,2
9,75,2,6,0
9,76,4,1,834
9,76,4,2,10
9,76,4,3,23
9,76,4,4,22
9,76,4,5,4
9,76,4,6,44
9,77,4,1,0
9,77,4,2,0
9,77,4,3,0
9,77,4,4,0
9,77,4,5,0
9,77,4,6,0
9,78,2,1,4877
9,78,2,2,5
9,78,2,3,12
9,78,2,4,7
9,78,2,5,12
9,78,2,6,75
9,79,6,1,2
9,79,6,2,0
9,79,6,3,0
9,79,6,4,0
9,79,6,5,0
9,79,6,6,0
9,80,6,1,1
9,80,6,2,0
9,80,6,3,0
9,80,6,4,0
9,80,6,5,0
9,80,6,6,0
9,81,6,1,10
9,81,6,2,0
9,81,6,3,0
9,81,6,4,0
9,81,6,5,0
9,81,6,6,0
9,82,3,1,98
9,82,3,2,0
9,82,3,3,2
9,82,3,4,1
9,82,3,5,0
9,82,3,6,0
9,83,2,1,77
9,83,2,2,32
9,83,2,3,0
9,83,2,4,0
9,83,2,5,2
9,83,2,6,2
9,84,2,1,2692
9,84,2,2,7
9,84,2,3,5
9,84,2,4,2
9,84,2,5,16
9,84,2,6,89
9,85,5,1,799
9,85,5,2,5
9,85,5,3,15
9,85,5,4,13
9,85,5,5,1
9,85,5,6,53
9,86,4,1,1105
9,86,4,2,4
9,86,4,3,18
9,86,4,4,30
9,86,4,5,9
9,86,4,6,31
9,87,5,1,3843
9,87,5,2,58
9,87,5,3,32
9,87,5,4,3
9,87,5,5,10
9,87,5,6,357
9,88,5,1,1087
9,88,5,2,12
9,88,5,3,1
9,88,5,4,1
9,88,5,5,2
9,88,5,6,265
9,89,5,1,4
9,89,5,2,0
9,89,5,3,0
9,89,5,4,0
9,89,5,5,0
9,89,5,6,0
9,90,5,1,97
9,90,5,2,1
9,90,5,3,2
9,90,5,4,2
9,90,5,5,0
9,90,5,6,2
9,91,4,1,2719
9,91,4,2,11
9,91,4,3,64
9,91,4,4,105
9,91,4,5,145
9,91,4,6,165
9,92,7,1,1
9,92,7,2,0
9,92,7,3,0
9,92,7,4,0
9,92,7,5,0
9,92,7,6,0
9,93,4,1,213
9,93,4,2,1
9,93,4,3,10
9,93,4,4,1
9,93,4,5,0
9,93,4,6,6
9,94,5,1,7056
9,94,5,2,6
9,94,5,3,207
9,94,5,4,51
9,94,5,5,169
9,94,5,6,154
9,95,4,1,23037
9,95,4,2,111
9,95,4,3,556
9,95,4,4,381
9,95,4,5,135
9,95,4,6,370
9,96,2,1,364
9,96,2,2,0
9,96,2,3,0
9,96,2,4,0
9,96,2,5,2
9,96,2,6,1
9,97,5,1,9981
9,97,5,2,40
9,97,5,3,50
9,97,5,4,57
9,97,5,5,53
9,97,5,6,333
9,98,5,1,31
9,98,5,2,0
9,98,5,3,1
9,98,5,4,0
9,98,5,5,0
9,98,5,6,1
9,99,5,1,11
9,99,5,2,0
9,99,5,3,1
9,99,5,4,0
9,99,5,5,0
9,99,5,6,1
9,100,5,1,54
9,100,5,2,0
9,100,5,3,0
9,100,5,4,0
9,100,5,5,1
9,100,5,6,5
9,101,6,1,92
9,101,6,2,0
9,101,6,3,3
9,101,6,4,1
9,101,6,5,0
9,101,6,6,1
9,102,5,1,6
9,102,5,2,0
9,102,5,3,0
9,102,5,4,0
9,102,5,5,0
9,102,5,6,1
9,103,7,1,0
9,103,7,2,0
9,103,7,3,0
9,103,7,4,0
9,103,7,5,0
9,103,7,6,2
9,104,5,1,32
9,104,5,2,0
9,104,5,3,1
9,104,5,4,0
9,104,5,5,0
9,104,5,6,1
9,105,5,1,4
9,105,5,2,0
9,105,5,3,0
9,105,5,4,0
9,105,5,5,0
9,105,5,6,0
9,106,6,1,2
9,106,6,2,0
9,106,6,3,0
9,106,6,4,0
9,106,6,5,0
9,106,6,6,0
9,107,4,1,395
9,107,4,2,2
9,107,4,3,1
9,107,4,4,5
9,107,4,5,4
9,107,4,6,6
9,108,5,1,74
9,108,5,2,1
9,108,5,3,2
9,108,5,4,0
9,108,5,5,0
9,108,5,6,1
9,109,6,1,6
9,109,6,2,0
9,109,6,3,0
9,109,6,4,0
9,109,6,5,0
9,109,6,6,0
9,110,6,1,3
9,110,6,2,0
9,110,6,3,0
9,110,6,4,0
9,110,6,5,0
9,110,6,6,0
9,111,4,1,41
9,111,4,2,0
9,111,4,3,2
9,111,4,4,0
9,111,4,5,1
9,111,4,6,1
9,112,4,1,582
9,112,4,2,5
9,112,4,3,16
9,112,4,4,4
9,112,4,5,4
9,112,4,6,17
9,113,4,1,222
9,113,4,2,2
9,113,4,3,8
9,113,4,4,11
9,113,4,5,5
9,113,4,6,11
9,114,6,1,5
9,114,6,2,0
9,114,6,3,0
9,114,6,4,0
9,114,6,5,0
9,114,6,6,0
9,115,5,1,868
9,115,5,2,6
9,115,5,3,1
9,115,5,4,27
9,115,5,5,7
9,115,5,6,29
9,116,6,1,1
9,116,6,2,0
9,116,6,3,0
9,116,6,4,0
9,116,6,5,0
9,116,6,6,0
9,117,5,1,8
9,117,5,2,0
9,117,5,3,0
9,117,5,4,0
9,117,5,5,0
9,117,5,6,0
9,118,6,1,2
9,118,6,2,0
9,118,6,3,0
9,118,6,4,0
9,118,6,5,0
9,118,6,6,0
9,119,4,1,201
9,119,4,2,0
9,119,4,3,4
9,119,4,4,6
9,119,4,5,1
9,119,4,6,6
9,120,6,1,168
9,120,6,2,3
9,120,6,3,2
9,120,6,4,5
9,120,6,5,3
9,120,6,6,5
9,121,6,1,14
9,121,6,2,0
9,121,6,3,0
9,121,6,4,1
9,121,6,5,0
9,121,6,6,1
9,122,6,1,0
9,122,6,2,0
9,122,6,3,0
9,122,6,4,0
9,122,6,5,0
9,122,6,6,0
9,123,1,1,54299
9,123,1,2,289
9,123,1,3,279
9,123,1,4,143
9,123,1,5,119
9,123,1,6,1321
9,124,4,1,13
9,124,4,2,0
9,124,4,3,0
9,124,4,4,0
9,124,4,5,0
9,124,4,6,0
9,125,5,1,51
9,125,5,2,1
9,125,5,3,0
9,125,5,4,0
9,125,5,5,1
9,125,5,6,1
9,126,6,1,12
9,126,6,2,0
9,126,6,3,0
9,126,6,4,0
9,126,6,5,0
9,126,6,6,4
9,127,5,1,54
9,127,5,2,0
9,127,5,3,0
9,127,5,4,1
9,127,5,5,0
9,127,5,6,36
9,128,6,1,17
9,128,6,2,0
9,128,6,3,0
9,128,6,4,0
9,128,6,5,0
9,128,6,6,0
9,129,7,1,3
9,129,7,2,0
9,129,7,3,0
9,129,7,4,0
9,129,7,5,0
9,129,7,6,0
9,130,5,1,50
9,130,5,2,8
9,130,5,3,0
9,130,5,4,2
9,130,5,5,0
9,130,5,6,0
9,131,2,1,888
9,131,2,2,9
9,131,2,3,1
9,131,2,4,2
9,131,2,5,0
9,131,2,6,11
9,132,6,1,3
9,132,6,2,0
9,132,6,3,0
9,132,6,4,0
9,132,6,5,0
9,132,6,6,1
9,133,6,1,63
9,133,6,2,0
9,133,6,3,0
9,133,6,4,0
9,133,6,5,1
9,133,6,6,0
9,134,4,1,1555
9,134,4,2,7
9,134,4,3,33
9,134,4,4,34
9,134,4,5,9
9,134,4,6,53
9,135,7,1,2104
9,135,7,2,26
9,135,7,3,62
9,135,7,4,84
9,135,7,5,46
9,135,7,6,477
9,136,5,1,15
9,136,5,2,0
9,136,5,3,1
9,136,5,4,0
9,136,5,5,0
9,136,5,6,0
9,137,4,1,13665
9,137,4,2,73
9,137,4,3,304
9,137,4,4,342
9,137,4,5,193
9,137,4,6,287
9,138,5,1,86
9,138,5,2,120
9,138,5,3,2
9,138,5,4,1
9,138,5,5,2
9,138,5,6,2
9,139,5,1,10
9,139,5,2,0
9,139,5,3,0
9,139,5,4,0
9,139,5,5,0
9,139,5,6,0
9,140,2,1,8660
9,140,2,2,17
9,140,2,3,9
9,140,2,4,8
9,140,2,5,17
9,140,2,6,156
9,141,7,1,2
9,141,7,2,0
9,141,7,3,0
9,141,7,4,0
9,141,7,5,0
9,141,7,6,0
9,142,3,1,3704
9,142,3,2,273
9,142,3,3,90
9,142,3,4,18
9,142,3,5,8
9,142,3,6,32
9,143,4,1,5835
9,143,4,2,28
9,143,4,3,586
9,143,4,4,766
9,143,4,5,43
9,143,4,6,193
9,144,4,1,2915
9,144,4,2,21
9,144,4,3,32
9,144,4,4,42
9,144,4,5,34
9,144,4,6,80
9,145,2,1,696
9,145,2,2,0
9,145,2,3,1
9,145,2,4,0
9,145,2,5,0
9,145,2,6,3
9,146,4,1,25287
9,146,4,2,125
9,146,4,3,449
9,146,4,4,628
9,146,4,5,559
9,146,4,6,1795
9,147,6,1,0
9,147,6,2,0
9,147,6,3,0
9,147,6,4,0
9,147,6,5,0
9,147,6,6,0
9,148,4,1,2628
9,148,4,2,121
9,148,4,3,191
9,148,4,4,190
9,148,4,5,24
9,148,4,6,58
9,149,2,1,5091
9,149,2,2,122
9,149,2,3,3
9,149,2,4,7
9,149,2,5,269
9,149,2,6,76
9,150,4,1,1
9,150,4,2,0
9,150,4,3,0
9,150,4,4,0
9,150,4,5,0
9,150,4,6,0
9,151,11,1,443
9,151,11,2,3
9,151,11,3,0
9,151,11,4,4
9,151,11,5,3
9,151,11,6,25
9,152,4,1,0
9,152,4,2,0
9,152,4,3,0
9,152,4,4,0
9,152,4,5,0
9,152,4,6,0
9,153,4,1,1818
9,153,4,2,4
9,153,4,3,20
9,153,4,4,46
9,153,4,5,10
9,153,4,6,73
9,154,4,1,2534
9,154,4,2,25
9,154,4,3,38
9,154,4,4,28
9,154,4,5,36
9,154,4,6,141
9,155,6,1,7
9,155,6,2,0
9,155,6,3,0
9,155,6,4,0
9,155,6,5,0
9,155,6,6,0
9,156,2,1,17
9,156,2,2,0
9,156,2,3,0
9,156,2,4,0
9,156,2,5,0
9,156,2,6,3
9,157,7,1,24
9,157,7,2,0
9,157,7,3,0
9,157,7,4,0
9,157,7,5,0
9,157,7,6,1
9,158,7,1,0
9,158,7,2,0
9,158,7,3,0
9,158,7,4,0
9,158,7,5,0
9,158,7,6,1
9,159,4,1,15
9,159,4,2,0
9,159,4,3,1
9,159,4,4,0
9,159,4,5,0
9,159,4,6,0
9,160,2,1,9
9,160,2,2,0
9,160,2,3,0
9,160,2,4,0
9,160,2,5,1
9,160,2,6,0
9,161,2,1,13
9,161,2,2,0
9,161,2,3,0
9,161,2,4,0
9,161,2,5,0
9,161,2,6,0
9,162,6,1,13
9,162,6,2,0
9,162,6,3,0
9,162,6,4,0
9,162,6,5,0
9,162,6,6,1
9,163,6,1,1
9,163,6,2,0
9,163,6,3,0
9,163,6,4,0
9,163,6,5,0
9,163,6,6,0
9,164,6,1,1
9,164,6,2,0
9,164,6,3,0
9,164,6,4,0
9,164,6,5,0
9,164,6,6,0
9,165,5,1,0
9,165,5,2,0
9,165,5,3,0
9,165,5,4,0
9,165,5,5,0
9,165,5,6,0
9,166,5,1,1072
9,166,5,2,4
9,166,5,3,10
9,166,5,4,8
9,166,5,5,4
9,166,5,6,78
9,167,5,1,18
9,167,5,2,0
9,167,5,3,0
9,167,5,4,0
9,167,5,5,0
9,167,5,6,0
9,168,6,1,4
9,168,6,2,0
9,168,6,3,0
9,168,6,4,0
9,168,6,5,0
9,168,6,6,0
9,169,5,1,51
9,169,5,2,0
9,169,5,3,8
9,169,5,4,1
9,169,5,5,0
9,169,5,6,6
9,170,6,1,0
9,170,6,2,0
9,170,6,3,0
9,170,6,4,0
9,170,6,5,0
9,170,6,6,2
9,171,6,1,914
9,171,6,2,23
9,171,6,3,58
9,171,6,4,6
9,171,6,5,15
9,171,6,6,39
9,172,6,1,2
9,172,6,2,0
9,172,6,3,0
9,172,6,4,0
9,172,6,5,0
9,172,6,6,0
9,173,4,1,2523
9,173,4,2,31
9,173,4,3,27
9,173,4,4,41
9,173,4,5,15
9,173,4,6,70
9,174,4,1,6210
9,174,4,2,76
9,174,4,3,247
9,174,4,4,220
9,174,4,5,172
9,174,4,6,214
9,175,3,1,122
9,175,3,2,0
9,175,3,3,0
9,175,3,4,0
9,175,3,5,1
9,175,3,6,1
9,176,6,1,0
9,176,6,2,0
9,176,6,3,0
9,176,6,4,0
9,176,6,5,0
9,176,6,6,0
9,177,5,1,447
9,177,5,2,1
9,177,5,3,3
9,177,5,4,3
9,177,5,5,3
9,177,5,6,27
9,178,5,1,2385
9,178,5,2,28
9,178,5,3,20
9,178,5,4,11
9,178,5,5,12
9,178,5,6,57
9,179,6,1,24
9,179,6,2,0
9,179,6,3,0
9,179,6,4,0
9,179,6,5,0
9,179,6,6,3
9,180,5,1,4
9,180,5,2,0
9,180,5,3,1
9,180,5,4,0
9,180,5,5,0
9,180,5,6,0
9,181,6,1,3
9,181,6,2,0
9,181,6,3,0
9,181,6,4,0
9,181,6,5,0
9,181,6,6,0
9,182,7,1,3
9,182,7,2,0
9,182,7,3,0
9,182,7,4,0
9,182,7,5,0
9,182,7,6,0
9,183,2,1,266
9,183,2,2,0
9,183,2,3,0
9,183,2,4,3
9,183,2,5,0
9,183,2,6,4
9,184,6,1,40
9,184,6,2,0
9,184,6,3,0
9,184,6,4,0
9,184,6,5,0
9,184,6,6,0
9,185,5,1,0
9,185,5,2,0
9,185,5,3,0
9,185,5,4,0
9,185,5,5,0
9,185,5,6,0
9,186,5,1,1032
9,186,5,2,35
9,186,5,3,17
9,186,5,4,17
9,186,5,5,16
9,186,5,6,63
9,187,7,1,0
9,187,7,2,0
9,187,7,3,0
9,187,7,4,0
9,187,7,5,0
9,187,7,6,0
9,188,4,1,1068
9,188,4,2,9
9,188,4,3,7
9,188,4,4,7
9,188,4,5,9
9,188,4,6,143
9,189,6,1,23
9,189,6,2,0
9,189,6,3,1
9,189,6,4,0
9,189,6,5,0
9,189,6,6,0
9,190,3,1,7565
9,190,3,2,159
9,190,3,3,51
9,190,3,4,60
9,190,3,5,60
9,190,3,6,327
9,191,5,1,24
9,191,5,2,0
9,191,5,3,0
9,191,5,4,0
9,191,5,5,0
9,191,5,6,0
9,192,7,1,2
9,192,7,2,0
9,192,7,3,0
9,192,7,4,1
9,192,7,5,0
9,192,7,6,1
9,193,4,1,0
9,193,4,2,0
9,193,4,3,0
9,193,4,4,0
9,193,4,5,0
9,193,4,6,0
9,194,3,1,2860
9,194,3,2,215
9,194,3,3,31
9,194,3,4,8
9,194,3,5,1839
9,194,3,6,254
9,195,5,1,259
9,195,5,2,0
9,195,5,3,4
9,195,5,4,0
9,195,5,5,2
9,195,5,6,33
9,196,5,1,4
9,196,5,2,0
9,196,5,3,0
9,196,5,4,0
9,196,5,5,0
9,196,5,6,0
9,197,6,1,11
9,197,6,2,0
9,197,6,3,0
9,197,6,4,0
9,197,6,5,0
9,197,6,6,0
9,198,6,1,24
9,198,6,2,0
9,198,6,3,0
9,198,6,4,0
9,198,6,5,0
9,198,6,6,0
10,1,5,1,7
10,1,5,2,15
10,1,5,3,1
10,1,5,4,0
10,1,5,5,0
10,1,5,6,0
10,2,4,1,41
10,2,4,2,1
10,2,4,3,0
10,2,4,4,0
10,2,4,5,0
10,2,4,6,0
10,3,4,1,26734
10,3,4,2,328
10,3,4,3,1099
10,3,4,4,1305
10,3,4,5,637
10,3,4,6,1371
10,4,4,1,80
10,4,4,2,0
10,4,4,3,0
10,4,4,4,2
10,4,4,5,0
10,4,4,6,4
10,5,6,1,16
10,5,6,2,0
10,5,6,3,0
10,5,6,4,0
10,5,6,5,0
10,5,6,6,0
10,6,2,1,21
10,6,2,2,0
10,6,2,3,0
10,6,2,4,0
10,6,2,5,0
10,6,2,6,0
10,7,5,1,78
10,7,5,2,0
10,7,5,3,2
10,7,5,4,1
10,7,5,5,0
10,7,5,6,0
10,8,6,1,48
10,8,6,2,0
10,8,6,3,1
10,8,6,4,0
10,8,6,5,0
10,8,6,6,1
10,9,3,1,47820
10,9,3,2,4135
10,9,3,3,1923
10,9,3,4,1104
10,9,3,5,595
10,9,3,6,1282
10,10,5,1,52
10,10,5,2,3
10,10,5,3,2
10,10,5,4,2
10,10,5,5,0
10,10,5,6,0
10,11,2,1,76
10,11,2,2,0
10,11,2,3,1
10,11,2,4,1
10,11,2,5,0
10,11,2,6,1
10,12,7,1,12274
10,12,7,2,64
10,12,7,3,264
10,12,7,4,403
10,12,7,5,194
10,12,7,6,1540
10,13,4,1,2885
10,13,4,2,25
10,13,4,3,153
10,13,4,4,162
10,13,4,5,75
10,13,4,6,151
10,14,5,1,41
10,14,5,2,0
10,14,5,3,1
10,14,5,4,0
10,14,5,5,0
10,14,5,6,3
10,15,2,1,97
10,15,2,2,0
10,15,2,3,0
10,15,2,4,0
10,15,2,5,0
10,15,2,6,4
10,16,5,1,18
10,16,5,2,0
10,16,5,3,0
10,16,5,4,0
10,16,5,5,0
10,16,5,6,0
10,17,5,1,39
10,17,5,2,3
10,17,5,3,1
10,17,5,4,1
10,17,5,5,0
10,17,5,6,13
10,18,2,1,158
10,18,2,2,2
10,18,2,3,1
10,18,2,4,1
10,18,2,5,0
10,18,2,6,5
10,19,4,1,6349
10,19,4,2,56
10,19,4,3,194
10,19,4,4,208
10,19,4,5,97
10,19,4,6,181
10,20,2,1,242
10,20,2,2,0
10,20,2,3,4
10,20,2,4,3
10,20,2,5,1
10,20,2,6,2
10,21,4,1,221
10,21,4,2,1
10,21,4,3,4
10,21,4,4,1
10,21,4,5,1
10,21,4,6,6
10,22,6,1,6
10,22,6,2,0
10,22,6,3,0
10,22,6,4,0
10,22,6,5,0
10,22,6,6,0
10,23,2,1,19
10,23,2,2,0
10,23,2,3,0
10,23,2,4,1
10,23,2,5,0
10,23,2,6,0
10,24,5,1,0
10,24,5,2,0
10,24,5,3,0
10,24,5,4,0
10,24,5,5,0
10,24,5,6,0
10,25,3,1,11997
10,25,3,2,13902
10,25,3,3,52209
10,25,3,4,3247
10,25,3,5,205
10,25,3,6,4057
10,26,4,1,36
10,26,4,2,3
10,26,4,3,6
10,26,4,4,5
10,26,4,5,0
10,26,4,6,0
10,27,6,1,8
10,27,6,2,0
10,27,6,3,0
10,27,6,4,1
10,27,6,5,0
10,27,6,6,0
10,28,3,1,63405
10,28,3,2,4160
10,28,3,3,1345
10,28,3,4,742
10,28,3,5,590
10,28,3,6,6767
10,29,5,1,12
10,29,5,2,0
10,29,5,3,0
10,29,5,4,0
10,29,5,5,0
10,29,5,6,0
10,30,4,1,867
10,30,4,2,0
10,30,4,3,22
10,30,4,4,21
10,30,4,5,6
10,30,4,6,28
10,31,6,1,3
10,31,6,2,0
10,31,6,3,0
10,31,6,4,0
10,31,6,5,0
10,31,6,6,0
10,32,6,1,2
10,32,6,2,0
10,32,6,3,0
10,32,6,4,0
10,32,6,5,0
10,32,6,6,0
10,33,6,1,10
10,33,6,2,0
10,33,6,3,0
10,33,6,4,0
10,33,6,5,0
10,33,6,6,5
10,34,5,1,4
10,34,5,2,0
10,34,5,3,0
10,34,5,4,0
10,34,5,5,0
10,34,5,6,0
10,35,6,1,19
10,35,6,2,0
10,35,6,3,0
10,35,6,4,0
10,35,6,5,1
10,35,6,6,0
10,36,1,1,29069
10,36,1,2,88
10,36,1,3,178
10,36,1,4,162
10,36,1,5,173
10,36,1,6,1832
10,37,5,1,0
10,37,5,2,0
10,37,5,3,0
10,37,5,4,0
10,37,5,5,0
10,37,5,6,0
10,38,6,1,0
10,38,6,2,2
10,38,6,3,0
10,38,6,4,0
10,38,6,5,0
10,38,6,6,0
10,39,3,1,112624
10,39,3,2,419878
10,39,3,3,491
10,39,3,4,211
10,39,3,5,540
10,39,3,6,11529
10,40,5,1,12828
10,40,5,2,128
10,40,5,3,33
10,40,5,4,23
10,40,5,5,60
10,40,5,6,858
10,41,4,1,158
10,41,4,2,1
10,41,4,3,4
10,41,4,4,5
10,41,4,5,0
10,41,4,6,5
10,42,3,1,69787
10,42,3,2,4436
10,42,3,3,864
10,42,3,4,352
10,42,3,5,7611
10,42,3,6,4449
10,43,6,1,1
10,43,6,2,1
10,43,6,3,1
10,43,6,4,0
10,43,6,5,0
10,43,6,6,0
10,44,6,1,5
10,44,6,2,0
10,44,6,3,0
10,44,6,4,0
10,44,6,5,0
10,44,6,6,0
10,45,5,1,3
10,45,5,2,0
10,45,5,3,0
10,45,5,4,0
10,45,5,5,0
10,45,5,6,0
10,46,5,1,6146
10,46,5,2,32
10,46,5,3,56
10,46,5,4,42
10,46,5,5,65
10,46,5,6,336
10,47,6,1,7
10,47,6,2,0
10,47,6,3,0
10,47,6,4,0
10,47,6,5,0
10,47,6,6,0
10,48,2,1,9637
10,48,2,2,11
10,48,2,3,53
10,48,2,4,49
10,48,2,5,26
10,48,2,6,314
10,49,4,1,586
10,49,4,2,4
10,49,4,3,4
10,49,4,4,10
10,49,4,5,2
10,49,4,6,30
10,50,2,1,2450
10,50,2,2,48
10,50,2,3,4
10,50,2,4,0
10,50,2,5,13
10,50,2,6,29
10,51,6,1,4
10,51,6,2,0
10,51,6,3,0
10,51,6,4,0
10,51,6,5,0
10,51,6,6,0
10,52,4,1,2780
10,52,4,2,17
10,52,4,3,79
10,52,4,4,253
10,52,4,5,304
10,52,4,6,195
10,53,6,1,0
10,53,6,2,0
10,53,6,3,0
10,53,6,4,0
10,53,6,5,0
10,53,6,6,0
10,54,2,1,16
10,54,2,2,0
10,54,2,3,0
10,54,2,4,0
10,54,2,5,0
10,54,2,6,0
10,55,3,1,26668
10,55,3,2,3219
10,55,3,3,416
10,55,3,4,150
10,55,3,5,80414
10,55,3,6,16571
10,56,1,1,243545
10,56,1,2,472
10,56,1,3,305
10,56,1,4,349
10,56,1,5,698
10,56,1,6,7152
10,57,6,1,121
10,57,6,2,0
10,57,6,3,1
10,57,6,4,1
10,57,6,5,0
10,57,6,6,3
10,58,2,1,3145
10,58,2,2,8
10,58,2,3,5
10,58,2,4,6
10,58,2,5,5
10,58,2,6,95
10,59,5,1,63
10,59,5,2,0
10,59,5,3,1
10,59,5,4,1
10,59,5,5,0
10,59,5,6,13
10,60,6,1,3
10,60,6,2,0
10,60,6,3,1
10,60,6,4,0
10,60,6,5,0
10,60,6,6,0
10,61,4,1,941
10,61,4,2,4
10,61,4,3,71
10,61,4,4,37
10,61,4,5,14
10,61,4,6,32
10,62,4,1,946
10,62,4,2,1
10,62,4,3,15
10,62,4,4,25
10,62,4,5,3
10,62,4,6,15
10,63,4,1,58072
10,63,4,2,414
10,63,4,3,479
10,63,4,4,472
10,63,4,5,450
10,63,4,6,756
10,64,4,1,512
10,64,4,2,2
10,64,4,3,0
10,64,4,4,5
10,64,4,5,4
10,64,4,6,41
10,65,6,1,27
10,65,6,2,0
10,65,6,3,0
10,65,6,4,0
10,65,6,5,0
10,65,6,6,0
10,66,4,1,39
10,66,4,2,0
10,66,4,3,1
10,66,4,4,0
10,66,4,5,0
10,66,4,6,7
10,67,7,1,7
10,67,7,2,0
10,67,7,3,1
10,67,7,4,0
10,67,7,5,0
10,67,7,6,1
10,68,5,1,1591
10,68,5,2,2
10,68,5,3,14
10,68,5,4,24
10,68,5,5,3
10,68,5,6,682
10,69,4,1,963
10,69,4,2,11
10,69,4,3,15
10,69,4,4,36
10,69,4,5,20
10,69,4,6,33
10,70,4,1,34960
10,70,4,2,328
10,70,4,3,1880
10,70,4,4,1481
10,70,4,5,719
10,70,4,6,1299
10,71,6,1,4
10,71,6,2,0
10,71,6,3,0
10,71,6,4,0
10,71,6,5,0
10,71,6,6,0
10,72,6,1,2
10,72,6,2,0
10,72,6,3,0
10,72,6,4,0
10,72,6,5,0
10,72,6,6,0
10,73,5,1,66
10,73,5,2,1
10,73,5,3,0
10,73,5,4,0
10,73,5,5,0
10,73,5,6,6
10,74,6,1,50
10,74,6,2,0
10,74,6,3,0
10,74,6,4,0
10,74,6,5,0
10,74,6,6,4
10,75,2,1,38
10,75,2,2,0
10,75,2,3,1
10,75,2,4,8
10,75,2,5,1
10,75,2,6,0
10,76,4,1,997
10,76,4,2,10
10,76,4,3,17
10,76,4,4,31
10,76,4,5,2
10,76,4,6,47
10,77,4,1,0
10,77,4,2,0
10,77,4,3,0
10,77,4,4,0
10,77,4,5,0
10,77,4,6,0
10,78,2,1,4837
10,78,2,2,20
10,78,2,3,13
10,78,2,4,4
10,78,2,5,15
10,78,2,6,76
10,79,6,1,2
10,79,6,2,0
10,79,6,3,0
10,79,6,4,0
10,79,6,5,0
10,79,6,6,0
10,80,6,1,1
10,80,6,2,0
10,80,6,3,0
10,80,6,4,0
10,80,6,5,0
10,80,6,6,0
10,81,6,1,5
10,81,6,2,0
10,81,6,3,0
10,81,6,4,0
10,81,6,5,0
10,81,6,6,0
10,82,3,1,80
10,82,3,2,0
10,82,3,3,0
10,82,3,4,1
10,82,3,5,1
10,82,3,6,0
10,83,2,1,92
10,83,2,2,49
10,83,2,3,2
10,83,2,4,1
10,83,2,5,1
10,83,2,6,1
10,84,2,1,2313
10,84,2,2,8
10,84,2,3,4
10,84,2,4,18
10,84,2,5,8
10,84,2,6,69
10,85,5,1,713
10,85,5,2,22
10,85,5,3,14
10,85,5,4,12
10,85,5,5,2
10,85,5,6,75
10,86,4,1,1965
10,86,4,2,4
10,86,4,3,69
10,86,4,4,11
10,86,4,5,6
10,86,4,6,42
10,87,5,1,3246
10,87,5,2,20
10,87,5,3,18
10,87,5,4,5
10,87,5,5,9
10,87,5,6,407
10,88,5,1,838
10,88,5,2,2
10,88,5,3,1
10,88,5,4,6
10,88,5,5,1
10,88,5,6,209
10,89,5,1,6
10,89,5,2,0
10,89,5,3,0
10,89,5,4,0
10,89,5,5,0
10,89,5,6,1
10,90,5,1,101
10,90,5,2,0
10,90,5,3,0
10,90,5,4,1
10,90,5,5,1
10,90,5,6,2
10,91,4,1,2959
10,91,4,2,17
10,91,4,3,127
10,91,4,4,175
10,91,4,5,156
10,91,4,6,189
10,92,7,1,0
10,92,7,2,0
10,92,7,3,0
10,92,7,4,0
10,92,7,5,0
10,92,7,6,0
10,93,4,1,247
10,93,4,2,0
10,93,4,3,1
10,93,4,4,1
10,93,4,5,0
10,93,4,6,15
10,94,5,1,3955
10,94,5,2,9
10,94,5,3,108
10,94,5,4,39
10,94,5,5,127
10,94,5,6,124
10,95,4,1,20252
10,95,4,2,95
10,95,4,3,396
10,95,4,4,398
10,95,4,5,184
10,95,4,6,402
10,96,2,1,407
10,96,2,2,0
10,96,2,3,1
10,96,2,4,2
10,96,2,5,0
10,96,2,6,1
10,97,5,1,8103
10,97,5,2,42
10,97,5,3,69
10,97,5,4,43
10,97,5,5,53
10,97,5,6,1670
10,98,5,1,51
10,98,5,2,0
10,98,5,3,1
10,98,5,4,0
10,98,5,5,1
10,98,5,6,0
10,99,5,1,20
10,99,5,2,0
10,99,5,3,0
10,99,5,4,0
10,99,5,5,0
10,99,5,6,1
10,100,5,1,97
10,100,5,2,0
10,100,5,3,0
10,100,5,4,0
10,100,5,5,0
10,100,5,6,0
10,101,6,1,110
10,101,6,2,0
10,101,6,3,4
10,101,6,4,3
10,101,6,5,0
10,101,6,6,4
10,102,5,1,24
10,102,5,2,0
10,102,5,3,0
10,102,5,4,0
10,102,5,5,0
10,102,5,6,0
10,103,7,1,9
10,103,7,2,0
10,103,7,3,0
10,103,7,4,0
10,103,7,5,0
10,103,7,6,1
10,104,5,1,33
10,104,5,2,0
10,104,5,3,1
10,104,5,4,0
10,104,5,5,0
10,104,5,6,0
10,105,5,1,4
10,105,5,2,0
10,105,5,3,0
10,105,5,4,0
10,105,5,5,0
10,105,5,6,0
10,106,6,1,4
10,106,6,2,0
10,106,6,3,0
10,106,6,4,0
10,106,6,5,0
10,106,6,6,0
10,107,4,1,388
10,107,4,2,0
10,107,4,3,1
10,107,4,4,4
10,107,4,5,2
10,107,4,6,11
10,108,5,1,69
10,108,5,2,0
10,108,5,3,0
10,108,5,4,1
10,108,5,5,0
10,108,5,6,0
10,109,6,1,1
10,109,6,2,0
10,109,6,3,0
10,109,6,4,0
10,109,6,5,0
10,109,6,6,0
10,110,6,1,2
10,110,6,2,0
10,110,6,3,0
10,110,6,4,0
10,110,6,5,0
10,110,6,6,0
10,111,4,1,24
10,111,4,2,1
10,111,4,3,3
10,111,4,4,0
10,111,4,5,0
10,111,4,6,3
10,112,4,1,880
10,112,4,2,1
10,112,4,3,54
10,112,4,4,20
10,112,4,5,7
10,112,4,6,92
10,113,4,1,216
10,113,4,2,1
10,113,4,3,2
10,113,4,4,10
10,113,4,5,4
10,113,4,6,10
10,114,6,1,9
10,114,6,2,0
10,114,6,3,0
10,114,6,4,0
10,114,6,5,0
10,114,6,6,0
10,115,5,1,957
10,115,5,2,66
10,115,5,3,8
10,115,5,4,11
10,115,5,5,4
10,115,5,6,47
10,116,6,1,10
10,116,6,2,0
10,116,6,3,0
10,116,6,4,0
10,116,6,5,0
10,116,6,6,0
10,117,5,1,4
10,117,5,2,0
10,117,5,3,0
10,117,5,4,0
10,117,5,5,0
10,117,5,6,0
10,118,6,1,2
10,118,6,2,0
10,118,6,3,0
10,118,6,4,0
10,118,6,5,0
10,118,6,6,0
10,119,4,1,164
10,119,4,2,0
10,119,4,3,7
10,119,4,4,2
10,119,4,5,5
10,119,4,6,19
10,120,6,1,134
10,120,6,2,3
10,120,6,3,8
10,120,6,4,2
10,120,6,5,6
10,120,6,6,4
10,121,6,1,20
10,121,6,2,0
10,121,6,3,0
10,121,6,4,1
10,121,6,5,0
10,121,6,6,0
10,122,6,1,1
10,122,6,2,0
10,122,6,3,0
10,122,6,4,0
10,122,6,5,0
10,122,6,6,1
10,123,1,1,50499
10,123,1,2,235
10,123,1,3,200
10,123,1,4,160
10,123,1,5,135
10,123,1,6,892
10,124,4,1,6
10,124,4,2,0
10,124,4,3,1
10,124,4,4,0
10,124,4,5,0
10,124,4,6,2
10,125,5,1,64
10,125,5,2,0
10,125,5,3,1
10,125,5,4,1
10,125,5,5,0
10,125,5,6,0
10,126,6,1,15
10,126,6,2,0
10,126,6,3,0
10,126,6,4,0
10,126,6,5,0
10,126,6,6,1
10,127,5,1,61
10,127,5,2,0
10,127,5,3,0
10,127,5,4,0
10,127,5,5,0
10,127,5,6,40
10,128,6,1,9
10,128,6,2,0
10,128,6,3,0
10,128,6,4,0
10,128,6,5,0
10,128,6,6,0
10,129,7,1,1
10,129,7,2,0
10,129,7,3,0
10,129,7,4,0
10,129,7,5,0
10,129,7,6,0
10,130,5,1,54
10,130,5,2,0
10,130,5,3,0
10,130,5,4,1
10,130,5,5,0
10,130,5,6,4
10,131,2,1,705
10,131,2,2,14
10,131,2,3,1
10,131,2,4,0
10,131,2,5,0
10,131,2,6,9
10,132,6,1,0
10,132,6,2,0
10,132,6,3,0
10,132,6,4,0
10,132,6,5,0
10,132,6,6,0
10,133,6,1,64
10,133,6,2,0
10,133,6,3,0
10,133,6,4,0
10,133,6,5,0
10,133,6,6,1
10,134,4,1,2008
10,134,4,2,6
10,134,4,3,72
10,134,4,4,38
10,134,4,5,52
10,134,4,6,148
10,135,7,1,1772
10,135,7,2,19
10,135,7,3,34
10,135,7,4,102
10,135,7,5,58
10,135,7,6,257
10,136,5,1,17
10,136,5,2,0
10,136,5,3,1
10,136,5,4,0
10,136,5,5,0
10,136,5,6,0
10,137,4,1,12491
10,137,4,2,87
10,137,4,3,449
10,137,4,4,483
10,137,4,5,265
10,137,4,6,431
10,138,5,1,83
10,138,5,2,107
10,138,5,3,4
10,138,5,4,1
10,138,5,5,3
10,138,5,6,1
10,139,5,1,16
10,139,5,2,0
10,139,5,3,0
10,139,5,4,0
10,139,5,5,0
10,139,5,6,0
10,140,2,1,9626
10,140,2,2,66
10,140,2,3,11
10,140,2,4,4
10,140,2,5,7
10,140,2,6,150
10,141,7,1,3
10,141,7,2,1
10,141,7,3,0
10,141,7,4,0
10,141,7,5,0
10,141,7,6,0
10,142,3,1,3752
10,142,3,2,233
10,142,3,3,139
10,142,3,4,29
10,142,3,5,28
10,142,3,6,17
10,143,4,1,5389
10,143,4,2,25
10,143,4,3,529
10,143,4,4,591
10,143,4,5,62
10,143,4,6,147
10,144,4,1,3384
10,144,4,2,37
10,144,4,3,62
10,144,4,4,75
10,144,4,5,27
10,144,4,6,90
10,145,2,1,782
10,145,2,2,2
10,145,2,3,1
10,145,2,4,2
10,145,2,5,1
10,145,2,6,4
10,146,4,1,24624
10,146,4,2,116
10,146,4,3,569
10,146,4,4,954
10,146,4,5,704
10,146,4,6,2404
10,147,6,1,0
10,147,6,2,0
10,147,6,3,0
10,147,6,4,0
10,147,6,5,0
10,147,6,6,0
10,148,4,1,2418
10,148,4,2,24
10,148,4,3,210
10,148,4,4,145
10,148,4,5,30
10,148,4,6,78
10,149,2,1,4682
10,149,2,2,131
10,149,2,3,11
10,149,2,4,12
10,149,2,5,229
10,149,2,6,82
10,150,4,1,6
10,150,4,2,0
10,150,4,3,0
10,150,4,4,0
10,150,4,5,1
10,150,4,6,0
10,151,11,1,607
10,151,11,2,5
10,151,11,3,2
10,151,11,4,3
10,151,11,5,5
10,151,11,6,15
10,152,4,1,0
10,152,4,2,0
10,152,4,3,0
10,152,4,4,0
10,152,4,5,0
10,152,4,6,0
10,153,4,1,2463
10,153,4,2,5
10,153,4,3,10
10,153,4,4,131
10,153,4,5,15
10,153,4,6,79
10,154,4,1,3976
10,154,4,2,45
10,154,4,3,69
10,154,4,4,34
10,154,4,5,44
10,154,4,6,204
10,155,6,1,5
10,155,6,2,0
10,155,6,3,0
10,155,6,4,0
10,155,6,5,0
10,155,6,6,0
10,156,2,1,11
10,156,2,2,0
10,156,2,3,0
10,156,2,4,0
10,156,2,5,0
10,156,2,6,2
10,157,7,1,27
10,157,7,2,0
10,157,7,3,0
10,157,7,4,0
10,157,7,5,0
10,157,7,6,0
10,158,7,1,2
10,158,7,2,0
10,158,7,3,0
10,158,7,4,0
10,158,7,5,0
10,158,7,6,2
10,159,4,1,10
10,159,4,2,0
10,159,4,3,1
10,159,4,4,0
10,159,4,5,0
10,159,4,6,1
10,160,2,1,11
10,160,2,2,0
10,160,2,3,0
10,160,2,4,0
10,160,2,5,0
10,160,2,6,0
10,161,2,1,27
10,161,2,2,0
10,161,2,3,0
10,161,2,4,0
10,161,2,5,0
10,161,2,6,0
10,162,6,1,11
10,162,6,2,0
10,162,6,3,0
10,162,6,4,0
10,162,6,5,0
10,162,6,6,1
10,163,6,1,4
10,163,6,2,0
10,163,6,3,0
10,163,6,4,0
10,163,6,5,0
10,163,6,6,1
10,164,6,1,2
10,164,6,2,0
10,164,6,3,0
10,164,6,4,0
10,164,6,5,0
10,164,6,6,0
10,165,5,1,0
10,165,5,2,0
10,165,5,3,0
10,165,5,4,0
10,165,5,5,0
10,165,5,6,0
10,166,5,1,1117
10,166,5,2,6
10,166,5,3,6
10,166,5,4,9
10,166,5,5,8
10,166,5,6,139
10,167,5,1,19
10,167,5,2,0
10,167,5,3,0
10,167,5,4,0
10,167,5,5,1
10,167,5,6,0
10,168,6,1,2
10,168,6,2,0
10,168,6,3,0
10,168,6,4,0
10,168,6,5,0
10,168,6,6,0
10,169,5,1,38
10,169,5,2,0
10,169,5,3,11
10,169,5,4,3
10,169,5,5,0
10,169,5,6,11
10,170,6,1,1
10,170,6,2,0
10,170,6,3,0
10,170,6,4,0
10,170,6,5,0
10,170,6,6,0
10,171,6,1,988
10,171,6,2,19
10,171,6,3,15
10,171,6,4,11
10,171,6,5,24
10,171,6,6,45
10,172,6,1,9
10,172,6,2,0
10,172,6,3,0
10,172,6,4,0
10,172,6,5,0
10,172,6,6,0
10,173,4,1,3465
10,173,4,2,35
10,173,4,3,75
10,173,4,4,103
10,173,4,5,33
10,173,4,6,117
10,174,4,1,7513
10,174,4,2,87
10,174,4,3,269
10,174,4,4,343
10,174,4,5,190
10,174,4,6,314
10,175,3,1,132
10,175,3,2,0
10,175,3,3,0
10,175,3,4,0
10,175,3,5,0
10,175,3,6,0
10,176,6,1,4
10,176,6,2,0
10,176,6,3,0
10,176,6,4,0
10,176,6,5,0
10,176,6,6,0
10,177,5,1,568
10,177,5,2,1
10,177,5,3,2
10,177,5,4,1
10,177,5,5,6
10,177,5,6,74
10,178,5,1,2297
10,178,5,2,20
10,178,5,3,71
10,178,5,4,19
10,178,5,5,16
10,178,5,6,165
10,179,6,1,20
10,179,6,2,0
10,179,6,3,0
10,179,6,4,0
10,179,6,5,0
10,179,6,6,3
10,180,5,1,4
10,180,5,2,0
10,180,5,3,1
10,180,5,4,0
10,180,5,5,0
10,180,5,6,0
10,181,6,1,4
10,181,6,2,0
10,181,6,3,0
10,181,6,4,0
10,181,6,5,0
10,181,6,6,0
10,182,7,1,3
10,182,7,2,0
10,182,7,3,0
10,182,7,4,0
10,182,7,5,0
10,182,7,6,0
10,183,2,1,236
10,183,2,2,0
10,183,2,3,0
10,183,2,4,0
10,183,2,5,0
10,183,2,6,4
10,184,6,1,26
10,184,6,2,0
10,184,6,3,2
10,184,6,4,0
10,184,6,5,0
10,184,6,6,7
10,185,5,1,0
10,185,5,2,0
10,185,5,3,0
10,185,5,4,0
10,185,5,5,0
10,185,5,6,0
10,186,5,1,1554
10,186,5,2,46
10,186,5,3,97
10,186,5,4,18
10,186,5,5,16
10,186,5,6,129
10,187,7,1,0
10,187,7,2,0
10,187,7,3,0
10,187,7,4,0
10,187,7,5,0
10,187,7,6,0
10,188,4,1,1307
10,188,4,2,10
10,188,4,3,50
10,188,4,4,6
10,188,4,5,9
10,188,4,6,152
10,189,6,1,29
10,189,6,2,0
10,189,6,3,1
10,189,6,4,0
10,189,6,5,0
10,189,6,6,0
10,190,3,1,7250
10,190,3,2,246
10,190,3,3,69
10,190,3,4,55
10,190,3,5,34
10,190,3,6,276
10,191,5,1,32
10,191,5,2,0
10,191,5,3,0
10,191,5,4,0
10,191,5,5,0
10,191,5,6,0
10,192,7,1,5
10,192,7,2,0
10,192,7,3,0
10,192,7,4,0
10,192,7,5,0
10,192,7,6,0
10,193,4,1,3
10,193,4,2,0
10,193,4,3,0
10,193,4,4,0
10,193,4,5,0
10,193,4,6,0
10,194,3,1,3286
10,194,3,2,197
10,194,3,3,19
10,194,3,4,13
10,194,3,5,882
10,194,3,6,598
10,195,5,1,250
10,195,5,2,0
10,195,5,3,0
10,195,5,4,2
10,195,5,5,2
10,195,5,6,30
10,196,5,1,6
10,196,5,2,2
10,196,5,3,0
10,196,5,4,0
10,196,5,5,0
10,196,5,6,0
10,197,6,1,34
10,197,6,2,0
10,197,6,3,0
10,197,6,4,0
10,197,6,5,0
10,197,6,6,0
10,198,6,1,41
10,198,6,2,0
10,198,6,3,0
10,198,6,4,0
10,198,6,5,0
10,198,6,6,5
11,1,5,1,3
11,1,5,2,12
11,1,5,3,0
11,1,5,4,0
11,1,5,5,1
11,1,5,6,0
11,2,4,1,56
11,2,4,2,0
11,2,4,3,0
11,2,4,4,0
11,2,4,5,0
11,2,4,6,2
11,3,4,1,22374
11,3,4,2,477
11,3,4,3,541
11,3,4,4,1303
11,3,4,5,510
11,3,4,6,1556
11,4,4,1,70
11,4,4,2,0
11,4,4,3,0
11,4,4,4,0
11,4,4,5,0
11,4,4,6,2
11,5,6,1,9
11,5,6,2,0
11,5,6,3,0
11,5,6,4,0
11,5,6,5,0
11,5,6,6,0
11,6,2,1,19
11,6,2,2,0
11,6,2,3,0
11,6,2,4,0
11,6,2,5,0
11,6,2,6,0
11,7,5,1,85
11,7,5,2,0
11,7,5,3,11
11,7,5,4,1
11,7,5,5,1
11,7,5,6,3
11,8,6,1,21
11,8,6,2,0
11,8,6,3,0
11,8,6,4,1
11,8,6,5,0
11,8,6,6,2
11,9,3,1,51096
11,9,3,2,5378
11,9,3,3,1179
11,9,3,4,503
11,9,3,5,504
11,9,3,6,1266
11,10,5,1,51
11,10,5,2,3
11,10,5,3,2
11,10,5,4,0
11,10,5,5,0
11,10,5,6,1
11,11,2,1,65
11,11,2,2,0
11,11,2,3,1
11,11,2,4,1
11,11,2,5,0
11,11,2,6,0
11,12,7,1,9940
11,12,7,2,89
11,12,7,3,170
11,12,7,4,362
11,12,7,5,156
11,12,7,6,1615
11,13,4,1,2328
11,13,4,2,48
11,13,4,3,75
11,13,4,4,102
11,13,4,5,54
11,13,4,6,191
11,14,5,1,12
11,14,5,2,0
11,14,5,3,1
11,14,5,4,0
11,14,5,5,0
11,14,5,6,3
11,15,2,1,66
11,15,2,2,0
11,15,2,3,0
11,15,2,4,0
11,15,2,5,0
11,15,2,6,1
11,16,5,1,18
11,16,5,2,0
11,16,5,3,0
11,16,5,4,0
11,16,5,5,0
11,16,5,6,3
11,17,5,1,72
11,17,5,2,1
11,17,5,3,1
11,17,5,4,1
11,17,5,5,0
11,17,5,6,22
11,18,2,1,200
11,18,2,2,3
11,18,2,3,2
11,18,2,4,1
11,18,2,5,0
11,18,2,6,7
11,19,4,1,4087
11,19,4,2,95
11,19,4,3,125
11,19,4,4,204
11,19,4,5,103
11,19,4,6,163
11,20,2,1,199
11,20,2,2,0
11,20,2,3,1
11,20,2,4,0
11,20,2,5,1
11,20,2,6,1
11,21,4,1,176
11,21,4,2,1
11,21,4,3,1
11,21,4,4,1
11,21,4,5,1
11,21,4,6,0
11,22,6,1,5
11,22,6,2,0
11,22,6,3,0
11,22,6,4,0
11,22,6,5,0
11,22,6,6,0
11,23,2,1,10
11,23,2,2,0
11,23,2,3,0
11,23,2,4,0
11,23,2,5,0
11,23,2,6,0
11,24,5,1,3
11,24,5,2,0
11,24,5,3,0
11,24,5,4,0
11,24,5,5,0
11,24,5,6,0
11,25,3,1,11868
11,25,3,2,12849
11,25,3,3,47440
11,25,3,4,2453
11,25,3,5,204
11,25,3,6,3510
11,26,4,1,28
11,26,4,2,0
11,26,4,3,5
11,26,4,4,5
11,26,4,5,0
11,26,4,6,8
11,27,6,1,2
11,27,6,2,0
11,27,6,3,0
11,27,6,4,0
11,27,6,5,0
11,27,6,6,0
11,28,3,1,95263
11,28,3,2,3564
11,28,3,3,1072
11,28,3,4,514
11,28,3,5,182
11,28,3,6,12344
11,29,5,1,30
11,29,5,2,0
11,29,5,3,0
11,29,5,4,0
11,29,5,5,0
11,29,5,6,27
11,30,4,1,856
11,30,4,2,2
11,30,4,3,5
11,30,4,4,6
11,30,4,5,6
11,30,4,6,30
11,31,6,1,9
11,31,6,2,0
11,31,6,3,0
11,31,6,4,0
11,31,6,5,0
11,31,6,6,0
11,32,6,1,4
11,32,6,2,0
11,32,6,3,0
11,32,6,4,0
11,32,6,5,0
11,32,6,6,0
11,33,6,1,8
11,33,6,2,0
11,33,6,3,0
11,33,6,4,0
11,33,6,5,0
11,33,6,6,5
11,34,5,1,12
11,34,5,2,0
11,34,5,3,0
11,34,5,4,0
11,34,5,5,0
11,34,5,6,0
11,35,6,1,13
11,35,6,2,0
11,35,6,3,0
11,35,6,4,0
11,35,6,5,2
11,35,6,6,0
11,36,1,1,28161
11,36,1,2,115
11,36,1,3,144
11,36,1,4,176
11,36,1,5,200
11,36,1,6,1367
11,37,5,1,0
11,37,5,2,0
11,37,5,3,0
11,37,5,4,0
11,37,5,5,0
11,37,5,6,0
11,38,6,1,1
11,38,6,2,0
11,38,6,3,0
11,38,6,4,0
11,38,6,5,1
11,38,6,6,0
11,39,3,1,105306
11,39,3,2,394939
11,39,3,3,394
11,39,3,4,160
11,39,3,5,535
11,39,3,6,9051
11,40,5,1,15909
11,40,5,2,110
11,40,5,3,40
11,40,5,4,33
11,40,5,5,50
11,40,5,6,1138
11,41,4,1,105
11,41,4,2,1
11,41,4,3,0
11,41,4,4,0
11,41,4,5,0
11,41,4,6,1
11,42,3,1,70766
11,42,3,2,4922
11,42,3,3,884
11,42,3,4,337
11,42,3,5,7318
11,42,3,6,5010
11,43,6,1,0
11,43,6,2,0
11,43,6,3,0
11,43,6,4,0
11,43,6,5,0
11,43,6,6,0
11,44,6,1,3
11,44,6,2,0
11,44,6,3,0
11,44,6,4,0
11,44,6,5,0
11,44,6,6,0
11,45,5,1,1
11,45,5,2,0
11,45,5,3,0
11,45,5,4,0
11,45,5,5,0
11,45,5,6,1
11,46,5,1,8664
11,46,5,2,40
11,46,5,3,46
11,46,5,4,73
11,46,5,5,78
11,46,5,6,523
11,47,6,1,10
11,47,6,2,0
11,47,6,3,0
11,47,6,4,0
11,47,6,5,0
11,47,6,6,1
11,48,2,1,8115
11,48,2,2,20
11,48,2,3,27
11,48,2,4,27
11,48,2,5,29
11,48,2,6,361
11,49,4,1,679
11,49,4,2,1
11,49,4,3,1
11,49,4,4,8
11,49,4,5,3
11,49,4,6,37
11,50,2,1,2366
11,50,2,2,52
11,50,2,3,1
11,50,2,4,1
11,50,2,5,23
11,50,2,6,58
11,51,6,1,8
11,51,6,2,0
11,51,6,3,0
11,51,6,4,0
11,51,6,5,0
11,51,6,6,0
11,52,4,1,1758
11,52,4,2,20
11,52,4,3,76
11,52,4,4,206
11,52,4,5,133
11,52,4,6,169
11,53,6,1,0
11,53,6,2,0
11,53,6,3,0
11,53,6,4,0
11,53,6,5,0
11,53,6,6,0
11,54,2,1,33
11,54,2,2,1
11,54,2,3,0
11,54,2,4,0
11,54,2,5,2
11,54,2,6,0
11,55,3,1,27686
11,55,3,2,2976
11,55,3,3,574
11,55,3,4,156
11,55,3,5,104101
11,55,3,6,21739
11,56,1,1,245061
11,56,1,2,427
11,56,1,3,414
11,56,1,4,286
11,56,1,5,677
11,56,1,6,7197
11,57,6,1,102
11,57,6,2,0
11,57,6,3,1
11,57,6,4,1
11,57,6,5,4
11,57,6,6,8
11,58,2,1,3309
11,58,2,2,6
11,58,2,3,4
11,58,2,4,3
11,58,2,5,7
11,58,2,6,78
11,59,5,1,88
11,59,5,2,0
11,59,5,3,1
11,59,5,4,1
11,59,5,5,0
11,59,5,6,10
11,60,6,1,6
11,60,6,2,0
11,60,6,3,0
11,60,6,4,1
11,60,6,5,0
11,60,6,6,0
11,61,4,1,955
11,61,4,2,3
11,61,4,3,94
11,61,4,4,30
11,61,4,5,19
11,61,4,6,32
11,62,4,1,545
11,62,4,2,4
11,62,4,3,30
11,62,4,4,22
11,62,4,5,7
11,62,4,6,22
11,63,4,1,58410
11,63,4,2,402
11,63,4,3,384
11,63,4,4,367
11,63,4,5,401
11,63,4,6,858
11,64,4,1,630
11,64,4,2,2
11,64,4,3,6
11,64,4,4,7
11,64,4,5,4
11,64,4,6,15
11,65,6,1,15
11,65,6,2,0
11,65,6,3,0
11,65,6,4,0
11,65,6,5,0
11,65,6,6,2
11,66,4,1,76
11,66,4,2,0
11,66,4,3,1
11,66,4,4,0
11,66,4,5,2
11,66,4,6,2
11,67,7,1,10
11,67,7,2,1
11,67,7,3,0
11,67,7,4,1
11,67,7,5,0
11,67,7,6,2
11,68,5,1,1453
11,68,5,2,2
11,68,5,3,9
11,68,5,4,11
11,68,5,5,7
11,68,5,6,722
11,69,4,1,1009
11,69,4,2,21
11,69,4,3,35
11,69,4,4,52
11,69,4,5,15
11,69,4,6,56
11,70,4,1,26387
11,70,4,2,583
11,70,4,3,1147
11,70,4,4,1533
11,70,4,5,559
11,70,4,6,965
11,71,6,1,3
11,71,6,2,0
11,71,6,3,0
11,71,6,4,0
11,71,6,5,0
11,71,6,6,0
11,72,6,1,0
11,72,6,2,0
11,72,6,3,0
11,72,6,4,0
11,72,6,5,0
11,72,6,6,0
11,73,5,1,45
11,73,5,2,0
11,73,5,3,1
11,73,5,4,0
11,73,5,5,0
11,73,5,6,9
11,74,6,1,39
11,74,6,2,0
11,74,6,3,0
11,74,6,4,0
11,74,6,5,0
11,74,6,6,4
11,75,2,1,47
11,75,2,2,0
11,75,2,3,1
11,75,2,4,2
11,75,2,5,2
11,75,2,6,3
11,76,4,1,1370
11,76,4,2,3
11,76,4,3,12
11,76,4,4,13
11,76,4,5,5
11,76,4,6,62
11,77,4,1,0
11,77,4,2,0
11,77,4,3,0
11,77,4,4,0
11,77,4,5,0
11,77,4,6,0
11,78,2,1,5811
11,78,2,2,14
11,78,2,3,8
11,78,2,4,5
11,78,2,5,20
11,78,2,6,72
11,79,6,1,2
11,79,6,2,0
11,79,6,3,0
11,79,6,4,0
11,79,6,5,0
11,79,6,6,0
11,80,6,1,0
11,80,6,2,0
11,80,6,3,0
11,80,6,4,0
11,80,6,5,0
11,80,6,6,0
11,81,6,1,5
11,81,6,2,0
11,81,6,3,0
11,81,6,4,0
11,81,6,5,0
11,81,6,6,0
11,82,3,1,81
11,82,3,2,0
11,82,3,3,0
11,82,3,4,1
11,82,3,5,0
11,82,3,6,1
11,83,2,1,95
11,83,2,2,34
11,83,2,3,0
11,83,2,4,0
11,83,2,5,4
11,83,2,6,2
11,84,2,1,1821
11,84,2,2,15
11,84,2,3,3
11,84,2,4,3
11,84,2,5,8
11,84,2,6,53
11,85,5,1,834
11,85,5,2,7
11,85,5,3,4
11,85,5,4,23
11,85,5,5,3
11,85,5,6,59
11,86,4,1,1388
11,86,4,2,11
11,86,4,3,66
11,86,4,4,107
11,86,4,5,7
11,86,4,6,32
11,87,5,1,3916
11,87,5,2,19
11,87,5,3,7
11,87,5,4,8
11,87,5,5,5
11,87,5,6,515
11,88,5,1,697
11,88,5,2,1
11,88,5,3,0
11,88,5,4,1
11,88,5,5,1
11,88,5,6,307
11,89,5,1,5
11,89,5,2,0
11,89,5,3,0
11,89,5,4,0
11,89,5,5,0
11,89,5,6,0
11,90,5,1,86
11,90,5,2,2
11,90,5,3,0
11,90,5,4,1
11,90,5,5,1
11,90,5,6,1
11,91,4,1,2209
11,91,4,2,30
11,91,4,3,60
11,91,4,4,133
11,91,4,5,114
11,91,4,6,183
11,92,7,1,0
11,92,7,2,0
11,92,7,3,0
11,92,7,4,0
11,92,7,5,0
11,92,7,6,0
11,93,4,1,96
11,93,4,2,0
11,93,4,3,1
11,93,4,4,0
11,93,4,5,10
11,93,4,6,17
11,94,5,1,2158
11,94,5,2,4
11,94,5,3,32
11,94,5,4,18
11,94,5,5,59
11,94,5,6,67
11,95,4,1,20382
11,95,4,2,120
11,95,4,3,306
11,95,4,4,294
11,95,4,5,230
11,95,4,6,385
11,96,2,1,397
11,96,2,2,1
11,96,2,3,0
11,96,2,4,0
11,96,2,5,1
11,96,2,6,2
11,97,5,1,7154
11,97,5,2,51
11,97,5,3,71
11,97,5,4,60
11,97,5,5,54
11,97,5,6,511
11,98,5,1,48
11,98,5,2,0
11,98,5,3,1
11,98,5,4,0
11,98,5,5,0
11,98,5,6,3
11,99,5,1,31
11,99,5,2,0
11,99,5,3,1
11,99,5,4,1
11,99,5,5,0
11,99,5,6,4
11,100,5,1,72
11,100,5,2,0
11,100,5,3,0
11,100,5,4,0
11,100,5,5,0
11,100,5,6,3
11,101,6,1,86
11,101,6,2,0
11,101,6,3,3
11,101,6,4,1
11,101,6,5,0
11,101,6,6,6
11,102,5,1,8
11,102,5,2,0
11,102,5,3,0
11,102,5,4,0
11,102,5,5,0
11,102,5,6,0
11,103,7,1,0
11,103,7,2,0
11,103,7,3,0
11,103,7,4,0
11,103,7,5,0
11,103,7,6,1
11,104,5,1,32
11,104,5,2,0
11,104,5,3,3
11,104,5,4,0
11,104,5,5,0
11,104,5,6,1
11,105,5,1,2
11,105,5,2,0
11,105,5,3,0
11,105,5,4,0
11,105,5,5,0
11,105,5,6,0
11,106,6,1,5
11,106,6,2,0
11,106,6,3,0
11,106,6,4,0
11,106,6,5,0
11,106,6,6,1
11,107,4,1,424
11,107,4,2,0
11,107,4,3,14
11,107,4,4,5
11,107,4,5,4
11,107,4,6,24
11,108,5,1,55
11,108,5,2,0
11,108,5,3,0
11,108,5,4,1
11,108,5,5,0
11,108,5,6,0
11,109,6,1,1
11,109,6,2,0
11,109,6,3,0
11,109,6,4,0
11,109,6,5,0
11,109,6,6,0
11,110,6,1,1
11,110,6,2,0
11,110,6,3,0
11,110,6,4,0
11,110,6,5,0
11,110,6,6,0
11,111,4,1,19
11,111,4,2,1
11,111,4,3,3
11,111,4,4,1
11,111,4,5,0
11,111,4,6,0
11,112,4,1,667
11,112,4,2,10
11,112,4,3,31
11,112,4,4,23
11,112,4,5,2
11,112,4,6,68
11,113,4,1,184
11,113,4,2,1
11,113,4,3,2
11,113,4,4,10
11,113,4,5,3
11,113,4,6,12
11,114,6,1,23
11,114,6,2,0
11,114,6,3,0
11,114,6,4,0
11,114,6,5,0
11,114,6,6,0
11,115,5,1,765
11,115,5,2,29
11,115,5,3,47
11,115,5,4,14
11,115,5,5,1
11,115,5,6,116
11,116,6,1,9
11,116,6,2,0
11,116,6,3,0
11,116,6,4,0
11,116,6,5,0
11,116,6,6,0
11,117,5,1,5
11,117,5,2,0
11,117,5,3,0
11,117,5,4,0
11,117,5,5,0
11,117,5,6,0
11,118,6,1,2
11,118,6,2,0
11,118,6,3,0
11,118,6,4,0
11,118,6,5,0
11,118,6,6,0
11,119,4,1,78
11,119,4,2,0
11,119,4,3,0
11,119,4,4,4
11,119,4,5,0
11,119,4,6,1
11,120,6,1,109
11,120,6,2,4
11,120,6,3,1
11,120,6,4,2
11,120,6,5,2
11,120,6,6,4
11,121,6,1,40
11,121,6,2,0
11,121,6,3,1
11,121,6,4,2
11,121,6,5,0
11,121,6,6,3
11,122,6,1,2
11,122,6,2,0
11,122,6,3,0
11,122,6,4,0
11,122,6,5,0
11,122,6,6,0
11,123,1,1,49346
11,123,1,2,255
11,123,1,3,136
11,123,1,4,85
11,123,1,5,121
11,123,1,6,920
11,124,4,1,15
11,124,4,2,0
11,124,4,3,0
11,124,4,4,0
11,124,4,5,0
11,124,4,6,2
11,125,5,1,47
11,125,5,2,0
11,125,5,3,0
11,125,5,4,0
11,125,5,5,0
11,125,5,6,1
11,126,6,1,11
11,126,6,2,0
11,126,6,3,0
11,126,6,4,0
11,126,6,5,0
11,126,6,6,1
11,127,5,1,30
11,127,5,2,0
11,127,5,3,2
11,127,5,4,0
11,127,5,5,0
11,127,5,6,27
11,128,6,1,4
11,128,6,2,0
11,128,6,3,0
11,128,6,4,0
11,128,6,5,0
11,128,6,6,0
11,129,7,1,0
11,129,7,2,0
11,129,7,3,0
11,129,7,4,0
11,129,7,5,0
11,129,7,6,0
11,130,5,1,39
11,130,5,2,1
11,130,5,3,0
11,130,5,4,1
11,130,5,5,0
11,130,5,6,2
11,131,2,1,627
11,131,2,2,0
11,131,2,3,0
11,131,2,4,0
11,131,2,5,2
11,131,2,6,22
11,132,6,1,4
11,132,6,2,0
11,132,6,3,0
11,132,6,4,0
11,132,6,5,0
11,132,6,6,0
11,133,6,1,40
11,133,6,2,1
11,133,6,3,0
11,133,6,4,0
11,133,6,5,0
11,133,6,6,1
11,134,4,1,1658
11,134,4,2,27
11,134,4,3,29
11,134,4,4,39
11,134,4,5,26
11,134,4,6,72
11,135,7,1,1524
11,135,7,2,31
11,135,7,3,18
11,135,7,4,63
11,135,7,5,50
11,135,7,6,242
11,136,5,1,9
11,136,5,2,0
11,136,5,3,2
11,136,5,4,0
11,136,5,5,0
11,136,5,6,0
11,137,4,1,9858
11,137,4,2,162
11,137,4,3,191
11,137,4,4,317
11,137,4,5,181
11,137,4,6,387
11,138,5,1,89
11,138,5,2,58
11,138,5,3,2
11,138,5,4,1
11,138,5,5,5
11,138,5,6,10
11,139,5,1,15
11,139,5,2,0
11,139,5,3,0
11,139,5,4,0
11,139,5,5,1
11,139,5,6,0
11,140,2,1,10149
11,140,2,2,35
11,140,2,3,13
11,140,2,4,2
11,140,2,5,11
11,140,2,6,288
11,141,7,1,22
11,141,7,2,0
11,141,7,3,0
11,141,7,4,0
11,141,7,5,0
11,141,7,6,0
11,142,3,1,4328
11,142,3,2,273
11,142,3,3,78
11,142,3,4,9
11,142,3,5,11
11,142,3,6,116
11,143,4,1,5454
11,143,4,2,119
11,143,4,3,823
11,143,4,4,862
11,143,4,5,48
11,143,4,6,221
11,144,4,1,4248
11,144,4,2,20
11,144,4,3,46
11,144,4,4,73
11,144,4,5,26
11,144,4,6,125
11,145,2,1,688
11,145,2,2,0
11,145,2,3,1
11,145,2,4,0
11,145,2,5,0
11,145,2,6,0
11,146,4,1,17629
11,146,4,2,182
11,146,4,3,444
11,146,4,4,782
11,146,4,5,563
11,146,4,6,1832
11,147,6,1,1
11,147,6,2,0
11,147,6,3,0
11,147,6,4,0
11,147,6,5,0
11,147,6,6,0
11,148,4,1,1820
11,148,4,2,9
11,148,4,3,181
11,148,4,4,126
11,148,4,5,29
11,148,4,6,93
11,149,2,1,5251
11,149,2,2,136
11,149,2,3,5
11,149,2,4,6
11,149,2,5,253
11,149,2,6,56
11,150,4,1,0
11,150,4,2,0
11,150,4,3,0
11,150,4,4,1
11,150,4,5,0
11,150,4,6,1
11,151,11,1,459
11,151,11,2,8
11,151,11,3,3
11,151,11,4,3
11,151,11,5,2
11,151,11,6,38
11,152,4,1,0
11,152,4,2,0
11,152,4,3,0
11,152,4,4,0
11,152,4,5,0
11,152,4,6,0
11,153,4,1,2158
11,153,4,2,11
11,153,4,3,5
11,153,4,4,23
11,153,4,5,13
11,153,4,6,89
11,154,4,1,4074
11,154,4,2,30
11,154,4,3,66
11,154,4,4,36
11,154,4,5,41
11,154,4,6,246
11,155,6,1,14
11,155,6,2,0
11,155,6,3,0
11,155,6,4,0
11,155,6,5,0
11,155,6,6,0
11,156,2,1,15
11,156,2,2,0
11,156,2,3,0
11,156,2,4,0
11,156,2,5,0
11,156,2,6,1
11,157,7,1,21
11,157,7,2,0
11,157,7,3,0
11,157,7,4,0
11,157,7,5,1
11,157,7,6,0
11,158,7,1,3
11,158,7,2,0
11,158,7,3,0
11,158,7,4,0
11,158,7,5,0
11,158,7,6,0
11,159,4,1,6
11,159,4,2,0
11,159,4,3,1
11,159,4,4,0
11,159,4,5,0
11,159,4,6,0
11,160,2,1,8
11,160,2,2,0
11,160,2,3,0
11,160,2,4,0
11,160,2,5,0
11,160,2,6,0
11,161,2,1,17
11,161,2,2,0
11,161,2,3,0
11,161,2,4,0
11,161,2,5,0
11,161,2,6,0
11,162,6,1,16
11,162,6,2,0
11,162,6,3,0
11,162,6,4,0
11,162,6,5,0
11,162,6,6,3
11,163,6,1,1
11,163,6,2,0
11,163,6,3,0
11,163,6,4,0
11,163,6,5,0
11,163,6,6,0
11,164,6,1,1
11,164,6,2,0
11,164,6,3,0
11,164,6,4,0
11,164,6,5,0
11,164,6,6,0
11,165,5,1,0
11,165,5,2,0
11,165,5,3,0
11,165,5,4,0
11,165,5,5,0
11,165,5,6,0
11,166,5,1,886
11,166,5,2,4
11,166,5,3,18
11,166,5,4,10
11,166,5,5,5
11,166,5,6,68
11,167,5,1,13
11,167,5,2,0
11,167,5,3,0
11,167,5,4,0
11,167,5,5,0
11,167,5,6,0
11,168,6,1,1
11,168,6,2,0
11,168,6,3,0
11,168,6,4,0
11,168,6,5,1
11,168,6,6,0
11,169,5,1,47
11,169,5,2,0
11,169,5,3,11
11,169,5,4,0
11,169,5,5,0
11,169,5,6,13
11,170,6,1,2
11,170,6,2,0
11,170,6,3,0
11,170,6,4,0
11,170,6,5,0
11,170,6,6,0
11,171,6,1,673
11,171,6,2,28
11,171,6,3,4
11,171,6,4,1
11,171,6,5,4
11,171,6,6,78
11,172,6,1,13
11,172,6,2,0
11,172,6,3,0
11,172,6,4,0
11,172,6,5,1
11,172,6,6,1
11,173,4,1,3272
11,173,4,2,43
11,173,4,3,117
11,173,4,4,180
11,173,4,5,77
11,173,4,6,131
11,174,4,1,6538
11,174,4,2,140
11,174,4,3,148
11,174,4,4,354
11,174,4,5,190
11,174,4,6,412
11,175,3,1,71
11,175,3,2,0
11,175,3,3,1
11,175,3,4,0
11,175,3,5,1
11,175,3,6,1
11,176,6,1,8
11,176,6,2,0
11,176,6,3,0
11,176,6,4,0
11,176,6,5,0
11,176,6,6,1
11,177,5,1,488
11,177,5,2,1
11,177,5,3,2
11,177,5,4,3
11,177,5,5,2
11,177,5,6,101
11,178,5,1,2337
11,178,5,2,11
11,178,5,3,7
11,178,5,4,13
11,178,5,5,3
11,178,5,6,135
11,179,6,1,15
11,179,6,2,0
11,179,6,3,0
11,179,6,4,0
11,179,6,5,0
11,179,6,6,3
11,180,5,1,2
11,180,5,2,0
11,180,5,3,1
11,180,5,4,0
11,180,5,5,0
11,180,5,6,0
11,181,6,1,8
11,181,6,2,0
11,181,6,3,0
11,181,6,4,0
11,181,6,5,0
11,181,6,6,0
11,182,7,1,3
11,182,7,2,0
11,182,7,3,0
11,182,7,4,0
11,182,7,5,0
11,182,7,6,0
11,183,2,1,216
11,183,2,2,0
11,183,2,3,0
11,183,2,4,0
11,183,2,5,0
11,183,2,6,0
11,184,6,1,35
11,184,6,2,0
11,184,6,3,0
11,184,6,4,0
11,184,6,5,0
11,184,6,6,3
11,185,5,1,3
11,185,5,2,0
11,185,5,3,0
11,185,5,4,0
11,185,5,5,0
11,185,5,6,0
11,186,5,1,1819
11,186,5,2,67
11,186,5,3,124
11,186,5,4,49
11,186,5,5,13
11,186,5,6,186
11,187,7,1,1
11,187,7,2,0
11,187,7,3,0
11,187,7,4,0
11,187,7,5,0
11,187,7,6,0
11,188,4,1,1205
11,188,4,2,16
11,188,4,3,11
11,188,4,4,8
11,188,4,5,13
11,188,4,6,176
11,189,6,1,16
11,189,6,2,0
11,189,6,3,1
11,189,6,4,0
11,189,6,5,0
11,189,6,6,0
11,190,3,1,6444
11,190,3,2,95
11,190,3,3,28
11,190,3,4,56
11,190,3,5,35
11,190,3,6,176
11,191,5,1,24
11,191,5,2,0
11,191,5,3,0
11,191,5,4,0
11,191,5,5,0
11,191,5,6,1
11,192,7,1,6
11,192,7,2,0
11,192,7,3,0
11,192,7,4,0
11,192,7,5,0
11,192,7,6,0
11,193,4,1,2
11,193,4,2,0
11,193,4,3,0
11,193,4,4,0
11,193,4,5,0
11,193,4,6,0
11,194,3,1,3058
11,194,3,2,183
11,194,3,3,12
11,194,3,4,9
11,194,3,5,501
11,194,3,6,196
11,195,5,1,159
11,195,5,2,0
11,195,5,3,1
11,195,5,4,2
11,195,5,5,1
11,195,5,6,164
11,196,5,1,10
11,196,5,2,1
11,196,5,3,0
11,196,5,4,0
11,196,5,5,0
11,196,5,6,0
11,197,6,1,27
11,197,6,2,0
11,197,6,3,0
11,197,6,4,0
11,197,6,5,0
11,197,6,6,0
11,198,6,1,24
11,198,6,2,0
11,198,6,3,0
11,198,6,4,0
11,198,6,5,0
11,198,6,6,1
12,1,5,1,8
12,1,5,2,16
12,1,5,3,0
12,1,5,4,0
12,1,5,5,1
12,1,5,6,0
12,2,4,1,40
12,2,4,2,1
12,2,4,3,0
12,2,4,4,0
12,2,4,5,0
12,2,4,6,0
12,3,4,1,22511
12,3,4,2,543
12,3,4,3,506
12,3,4,4,763
12,3,4,5,476
12,3,4,6,2488
12,4,4,1,44
12,4,4,2,0
12,4,4,3,0
12,4,4,4,0
12,4,4,5,0
12,4,4,6,4
12,5,6,1,13
12,5,6,2,0
12,5,6,3,0
12,5,6,4,0
12,5,6,5,0
12,5,6,6,0
12,6,2,1,14
12,6,2,2,0
12,6,2,3,0
12,6,2,4,1
12,6,2,5,0
12,6,2,6,3
12,7,5,1,130
12,7,5,2,0
12,7,5,3,3
12,7,5,4,1
12,7,5,5,0
12,7,5,6,0
12,8,6,1,34
12,8,6,2,0
12,8,6,3,1
12,8,6,4,0
12,8,6,5,0
12,8,6,6,1
12,9,3,1,60889
12,9,3,2,7862
12,9,3,3,3819
12,9,3,4,673
12,9,3,5,445
12,9,3,6,1537
12,10,5,1,62
12,10,5,2,7
12,10,5,3,7
12,10,5,4,0
12,10,5,5,0
12,10,5,6,1
12,11,2,1,119
12,11,2,2,0
12,11,2,3,1
12,11,2,4,1
12,11,2,5,0
12,11,2,6,3
12,12,7,1,11072
12,12,7,2,118
12,12,7,3,174
12,12,7,4,244
12,12,7,5,162
12,12,7,6,2069
12,13,4,1,2185
12,13,4,2,40
12,13,4,3,39
12,13,4,4,70
12,13,4,5,37
12,13,4,6,268
12,14,5,1,29
12,14,5,2,0
12,14,5,3,1
12,14,5,4,0
12,14,5,5,0
12,14,5,6,4
12,15,2,1,91
12,15,2,2,0
12,15,2,3,0
12,15,2,4,0
12,15,2,5,4
12,15,2,6,2
12,16,5,1,19
12,16,5,2,0
12,16,5,3,0
12,16,5,4,0
12,16,5,5,0
12,16,5,6,1
12,17,5,1,39
12,17,5,2,0
12,17,5,3,1
12,17,5,4,2
12,17,5,5,1
12,17,5,6,9
12,18,2,1,156
12,18,2,2,0
12,18,2,3,3
12,18,2,4,0
12,18,2,5,0
12,18,2,6,8
12,19,4,1,3509
12,19,4,2,66
12,19,4,3,100
12,19,4,4,148
12,19,4,5,95
12,19,4,6,190
12,20,2,1,185
12,20,2,2,1
12,20,2,3,1
12,20,2,4,0
12,20,2,5,17
12,20,2,6,1
12,21,4,1,156
12,21,4,2,4
12,21,4,3,3
12,21,4,4,2
12,21,4,5,2
12,21,4,6,13
12,22,6,1,3
12,22,6,2,0
12,22,6,3,1
12,22,6,4,0
12,22,6,5,0
12,22,6,6,0
12,23,2,1,6
12,23,2,2,0
12,23,2,3,0
12,23,2,4,0
12,23,2,5,0
12,23,2,6,0
12,24,5,1,2
12,24,5,2,0
12,24,5,3,0
12,24,5,4,0
12,24,5,5,0
12,24,5,6,0
12,25,3,1,12227
12,25,3,2,14743
12,25,3,3,70555
12,25,3,4,3298
12,25,3,5,390
12,25,3,6,8361
12,26,4,1,23
12,26,4,2,3
12,26,4,3,5
12,26,4,4,5
12,26,4,5,0
12,26,4,6,1
12,27,6,1,7
12,27,6,2,0
12,27,6,3,0
12,27,6,4,0
12,27,6,5,0
12,27,6,6,0
12,28,3,1,55197
12,28,3,2,2933
12,28,3,3,1071
12,28,3,4,715
12,28,3,5,121
12,28,3,6,15863
12,29,5,1,4
12,29,5,2,0
12,29,5,3,0
12,29,5,4,0
12,29,5,5,0
12,29,5,6,3
12,30,4,1,383
12,30,4,2,3
12,30,4,3,8
12,30,4,4,6
12,30,4,5,7
12,30,4,6,72
12,31,6,1,4
12,31,6,2,0
12,31,6,3,0
12,31,6,4,0
12,31,6,5,0
12,31,6,6,0
12,32,6,1,3
12,32,6,2,0
12,32,6,3,0
12,32,6,4,0
12,32,6,5,0
12,32,6,6,0
12,33,6,1,8
12,33,6,2,0
12,33,6,3,1
12,33,6,4,0
12,33,6,5,0
12,33,6,6,7
12,34,5,1,4
12,34,5,2,0
12,34,5,3,0
12,34,5,4,0
12,34,5,5,0
12,34,5,6,0
12,35,6,1,9
12,35,6,2,0
12,35,6,3,0
12,35,6,4,0
12,35,6,5,0
12,35,6,6,0
12,36,1,1,36397
12,36,1,2,130
12,36,1,3,161
12,36,1,4,169
12,36,1,5,186
12,36,1,6,3438
12,37,5,1,0
12,37,5,2,0
12,37,5,3,0
12,37,5,4,0
12,37,5,5,0
12,37,5,6,0
12,38,6,1,1
12,38,6,2,0
12,38,6,3,0
12,38,6,4,0
12,38,6,5,0
12,38,6,6,0
12,39,3,1,109620
12,39,3,2,423232
12,39,3,3,546
12,39,3,4,130
12,39,3,5,492
12,39,3,6,11212
12,40,5,1,17249
12,40,5,2,143
12,40,5,3,158
12,40,5,4,161
12,40,5,5,59
12,40,5,6,2401
12,41,4,1,95
12,41,4,2,1
12,41,4,3,1
12,41,4,4,3
12,41,4,5,0
12,41,4,6,10
12,42,3,1,73758
12,42,3,2,7707
12,42,3,3,1539
12,42,3,4,474
12,42,3,5,7947
12,42,3,6,6175
12,43,6,1,0
12,43,6,2,0
12,43,6,3,0
12,43,6,4,0
12,43,6,5,0
12,43,6,6,0
12,44,6,1,8
12,44,6,2,0
12,44,6,3,0
12,44,6,4,0
12,44,6,5,0
12,44,6,6,0
12,45,5,1,1
12,45,5,2,0
12,45,5,3,0
12,45,5,4,0
12,45,5,5,0
12,45,5,6,1
12,46,5,1,9542
12,46,5,2,26
12,46,5,3,128
12,46,5,4,90
12,46,5,5,140
12,46,5,6,594
12,47,6,1,3
12,47,6,2,0
12,47,6,3,0
12,47,6,4,0
12,47,6,5,0
12,47,6,6,0
12,48,2,1,10248
12,48,2,2,19
12,48,2,3,43
12,48,2,4,47
12,48,2,5,19
12,48,2,6,398
12,49,4,1,491
12,49,4,2,2
12,49,4,3,15
12,49,4,4,9
12,49,4,5,2
12,49,4,6,62
12,50,2,1,2493
12,50,2,2,60
12,50,2,3,4
12,50,2,4,1
12,50,2,5,26
12,50,2,6,42
12,51,6,1,12
12,51,6,2,0
12,51,6,3,0
12,51,6,4,0
12,51,6,5,0
12,51,6,6,0
12,52,4,1,1999
12,52,4,2,18
12,52,4,3,53
12,52,4,4,42
12,52,4,5,89
12,52,4,6,141
12,53,6,1,0
12,53,6,2,0
12,53,6,3,0
12,53,6,4,0
12,53,6,5,0
12,53,6,6,0
12,54,2,1,25
12,54,2,2,0
12,54,2,3,0
12,54,2,4,0
12,54,2,5,0
12,54,2,6,3
12,55,3,1,20637
12,55,3,2,4500
12,55,3,3,669
12,55,3,4,128
12,55,3,5,83766
12,55,3,6,21960
12,56,1,1,305002
12,56,1,2,516
12,56,1,3,214
12,56,1,4,265
12,56,1,5,867
12,56,1,6,17582
12,57,6,1,101
12,57,6,2,0
12,57,6,3,4
12,57,6,4,0
12,57,6,5,1
12,57,6,6,9
12,58,2,1,2553
12,58,2,2,10
12,58,2,3,6
12,58,2,4,6
12,58,2,5,6
12,58,2,6,61
12,59,5,1,104
12,59,5,2,1
12,59,5,3,1
12,59,5,4,1
12,59,5,5,0
12,59,5,6,4
12,60,6,1,5
12,60,6,2,0
12,60,6,3,0
12,60,6,4,0
12,60,6,5,0
12,60,6,6,0
12,61,4,1,401
12,61,4,2,7
12,61,4,3,18
12,61,4,4,18
12,61,4,5,8
12,61,4,6,19
12,62,4,1,223
12,62,4,2,1
12,62,4,3,6
12,62,4,4,4
12,62,4,5,3
12,62,4,6,11
12,63,4,1,69919
12,63,4,2,477
12,63,4,3,413
12,63,4,4,299
12,63,4,5,376
12,63,4,6,1048
12,64,4,1,200
12,64,4,2,4
12,64,4,3,7
12,64,4,4,4
12,64,4,5,4
12,64,4,6,12
12,65,6,1,13
12,65,6,2,0
12,65,6,3,0
12,65,6,4,0
12,65,6,5,0
12,65,6,6,1
12,66,4,1,66
12,66,4,2,0
12,66,4,3,1
12,66,4,4,1
12,66,4,5,0
12,66,4,6,6
12,67,7,1,8
12,67,7,2,1
12,67,7,3,0
12,67,7,4,0
12,67,7,5,0
12,67,7,6,2
12,68,5,1,1272
12,68,5,2,6
12,68,5,3,2
12,68,5,4,5
12,68,5,5,7
12,68,5,6,580
12,69,4,1,1148
12,69,4,2,18
12,69,4,3,16
12,69,4,4,25
12,69,4,5,15
12,69,4,6,52
12,70,4,1,21607
12,70,4,2,587
12,70,4,3,770
12,70,4,4,1053
12,70,4,5,517
12,70,4,6,1388
12,71,6,1,1
12,71,6,2,0
12,71,6,3,0
12,71,6,4,0
12,71,6,5,0
12,71,6,6,0
12,72,6,1,1
12,72,6,2,0
12,72,6,3,0
12,72,6,4,0
12,72,6,5,0
12,72,6,6,0
12,73,5,1,62
12,73,5,2,0
12,73,5,3,2
12,73,5,4,1
12,73,5,5,0
12,73,5,6,11
12,74,6,1,16
12,74,6,2,1
12,74,6,3,0
12,74,6,4,0
12,74,6,5,1
12,74,6,6,6
12,75,2,1,47
12,75,2,2,0
12,75,2,3,3
12,75,2,4,2
12,75,2,5,3
12,75,2,6,2
12,76,4,1,1129
12,76,4,2,2
12,76,4,3,31
12,76,4,4,8
12,76,4,5,5
12,76,4,6,107
12,77,4,1,1
12,77,4,2,0
12,77,4,3,0
12,77,4,4,0
12,77,4,5,0
12,77,4,6,0
12,78,2,1,5159
12,78,2,2,21
12,78,2,3,21
12,78,2,4,6
12,78,2,5,14
12,78,2,6,156
12,79,6,1,2
12,79,6,2,0
12,79,6,3,0
12,79,6,4,0
12,79,6,5,0
12,79,6,6,0
12,80,6,1,1
12,80,6,2,0
12,80,6,3,0
12,80,6,4,0
12,80,6,5,0
12,80,6,6,0
12,81,6,1,2
12,81,6,2,0
12,81,6,3,0
12,81,6,4,0
12,81,6,5,0
12,81,6,6,0
12,82,3,1,57
12,82,3,2,2
12,82,3,3,0
12,82,3,4,1
12,82,3,5,0
12,82,3,6,2
12,83,2,1,79
12,83,2,2,31
12,83,2,3,0
12,83,2,4,0
12,83,2,5,2
12,83,2,6,1
12,84,2,1,1398
12,84,2,2,25
12,84,2,3,3
12,84,2,4,8
12,84,2,5,5
12,84,2,6,31
12,85,5,1,841
12,85,5,2,2
12,85,5,3,45
12,85,5,4,30
12,85,5,5,1
12,85,5,6,163
12,86,4,1,641
12,86,4,2,9
12,86,4,3,6
12,86,4,4,38
12,86,4,5,7
12,86,4,6,41
12,87,5,1,3737
12,87,5,2,20
12,87,5,3,25
12,87,5,4,22
12,87,5,5,13
12,87,5,6,508
12,88,5,1,834
12,88,5,2,11
12,88,5,3,10
12,88,5,4,1
12,88,5,5,1
12,88,5,6,283
12,89,5,1,13
12,89,5,2,0
12,89,5,3,0
12,89,5,4,0
12,89,5,5,0
12,89,5,6,0
12,90,5,1,94
12,90,5,2,1
12,90,5,3,2
12,90,5,4,2
12,90,5,5,0
12,90,5,6,2
12,91,4,1,1771
12,91,4,2,25
12,91,4,3,48
12,91,4,4,64
12,91,4,5,65
12,91,4,6,121
12,92,7,1,1
12,92,7,2,0
12,92,7,3,0
12,92,7,4,0
12,92,7,5,0
12,92,7,6,0
12,93,4,1,158
12,93,4,2,0
12,93,4,3,9
12,93,4,4,4
12,93,4,5,3
12,93,4,6,47
12,94,5,1,2201
12,94,5,2,23
12,94,5,3,38
12,94,5,4,21
12,94,5,5,31
12,94,5,6,131
12,95,4,1,24037
12,95,4,2,169
12,95,4,3,247
12,95,4,4,213
12,95,4,5,166
12,95,4,6,599
12,96,2,1,426
12,96,2,2,0
12,96,2,3,0
12,96,2,4,1
12,96,2,5,0
12,96,2,6,14
12,97,5,1,9316
12,97,5,2,54
12,97,5,3,97
12,97,5,4,66
12,97,5,5,75
12,97,5,6,731
12,98,5,1,35
12,98,5,2,0
12,98,5,3,1
12,98,5,4,0
12,98,5,5,0
12,98,5,6,1
12,99,5,1,27
12,99,5,2,0
12,99,5,3,0
12,99,5,4,0
12,99,5,5,0
12,99,5,6,1
12,100,5,1,57
12,100,5,2,0
12,100,5,3,2
12,100,5,4,1
12,100,5,5,0
12,100,5,6,9
12,101,6,1,50
12,101,6,2,0
12,101,6,3,4
12,101,6,4,1
12,101,6,5,0
12,101,6,6,4
12,102,5,1,7
12,102,5,2,0
12,102,5,3,0
12,102,5,4,0
12,102,5,5,0
12,102,5,6,0
12,103,7,1,0
12,103,7,2,0
12,103,7,3,0
12,103,7,4,0
12,103,7,5,0
12,103,7,6,0
12,104,5,1,32
12,104,5,2,0
12,104,5,3,1
12,104,5,4,0
12,104,5,5,0
12,104,5,6,2
12,105,5,1,5
12,105,5,2,0
12,105,5,3,0
12,105,5,4,0
12,105,5,5,0
12,105,5,6,1
12,106,6,1,0
12,106,6,2,0
12,106,6,3,0
12,106,6,4,0
12,106,6,5,0
12,106,6,6,0
12,107,4,1,234
12,107,4,2,1
12,107,4,3,13
12,107,4,4,6
12,107,4,5,5
12,107,4,6,16
12,108,5,1,86
12,108,5,2,5
12,108,5,3,0
12,108,5,4,2
12,108,5,5,1
12,108,5,6,1
12,109,6,1,0
12,109,6,2,0
12,109,6,3,0
12,109,6,4,0
12,109,6,5,0
12,109,6,6,0
12,110,6,1,0
12,110,6,2,0
12,110,6,3,0
12,110,6,4,0
12,110,6,5,0
12,110,6,6,0
12,111,4,1,32
12,111,4,2,0
12,111,4,3,2
12,111,4,4,1
12,111,4,5,1
12,111,4,6,0
12,112,4,1,348
12,112,4,2,5
12,112,4,3,12
12,112,4,4,6
12,112,4,5,5
12,112,4,6,19
12,113,4,1,185
12,113,4,2,4
12,113,4,3,2
12,113,4,4,3
12,113,4,5,0
12,113,4,6,11
12,114,6,1,9
12,114,6,2,0
12,114,6,3,0
12,114,6,4,0
12,114,6,5,0
12,114,6,6,0
12,115,5,1,725
12,115,5,2,22
12,115,5,3,10
12,115,5,4,10
12,115,5,5,5
12,115,5,6,63
12,116,6,1,3
12,116,6,2,0
12,116,6,3,0
12,116,6,4,0
12,116,6,5,0
12,116,6,6,0
12,117,5,1,4
12,117,5,2,1
12,117,5,3,0
12,117,5,4,0
12,117,5,5,0
12,117,5,6,0
12,118,6,1,0
12,118,6,2,0
12,118,6,3,0
12,118,6,4,0
12,118,6,5,0
12,118,6,6,0
12,119,4,1,149
12,119,4,2,0
12,119,4,3,1
12,119,4,4,1
12,119,4,5,1
12,119,4,6,6
12,120,6,1,101
12,120,6,2,6
12,120,6,3,2
12,120,6,4,2
12,120,6,5,1
12,120,6,6,8
12,121,6,1,13
12,121,6,2,0
12,121,6,3,0
12,121,6,4,1
12,121,6,5,0
12,121,6,6,2
12,122,6,1,0
12,122,6,2,0
12,122,6,3,0
12,122,6,4,0
12,122,6,5,0
12,122,6,6,0
12,123,1,1,45630
12,123,1,2,252
12,123,1,3,227
12,123,1,4,124
12,123,1,5,127
12,123,1,6,1079
12,124,4,1,7
12,124,4,2,0
12,124,4,3,0
12,124,4,4,0
12,124,4,5,0
12,124,4,6,2
12,125,5,1,53
12,125,5,2,0
12,125,5,3,0
12,125,5,4,0
12,125,5,5,0
12,125,5,6,5
12,126,6,1,19
12,126,6,2,0
12,126,6,3,0
12,126,6,4,0
12,126,6,5,0
12,126,6,6,2
12,127,5,1,34
12,127,5,2,0
12,127,5,3,1
12,127,5,4,1
12,127,5,5,0
12,127,5,6,23
12,128,6,1,2
12,128,6,2,0
12,128,6,3,0
12,128,6,4,0
12,128,6,5,0
12,128,6,6,1
12,129,7,1,0
12,129,7,2,0
12,129,7,3,0
12,129,7,4,0
12,129,7,5,0
12,129,7,6,0
12,130,5,1,45
12,130,5,2,2
12,130,5,3,0
12,130,5,4,1
12,130,5,5,0
12,130,5,6,1
12,131,2,1,463
12,131,2,2,0
12,131,2,3,1
12,131,2,4,3
12,131,2,5,0
12,131,2,6,14
12,132,6,1,1
12,132,6,2,0
12,132,6,3,0
12,132,6,4,0
12,132,6,5,0
12,132,6,6,1
12,133,6,1,39
12,133,6,2,0
12,133,6,3,0
12,133,6,4,1
12,133,6,5,1
12,133,6,6,0
12,134,4,1,1758
12,134,4,2,36
12,134,4,3,39
12,134,4,4,50
12,134,4,5,14
12,134,4,6,121
12,135,7,1,1595
12,135,7,2,31
12,135,7,3,49
12,135,7,4,50
12,135,7,5,28
12,135,7,6,338
12,136,5,1,10
12,136,5,2,0
12,136,5,3,1
12,136,5,4,0
12,136,5,5,0
12,136,5,6,0
12,137,4,1,11103
12,137,4,2,131
12,137,4,3,180
12,137,4,4,249
12,137,4,5,158
12,137,4,6,404
12,138,5,1,68
12,138,5,2,63
12,138,5,3,3
12,138,5,4,1
12,138,5,5,2
12,138,5,6,5
12,139,5,1,11
12,139,5,2,0
12,139,5,3,0
12,139,5,4,0
12,139,5,5,0
12,139,5,6,0
12,140,2,1,8016
12,140,2,2,17
12,140,2,3,15
12,140,2,4,6
12,140,2,5,8
12,140,2,6,163
12,141,7,1,11
12,141,7,2,0
12,141,7,3,0
12,141,7,4,0
12,141,7,5,0
12,141,7,6,0
12,142,3,1,3029
12,142,3,2,268
12,142,3,3,153
12,142,3,4,24
12,142,3,5,10
12,142,3,6,42
12,143,4,1,2120
12,143,4,2,38
12,143,4,3,354
12,143,4,4,128
12,143,4,5,40
12,143,4,6,197
12,144,4,1,2311
12,144,4,2,47
12,144,4,3,136
12,144,4,4,76
12,144,4,5,12
12,144,4,6,131
12,145,2,1,554
12,145,2,2,5
12,145,2,3,1
12,145,2,4,0
12,145,2,5,2
12,145,2,6,54
12,146,4,1,14777
12,146,4,2,191
12,146,4,3,322
12,146,4,4,438
12,146,4,5,330
12,146,4,6,1963
12,147,6,1,1
12,147,6,2,0
12,147,6,3,0
12,147,6,4,0
12,147,6,5,0
12,147,6,6,0
12,148,4,1,986
12,148,4,2,17
12,148,4,3,34
12,148,4,4,50
12,148,4,5,27
12,148,4,6,85
12,149,2,1,4247
12,149,2,2,130
12,149,2,3,15
12,149,2,4,6
12,149,2,5,132
12,149,2,6,114
12,150,4,1,3
12,150,4,2,0
12,150,4,3,1
12,150,4,4,0
12,150,4,5,0
12,150,4,6,2
12,151,11,1,526
12,151,11,2,5
12,151,11,3,1
12,151,11,4,6
12,151,11,5,8
12,151,11,6,73
12,152,4,1,0
12,152,4,2,0
12,152,4,3,0
12,152,4,4,0
12,152,4,5,0
12,152,4,6,0
12,153,4,1,1192
12,153,4,2,13
12,153,4,3,15
12,153,4,4,87
12,153,4,5,8
12,153,4,6,106
12,154,4,1,4051
12,154,4,2,61
12,154,4,3,114
12,154,4,4,51
12,154,4,5,56
12,154,4,6,309
12,155,6,1,4
12,155,6,2,0
12,155,6,3,0
12,155,6,4,0
12,155,6,5,0
12,155,6,6,1
12,156,2,1,20
12,156,2,2,0
12,156,2,3,0
12,156,2,4,0
12,156,2,5,0
12,156,2,6,4
12,157,7,1,36
12,157,7,2,0
12,157,7,3,0
12,157,7,4,1
12,157,7,5,1
12,157,7,6,0
12,158,7,1,0
12,158,7,2,0
12,158,7,3,0
12,158,7,4,0
12,158,7,5,0
12,158,7,6,0
12,159,4,1,12
12,159,4,2,0
12,159,4,3,1
12,159,4,4,0
12,159,4,5,0
12,159,4,6,0
12,160,2,1,13
12,160,2,2,0
12,160,2,3,0
12,160,2,4,0
12,160,2,5,0
12,160,2,6,1
12,161,2,1,13
12,161,2,2,0
12,161,2,3,0
12,161,2,4,0
12,161,2,5,0
12,161,2,6,3
12,162,6,1,8
12,162,6,2,0
12,162,6,3,0
12,162,6,4,0
12,162,6,5,0
12,162,6,6,1
12,163,6,1,2
12,163,6,2,0
12,163,6,3,0
12,163,6,4,0
12,163,6,5,0
12,163,6,6,0
12,164,6,1,2
12,164,6,2,0
12,164,6,3,0
12,164,6,4,0
12,164,6,5,0
12,164,6,6,0
12,165,5,1,0
12,165,5,2,0
12,165,5,3,0
12,165,5,4,0
12,165,5,5,0
12,165,5,6,0
12,166,5,1,1156
12,166,5,2,7
12,166,5,3,6
12,166,5,4,20
12,166,5,5,3
12,166,5,6,168
12,167,5,1,21
12,167,5,2,0
12,167,5,3,0
12,167,5,4,0
12,167,5,5,0
12,167,5,6,1
12,168,6,1,0
12,168,6,2,0
12,168,6,3,0
12,168,6,4,0
12,168,6,5,0
12,168,6,6,0
12,169,5,1,56
12,169,5,2,0
12,169,5,3,12
12,169,5,4,0
12,169,5,5,0
12,169,5,6,23
12,170,6,1,0
12,170,6,2,0
12,170,6,3,0
12,170,6,4,0
12,170,6,5,0
12,170,6,6,2
12,171,6,1,1001
12,171,6,2,5
12,171,6,3,3
12,171,6,4,7
12,171,6,5,6
12,171,6,6,98
12,172,6,1,13
12,172,6,2,0
12,172,6,3,0
12,172,6,4,0
12,172,6,5,0
12,172,6,6,0
12,173,4,1,6095
12,173,4,2,64
12,173,4,3,130
12,173,4,4,53
12,173,4,5,147
12,173,4,6,188
12,174,4,1,8954
12,174,4,2,135
12,174,4,3,144
12,174,4,4,202
12,174,4,5,102
12,174,4,6,533
12,175,3,1,28
12,175,3,2,0
12,175,3,3,0
12,175,3,4,0
12,175,3,5,0
12,175,3,6,0
12,176,6,1,0
12,176,6,2,0
12,176,6,3,0
12,176,6,4,0
12,176,6,5,0
12,176,6,6,0
12,177,5,1,345
12,177,5,2,1
12,177,5,3,2
12,177,5,4,4
12,177,5,5,4
12,177,5,6,33
12,178,5,1,1526
12,178,5,2,26
12,178,5,3,22
12,178,5,4,38
12,178,5,5,11
12,178,5,6,198
12,179,6,1,7
12,179,6,2,0
12,179,6,3,0
12,179,6,4,0
12,179,6,5,0
12,179,6,6,2
12,180,5,1,1
12,180,5,2,0
12,180,5,3,1
12,180,5,4,0
12,180,5,5,0
12,180,5,6,0
12,181,6,1,0
12,181,6,2,0
12,181,6,3,0
12,181,6,4,0
12,181,6,5,0
12,181,6,6,0
12,182,7,1,1
12,182,7,2,0
12,182,7,3,0
12,182,7,4,0
12,182,7,5,0
12,182,7,6,0
12,183,2,1,187
12,183,2,2,0
12,183,2,3,0
12,183,2,4,2
12,183,2,5,0
12,183,2,6,8
12,184,6,1,32
12,184,6,2,0
12,184,6,3,0
12,184,6,4,2
12,184,6,5,0
12,184,6,6,5
12,185,5,1,0
12,185,5,2,0
12,185,5,3,0
12,185,5,4,0
12,185,5,5,0
12,185,5,6,0
12,186,5,1,1277
12,186,5,2,17
12,186,5,3,69
12,186,5,4,40
12,186,5,5,9
12,186,5,6,126
12,187,7,1,0
12,187,7,2,0
12,187,7,3,0
12,187,7,4,0
12,187,7,5,0
12,187,7,6,0
12,188,4,1,1241
12,188,4,2,8
12,188,4,3,4
12,188,4,4,5
12,188,4,5,6
12,188,4,6,213
12,189,6,1,13
12,189,6,2,0
12,189,6,3,1
12,189,6,4,0
12,189,6,5,0
12,189,6,6,5
12,190,3,1,5124
12,190,3,2,90
12,190,3,3,45
12,190,3,4,27
12,190,3,5,29
12,190,3,6,117
12,191,5,1,9
12,191,5,2,0
12,191,5,3,0
12,191,5,4,0
12,191,5,5,0
12,191,5,6,0
12,192,7,1,3
12,192,7,2,0
12,192,7,3,0
12,192,7,4,0
12,192,7,5,0
12,192,7,6,0
12,193,4,1,1
12,193,4,2,0
12,193,4,3,0
12,193,4,4,0
12,193,4,5,0
12,193,4,6,0
12,194,3,1,3060
12,194,3,2,273
12,194,3,3,33
12,194,3,4,8
12,194,3,5,583
12,194,3,6,151
12,195,5,1,213
12,195,5,2,0
12,195,5,3,3
12,195,5,4,0
12,195,5,5,1
12,195,5,6,34
12,196,5,1,5
12,196,5,2,0
12,196,5,3,0
12,196,5,4,0
12,196,5,5,0
12,196,5,6,0
12,197,6,1,28
12,197,6,2,0
12,197,6,3,0
12,197,6,4,0
12,197,6,5,0
12,197,6,6,0
12,198,6,1,20
12,198,6,2,0
12,198,6,3,0
12,198,6,4,0
12,198,6,5,1
12,198,6,6,3
