Date,Close
7/16/2010 16:00:00,4198.32
7/19/2010 16:00:00,4241.34
7/20/2010 16:00:00,4354.37
7/21/2010 16:00:00,4348.2
7/22/2010 16:00:00,4482.36
7/23/2010 16:00:00,4502.25
7/27/2010 16:00:00,4485.2
7/28/2010 16:00:00,4504.74
7/29/2010 16:00:00,4502.74
7/30/2010 16:00:00,4535.38
8/2/2010 16:00:00,4623.52
8/3/2010 16:00:00,4591.85
8/4/2010 16:00:00,4603.61
8/5/2010 16:00:00,4604.49
8/6/2010 16:00:00,4579.85
8/9/2010 16:00:00,4599.5
8/10/2010 16:00:00,4558.35
8/11/2010 16:00:00,4416.46
8/12/2010 16:00:00,4432.12
8/13/2010 16:00:00,4455.7
8/16/2010 16:00:00,4512.93
8/17/2010 16:00:00,4553.4
8/18/2010 16:00:00,4561.44
8/19/2010 16:00:00,4494.58
8/20/2010 16:00:00,4491.11
8/23/2010 16:00:00,4424.04
8/24/2010 16:00:00,4349.26
8/25/2010 16:00:00,4329.39
8/26/2010 16:00:00,4290.7
8/27/2010 16:00:00,4417.63
8/30/2010 16:00:00,4329.86
8/31/2010 16:00:00,4400.2
9/1/2010 16:00:00,4548.49
9/2/2010 16:00:00,4573.31
9/3/2010 16:00:00,4601.01
9/6/2010 16:00:00,4605.29
9/7/2010 16:00:00,4537.79
9/8/2010 16:00:00,4566.43
9/9/2010 16:00:00,4579.91
9/10/2010 16:00:00,4592.9
9/13/2010 16:00:00,4700.82
9/14/2010 16:00:00,4701.18
9/15/2010 16:00:00,4698.86
9/16/2010 16:00:00,4702.41
9/17/2010 16:00:00,4679.49
9/20/2010 16:00:00,4712.44
9/21/2010 16:00:00,4708.64
9/22/2010 16:00:00,4722.53
9/23/2010 16:00:00,4739.88
9/24/2010 16:00:00,4759.26
9/27/2010 16:00:00,4787.35
9/28/2010 16:00:00,4841.73
9/29/2010 16:00:00,4856.66
9/30/2010 16:00:00,4923.35
10/1/2010 16:00:00,4984.23
10/4/2010 16:00:00,4956.37
10/5/2010 16:00:00,5048.64
10/7/2010 16:00:00,4957.62
10/8/2010 16:00:00,5039.44
10/11/2010 16:00:00,5050.27
10/12/2010 16:00:00,5054.31
10/13/2010 16:00:00,5144.92
10/14/2010 16:00:00,5134.28
10/15/2010 16:00:00,5117.46
10/18/2010 16:00:00,5152.12
10/19/2010 16:00:00,5006.52
10/20/2010 16:00:00,5080.32
10/21/2010 16:00:00,5010.11
10/22/2010 16:00:00,5014.19
10/25/2010 16:00:00,5060.49
10/26/2010 16:00:00,5094.81
10/27/2010 16:00:00,5010.86
10/28/2010 16:00:00,5043.35
10/29/2010 16:00:00,5081.72
11/1/2010 16:00:00,5120.22
11/2/2010 16:00:00,5191.51
11/3/2010 16:00:00,5183.9
11/4/2010 16:00:00,5313.77
11/5/2010 16:00:00,5300.54
11/8/2010 16:00:00,5303.38
11/9/2010 16:00:00,5201.57
11/10/2010 16:00:00,5212.52
11/11/2010 16:00:00,5171.88
11/12/2010 16:00:00,5085.45
11/15/2010 16:00:00,5091.31
11/16/2010 16:00:00,4953.95
11/17/2010 16:00:00,4986.83
11/18/2010 16:00:00,5098.44
11/19/2010 16:00:00,5120.45
11/22/2010 16:00:00,5089.34
11/23/2010 16:00:00,4954.09
11/24/2010 16:00:00,5079.23
11/25/2010 16:00:00,5076.79
11/26/2010 16:00:00,4994.2
11/29/2010 16:00:00,4987.5
11/30/2010 16:00:00,4951.38
12/1/2010 16:00:00,5058.03
12/2/2010 16:00:00,5118.64
12/3/2010 16:00:00,5141.1
12/6/2010 16:00:00,5139.8
12/7/2010 16:00:00,5105.98
12/8/2010 16:00:00,5065.97
12/9/2010 16:00:00,5016.98
12/10/2010 16:00:00,5042.2
12/13/2010 16:00:00,5099.8
12/14/2010 16:00:00,5106.03
12/15/2010 16:00:00,5043.31
12/16/2010 16:00:00,5051.29
12/17/2010 16:00:00,5067.78
12/20/2010 16:00:00,5047.75
12/21/2010 16:00:00,5110.56
12/22/2010 16:00:00,5136.37
12/23/2010 16:00:00,5121.24
12/24/2010 16:00:00,5120.13
12/27/2010 16:00:00,5089.12
12/28/2010 16:00:00,5081.89
12/29/2010 16:00:00,5163.49
12/30/2010 16:00:00,5218.56
12/31/2010 16:00:00,5245.76
1/3/2011 16:00:00,5293.84
1/4/2011 16:00:00,5273.63
1/5/2011 16:00:00,5277.08
1/6/2011 16:00:00,5201.45
1/7/2011 16:00:00,5147.19
1/10/2011 16:00:00,5123.46
1/11/2011 16:00:00,5171.37
1/12/2011 16:00:00,5258.55
1/13/2011 16:00:00,5214.21
1/14/2011 16:00:00,5211.76
1/17/2011 16:00:00,5214.12
1/18/2011 16:00:00,5238.12
1/19/2011 16:00:00,5175.87
1/20/2011 16:00:00,5104.19
1/21/2011 16:00:00,5078.44
1/24/2011 16:00:00,5144.27
1/25/2011 16:00:00,5089.92
1/26/2011 16:00:00,5118.32
1/27/2011 16:00:00,5061.7
1/28/2011 16:00:00,4952.15
1/31/2011 16:00:00,4989.17
2/1/2011 16:00:00,5097.22
2/2/2011 16:00:00,5051.21
2/3/2011 16:00:00,5037.94
2/4/2011 16:00:00,4985.43
2/7/2011 16:00:00,4954.84
2/8/2011 16:00:00,5001.15
2/9/2011 16:00:00,4885.82
2/10/2011 16:00:00,4881.43
2/11/2011 16:00:00,4968.96
2/14/2011 16:00:00,4992.83
2/15/2011 16:00:00,5001.6
2/16/2011 16:00:00,5055.32
2/17/2011 16:00:00,5084.11
2/18/2011 16:00:00,5105.74
2/21/2011 16:00:00,5086.47
2/22/2011 16:00:00,4959.84
2/23/2011 16:00:00,4965.3
2/24/2011 16:00:00,4973.67
2/25/2011 16:00:00,5012.94
2/28/2011 16:00:00,5050.45
3/1/2011 16:00:00,4984.55
3/2/2011 16:00:00,5038.35
3/3/2011 16:00:00,5126.71
3/4/2011 16:00:00,5111.18
3/7/2011 16:00:00,5044.46
3/8/2011 16:00:00,5023.53
3/9/2011 16:00:00,5016.15
3/10/2011 16:00:00,4890.52
3/11/2011 16:00:00,4926.09
3/14/2011 16:00:00,4960.09
3/15/2011 16:00:00,4919.63
3/16/2011 16:00:00,4810.41
3/17/2011 16:00:00,4824.02
3/18/2011 16:00:00,4872.67
3/21/2011 16:00:00,4924.31
3/22/2011 16:00:00,4995.91
3/23/2011 16:00:00,5032.5
3/24/2011 16:00:00,5066.09
3/25/2011 16:00:00,5051.52
3/28/2011 16:00:00,5022.67
3/29/2011 16:00:00,5049.56
3/30/2011 16:00:00,5132.18
3/31/2011 16:00:00,5202.84
4/1/2011 16:00:00,5279.06
4/4/2011 16:00:00,5296.77
4/5/2011 16:00:00,5311.53
4/6/2011 16:00:00,5276.98
4/7/2011 16:00:00,5284.53
4/8/2011 16:00:00,5288.02
4/11/2011 16:00:00,5240.42
4/12/2011 16:00:00,5138.38
4/13/2011 16:00:00,5122.88
4/14/2011 16:00:00,5117.4
4/15/2011 16:00:00,5145.96
4/18/2011 16:00:00,5044.09
4/19/2011 16:00:00,5126.69
4/20/2011 16:00:00,5207.29
4/21/2011 16:00:00,5233.09
4/25/2011 16:00:00,5217.72
4/26/2011 16:00:00,5262.4
4/27/2011 16:00:00,5228.63
4/28/2011 16:00:00,5167.95
4/29/2011 16:00:00,5232.82
5/2/2011 16:00:00,5176.41
5/3/2011 16:00:00,5069.7
5/4/2011 16:00:00,4958.45
5/5/2011 16:00:00,4913.53
5/6/2011 16:00:00,4965.85
5/9/2011 16:00:00,4984.34
5/10/2011 16:00:00,5037.71
5/11/2011 16:00:00,4937.5
5/12/2011 16:00:00,4922.19
5/13/2011 16:00:00,4839.06
5/16/2011 16:00:00,4831.73
5/17/2011 16:00:00,4863.78
5/18/2011 16:00:00,4882.26
5/19/2011 16:00:00,4864.78
5/20/2011 16:00:00,4867.54
5/23/2011 16:00:00,4805.9
5/24/2011 16:00:00,4872.92
5/25/2011 16:00:00,4866.67
5/26/2011 16:00:00,4943.65
5/27/2011 16:00:00,4997.64
5/30/2011 16:00:00,4992.51
5/31/2011 16:00:00,5045.34
6/1/2011 16:00:00,4930.03
6/2/2011 16:00:00,4982.37
6/3/2011 16:00:00,4970.69
6/6/2011 16:00:00,4842.76
6/7/2011 16:00:00,4867.2
6/8/2011 16:00:00,4848.29
6/9/2011 16:00:00,4871.22
6/10/2011 16:00:00,4799.93
6/13/2011 16:00:00,4789.46
6/14/2011 16:00:00,4839.83
6/15/2011 16:00:00,4783
6/16/2011 16:00:00,4717.39
6/17/2011 16:00:00,4737.79
6/20/2011 16:00:00,4773.05
6/21/2011 16:00:00,4819.61
6/22/2011 16:00:00,4832.18
6/23/2011 16:00:00,4800.18
6/24/2011 16:00:00,4779.36
6/27/2011 16:00:00,4813.86
6/28/2011 16:00:00,4922.69
6/29/2011 16:00:00,4992.96
6/30/2011 16:00:00,5027.2
7/1/2011 16:00:00,5092.62
7/4/2011 16:00:00,5097.92
7/5/2011 16:00:00,5069.64
7/6/2011 16:00:00,5027.46
7/7/2011 16:00:00,5034.1
7/8/2011 16:00:00,4978.18
7/11/2011 16:00:00,4844.35
7/12/2011 16:00:00,4812.42
7/13/2011 16:00:00,4867.24
7/14/2011 16:00:00,4816.94
7/15/2011 16:00:00,4832.92
7/18/2011 16:00:00,4781.09
7/19/2011 16:00:00,4827.3
7/20/2011 16:00:00,4809.01
7/21/2011 16:00:00,4877.3
7/22/2011 16:00:00,4887.59
7/25/2011 16:00:00,4882.75
7/26/2011 16:00:00,4878.71
7/27/2011 16:00:00,4789.07
7/28/2011 16:00:00,4799.28
7/29/2011 16:00:00,4809.91
8/1/2011 16:00:00,4808.61
8/2/2011 16:00:00,4655.45
8/3/2011 16:00:00,4607.56
8/4/2011 16:00:00,4331.13
8/5/2011 16:00:00,4325.62
8/8/2011 16:00:00,3944.44
8/9/2011 16:00:00,4158.68
8/10/2011 16:00:00,4054.37
8/11/2011 16:00:00,4243.6
8/15/2011 16:00:00,4383.43
8/16/2011 16:00:00,4350.41
8/17/2011 16:00:00,4425.14
8/18/2011 16:00:00,4244.73
8/19/2011 16:00:00,4202.17
8/22/2011 16:00:00,4206.46
8/23/2011 16:00:00,4314.3
8/24/2011 16:00:00,4289.42
8/25/2011 16:00:00,4241.8
8/26/2011 16:00:00,4290.81
8/29/2011 16:00:00,4414.07
8/30/2011 16:00:00,4445.41
8/31/2011 16:00:00,4529.58
9/1/2011 16:00:00,4581.25
9/2/2011 16:00:00,4440.3
9/5/2011 16:00:00,4364.54
9/6/2011 16:00:00,4350.08
9/7/2011 16:00:00,4450.86
9/8/2011 16:00:00,4395.97
9/9/2011 16:00:00,4229.54
9/12/2011 16:00:00,4167.55
9/13/2011 16:00:00,4174.84
9/14/2011 16:00:00,4212.96
9/15/2011 16:00:00,4278.7
9/16/2011 16:00:00,4253.26
9/19/2011 16:00:00,4189.36
9/20/2011 16:00:00,4144.13
9/21/2011 16:00:00,3986.14
9/22/2011 16:00:00,3715.07
9/23/2011 16:00:00,3785.33
9/26/2011 16:00:00,3864.17
9/27/2011 16:00:00,3957.19
9/28/2011 16:00:00,3856.91
9/29/2011 16:00:00,3873.33
9/30/2011 16:00:00,3760.35
10/3/2011 16:00:00,3648.2
10/4/2011 16:00:00,3673.47
10/5/2011 16:00:00,3749.35
10/6/2011 16:00:00,3895.54
10/7/2011 16:00:00,3837.07
10/10/2011 16:00:00,3976.77
10/11/2011 16:00:00,4021.44
10/12/2011 16:00:00,4127.67
10/13/2011 16:00:00,4100.25
10/14/2011 16:00:00,4168.82
10/17/2011 16:00:00,4021.05
10/18/2011 16:00:00,4112.14
10/19/2011 16:00:00,4056.15
10/20/2011 16:00:00,3995.42
10/21/2011 16:00:00,4092.02
10/24/2011 16:00:00,4242.62
10/25/2011 16:00:00,4168.38
10/26/2011 16:00:00,4253.16
10/27/2011 16:00:00,4478.76
10/28/2011 16:00:00,4535.71
10/31/2011 16:00:00,4398.02
11/1/2011 16:00:00,4295.86
11/2/2011 16:00:00,4342.24
11/3/2011 16:00:00,4400.29
11/4/2011 16:00:00,4391.76
11/7/2011 16:00:00,4439.6
11/8/2011 16:00:00,4480.43
11/9/2011 16:00:00,4277.23
11/10/2011 16:00:00,4305.1
11/11/2011 16:00:00,4411.62
11/14/2011 16:00:00,4355.97
11/15/2011 16:00:00,4355.43
11/16/2011 16:00:00,4288.5
11/17/2011 16:00:00,4198.2
11/18/2011 16:00:00,4177.85
11/21/2011 16:00:00,4093.91
11/22/2011 16:00:00,4046.55
11/23/2011 16:00:00,3909.56
11/24/2011 16:00:00,3908.48
11/25/2011 16:00:00,3837.01
11/28/2011 16:00:00,3992.54
11/29/2011 16:00:00,3990.01
11/30/2011 16:00:00,4194.06
12/1/2011 16:00:00,4217.01
12/2/2011 16:00:00,4231.71
12/5/2011 16:00:00,4304.43
12/6/2011 16:00:00,4298.45
12/7/2011 16:00:00,4294.28
12/8/2011 16:00:00,4178.92
12/9/2011 16:00:00,4278.72
12/12/2011 16:00:00,4173.36
12/13/2011 16:00:00,4116.52
12/14/2011 16:00:00,4042.48
12/15/2011 16:00:00,4053.03
12/16/2011 16:00:00,4065.97
12/19/2011 16:00:00,3998.58
12/20/2011 16:00:00,4125.09
12/21/2011 16:00:00,4137.31
12/22/2011 16:00:00,4190.27
12/23/2011 16:00:00,4202.59
12/26/2011 16:00:00,4196.12
12/27/2011 16:00:00,4173.38
12/28/2011 16:00:00,4087.95
12/29/2011 16:00:00,4138.02
12/30/2011 16:00:00,4161.09
1/2/2012 16:00:00,4170.89
1/3/2012 16:00:00,4276.78
1/4/2012 16:00:00,4287.85
1/5/2012 16:00:00,4236.62
1/6/2012 16:00:00,4212.17
1/9/2012 16:00:00,4257.2
1/10/2012 16:00:00,4321.35
1/11/2012 16:00:00,4346.63
1/12/2012 16:00:00,4374
1/13/2012 16:00:00,4319.94
1/16/2012 16:00:00,4336.71
1/17/2012 16:00:00,4402.11
1/18/2012 16:00:00,4512.79
1/19/2012 16:00:00,4537.73
1/20/2012 16:00:00,4535.05
1/23/2012 16:00:00,4549.66
1/24/2012 16:00:00,4529.5
1/25/2012 16:00:00,4602.58
1/26/2012 16:00:00,4574.44
1/27/2012 16:00:00,4586.33
1/30/2012 16:00:00,4546.78
1/31/2012 16:00:00,4535.53
2/1/2012 16:00:00,4641.86
2/2/2012 16:00:00,4670.55
2/3/2012 16:00:00,4733.56
2/6/2012 16:00:00,4725.42
2/7/2012 16:00:00,4750.95
2/8/2012 16:00:00,4764.5
2/9/2012 16:00:00,4771.96
2/10/2012 16:00:00,4679.28
2/13/2012 16:00:00,4740.79
2/14/2012 16:00:00,4675.94
2/15/2012 16:00:00,4632.89
2/16/2012 16:00:00,4707.65
2/17/2012 16:00:00,4737.85
2/20/2012 16:00:00,4754.17
2/21/2012 16:00:00,4721.86
2/22/2012 16:00:00,4711.44
2/23/2012 16:00:00,4727.13
2/24/2012 16:00:00,4743.18
2/27/2012 16:00:00,4720.4
2/28/2012 16:00:00,4793.95
2/29/2012 16:00:00,4753.5
3/1/2012 16:00:00,4832.17
3/2/2012 16:00:00,4816.9
3/5/2012 16:00:00,4741.76
3/6/2012 16:00:00,4589.45
3/7/2012 16:00:00,4615.83
3/8/2012 16:00:00,4699.91
3/9/2012 16:00:00,4678.16
3/12/2012 16:00:00,4620.59
3/13/2012 16:00:00,4745.46
3/14/2012 16:00:00,4711.74
3/15/2012 16:00:00,4733.7
3/16/2012 16:00:00,4747.25
3/19/2012 16:00:00,4751.31
3/20/2012 16:00:00,4695.66
3/21/2012 16:00:00,4694.85
3/22/2012 16:00:00,4639.4
3/23/2012 16:00:00,4664.53
3/26/2012 16:00:00,4753.89
3/27/2012 16:00:00,4732.89
3/28/2012 16:00:00,4655.68
3/29/2012 16:00:00,4653.15
3/30/2012 16:00:00,4653.03
4/2/2012 16:00:00,4710.9
4/3/2012 16:00:00,4675.4
4/4/2012 16:00:00,4579.24
4/5/2012 16:00:00,4569.62
4/9/2012 16:00:00,4543.58
4/10/2012 16:00:00,4457.7
4/11/2012 16:00:00,4478.89
4/12/2012 16:00:00,4573.96
4/13/2012 16:00:00,4503.77
4/16/2012 16:00:00,4447.83
4/17/2012 16:00:00,4476.96
4/18/2012 16:00:00,4449
4/19/2012 16:00:00,4440.11
4/20/2012 16:00:00,4482.48
4/23/2012 16:00:00,4430.47
4/24/2012 16:00:00,4434.18
4/25/2012 16:00:00,4417.7
4/26/2012 16:00:00,4426.74
4/27/2012 16:00:00,4456.88
4/30/2012 16:00:00,4443.37
5/1/2012 16:00:00,4475.7
5/2/2012 16:00:00,4445.08
5/3/2012 16:00:00,4420.12
5/4/2012 16:00:00,4324.82
5/7/2012 16:00:00,4370.12
5/8/2012 16:00:00,4251.21
5/9/2012 16:00:00,4186.02
5/10/2012 16:00:00,4198.69
5/11/2012 16:00:00,4155.26
5/14/2012 16:00:00,4032.16
5/15/2012 16:00:00,3965.69
5/16/2012 16:00:00,3937.37
5/17/2012 16:00:00,3849.83
5/18/2012 16:00:00,3831.19
5/21/2012 16:00:00,3919.45
5/22/2012 16:00:00,3870.67
5/23/2012 16:00:00,3858.45
5/24/2012 16:00:00,3852.7
5/25/2012 16:00:00,3883.55
5/28/2012 16:00:00,3892.93
5/29/2012 16:00:00,3935.34
5/30/2012 16:00:00,3864.61
5/31/2012 16:00:00,3881.57
6/1/2012 16:00:00,3787.81
6/4/2012 16:00:00,3793.2
6/5/2012 16:00:00,3804.16
6/6/2012 16:00:00,3900.84
6/7/2012 16:00:00,3923.09
6/8/2012 16:00:00,3910.51
6/11/2012 16:00:00,3842.12
6/12/2012 16:00:00,3892.71
6/13/2012 16:00:00,3878.61
6/14/2012 16:00:00,3910.23
6/15/2012 16:00:00,3956.87
6/18/2012 16:00:00,3981.33
6/19/2012 16:00:00,4091.25
6/20/2012 16:00:00,4087.41
6/21/2012 16:00:00,3957.17
6/22/2012 16:00:00,3943.64
6/25/2012 16:00:00,3862.23
6/26/2012 16:00:00,3884.28
6/27/2012 16:00:00,3903.87
6/28/2012 16:00:00,3885.67
6/29/2012 16:00:00,4053.58
7/2/2012 16:00:00,4087.21
7/3/2012 16:00:00,4143.62
7/4/2012 16:00:00,4141.49
7/5/2012 16:00:00,4123.87
7/6/2012 16:00:00,4070.13
7/9/2012 16:00:00,4058.23
7/10/2012 16:00:00,4009.9
7/11/2012 16:00:00,4021.9
7/12/2012 16:00:00,3998.78
7/13/2012 16:00:00,4070.64
7/16/2012 16:00:00,4076.43
7/17/2012 16:00:00,4110.04
7/18/2012 16:00:00,4120.66
7/19/2012 16:00:00,4152.73
7/20/2012 16:00:00,4101.06
7/23/2012 16:00:00,4013.99
7/24/2012 16:00:00,3978.71
7/25/2012 16:00:00,3965.89
7/26/2012 16:00:00,4063.11
7/27/2012 16:00:00,4182.62
7/30/2012 16:00:00,4179.59
7/31/2012 16:00:00,4114.36
8/1/2012 16:00:00,4104.94
8/2/2012 16:00:00,4053.86
8/3/2012 16:00:00,4149.42
8/6/2012 16:00:00,4181.75
8/7/2012 16:00:00,4186.07
8/8/2012 16:00:00,4225.39
8/9/2012 16:00:00,4221.65
8/10/2012 16:00:00,4249.45
8/13/2012 16:00:00,4204.62
8/14/2012 16:00:00,4180.34
8/15/2012 16:00:00,4191.59
8/16/2012 16:00:00,4235.17
8/17/2012 16:00:00,4237.29
8/20/2012 16:00:00,4231.73
8/21/2012 16:00:00,4194.24
8/22/2012 16:00:00,4194.59
8/23/2012 16:00:00,4151.08
8/24/2012 16:00:00,4158.12
8/27/2012 16:00:00,4122.54
8/28/2012 16:00:00,4125.99
8/29/2012 16:00:00,4071.94
8/30/2012 16:00:00,4049.61
8/31/2012 16:00:00,4065.41
9/3/2012 16:00:00,4074.32
9/4/2012 16:00:00,4020.68
9/5/2012 16:00:00,4045.24
9/6/2012 16:00:00,4135.05
9/7/2012 16:00:00,4205.7
9/10/2012 16:00:00,4146.91
9/11/2012 16:00:00,4185.37
9/12/2012 16:00:00,4189.89
9/13/2012 16:00:00,4306.23
9/14/2012 16:00:00,4352.76
9/17/2012 16:00:00,4322.84
9/18/2012 16:00:00,4318.53
9/19/2012 16:00:00,4307.83
9/20/2012 16:00:00,4278.88
9/21/2012 16:00:00,4259.95
9/24/2012 16:00:00,4255.77
9/25/2012 16:00:00,4175.09
9/26/2012 16:00:00,4179.49
9/27/2012 16:00:00,4210.74
9/28/2012 16:00:00,4167.45
10/1/2012 16:00:00,4194.75
10/2/2012 16:00:00,4194.43
10/3/2012 16:00:00,4165.04
10/4/2012 16:00:00,4209.4
10/5/2012 16:00:00,4222.58
10/8/2012 16:00:00,4236.81
10/9/2012 16:00:00,4189.77
10/10/2012 16:00:00,4152.93
10/11/2012 16:00:00,4180.54
10/12/2012 16:00:00,4172.28
10/15/2012 16:00:00,4214.91
10/16/2012 16:00:00,4249.06
10/17/2012 16:00:00,4257.38
10/18/2012 16:00:00,4260.04
10/19/2012 16:00:00,4217.05
10/22/2012 16:00:00,4216
10/23/2012 16:00:00,4129.55
10/24/2012 16:00:00,4148.07
10/25/2012 16:00:00,4174.71
10/26/2012 16:00:00,4171.8
10/29/2012 16:00:00,4169.98
10/30/2012 16:00:00,4170.44
10/31/2012 16:00:00,4137.32
11/1/2012 16:00:00,4192.45
11/2/2012 16:00:00,4178.05
11/5/2012 16:00:00,4187.42
11/6/2012 16:00:00,4204.3
11/7/2012 16:00:00,4132.61
11/8/2012 16:00:00,4074.61
11/9/2012 16:00:00,4058.14
11/12/2012 16:00:00,4041.25
11/13/2012 16:00:00,4028.71
11/14/2012 16:00:00,3973.28
11/15/2012 16:00:00,3978.43
11/16/2012 16:00:00,3982.79
11/19/2012 16:00:00,4039.25
11/20/2012 16:00:00,4038.35
11/21/2012 16:00:00,4046.37
11/22/2012 16:00:00,4058.28
11/23/2012 16:00:00,4100.59
11/26/2012 16:00:00,4078.02
11/27/2012 16:00:00,4031.39
11/28/2012 16:00:00,4047.44
11/29/2012 16:00:00,4077.03
11/30/2012 16:00:00,4056.93
12/3/2012 16:00:00,4068.74
12/4/2012 16:00:00,4051.65
12/5/2012 16:00:00,4093.34
12/6/2012 16:00:00,4120.48
12/7/2012 16:00:00,4137.4
12/10/2012 16:00:00,4175.58
12/11/2012 16:00:00,4212.65
12/12/2012 16:00:00,4217.39
12/13/2012 16:00:00,4197.16
12/14/2012 16:00:00,4223.61
12/17/2012 16:00:00,4228.33
12/18/2012 16:00:00,4269.95
12/19/2012 16:00:00,4293.97
12/20/2012 16:00:00,4310.78
12/21/2012 16:00:00,4279.34
12/24/2012 16:00:00,4261.43
12/26/2012 16:00:00,4258.16
12/27/2012 16:00:00,4263.99
12/28/2012 16:00:00,4255.84
12/31/2012 16:00:00,4297.67
1/2/2013 16:00:00,4377.82
1/3/2013 16:00:00,4413.24
1/4/2013 16:00:00,4436.25
1/7/2013 16:00:00,4423.38
1/8/2013 16:00:00,4392.21
1/9/2013 16:00:00,4429.42
1/10/2013 16:00:00,4460.22
1/11/2013 16:00:00,4432.06
1/14/2013 16:00:00,4456.91
1/15/2013 16:00:00,4442.86
1/16/2013 16:00:00,4440.71
1/17/2013 16:00:00,4469.01
1/18/2013 16:00:00,4476.54
1/21/2013 16:00:00,4473.46
1/22/2013 16:00:00,4492.19
1/23/2013 16:00:00,4481.87
1/24/2013 16:00:00,4487.59
1/25/2013 16:00:00,4491.5
1/28/2013 16:00:00,4462.11
1/29/2013 16:00:00,4502
1/30/2013 16:00:00,4464.95
1/31/2013 16:00:00,4468.06
2/1/2013 16:00:00,4507.57
2/4/2013 16:00:00,4448.99
2/5/2013 16:00:00,4451.73
2/6/2013 16:00:00,4438.86
2/7/2013 16:00:00,4418.7
2/8/2013 16:00:00,4435.51
2/11/2013 16:00:00,4417.77
2/12/2013 16:00:00,4424.75
2/13/2013 16:00:00,4383.76
2/14/2013 16:00:00,4369.01
2/15/2013 16:00:00,4384.41
2/18/2013 16:00:00,4384.44
2/19/2013 16:00:00,4410.44
2/20/2013 16:00:00,4319.37
2/21/2013 16:00:00,4265.93
2/22/2013 16:00:00,4292.5
2/25/2013 16:00:00,4229.87
2/26/2013 16:00:00,4238.65
2/27/2013 16:00:00,4255.67
2/28/2013 16:00:00,4266.74
3/1/2013 16:00:00,4272.12
3/4/2013 16:00:00,4255.07
3/5/2013 16:00:00,4277.93
3/6/2013 16:00:00,4325.09
3/7/2013 16:00:00,4353.52
3/8/2013 16:00:00,4409.84
3/11/2013 16:00:00,4380.88
3/12/2013 16:00:00,4365.76
3/13/2013 16:00:00,4289.2
3/14/2013 16:00:00,4279.01
3/15/2013 16:00:00,4241.17
3/18/2013 16:00:00,4227.37
3/19/2013 16:00:00,4207.38
3/20/2013 16:00:00,4216.3
3/21/2013 16:00:00,4190.67
3/22/2013 16:00:00,4198.02
3/25/2013 16:00:00,4180.86
3/26/2013 16:00:00,4233.9
3/27/2013 16:00:00,4254.67
3/28/2013 16:00:00,4277.34
4/1/2013 16:00:00,4241.25
4/2/2013 16:00:00,4224.16
4/3/2013 16:00:00,4180.32
4/4/2013 16:00:00,4169.55
4/5/2013 16:00:00,4207.31
4/8/2013 16:00:00,4207.45
4/9/2013 16:00:00,4278.59
4/10/2013 16:00:00,4313.81
4/11/2013 16:00:00,4296.46
4/12/2013 16:00:00,4267.41
4/15/2013 16:00:00,4106.51
4/16/2013 16:00:00,4173.35
4/17/2013 16:00:00,4073.71
4/18/2013 16:00:00,4060.95
4/19/2013 16:00:00,4109.26
4/22/2013 16:00:00,4114.37
4/23/2013 16:00:00,4159.68
4/24/2013 16:00:00,4177.71
4/25/2013 16:00:00,4189.98
4/26/2013 16:00:00,4123.63
4/29/2013 16:00:00,4144.86
4/30/2013 16:00:00,4219.72
5/1/2013 16:00:00,4185.15
5/2/2013 16:00:00,4177.23
5/3/2013 16:00:00,4230.48
5/6/2013 16:00:00,4207.01
5/7/2013 16:00:00,4257.51
5/8/2013 16:00:00,4265.05
5/9/2013 16:00:00,4223.87
5/10/2013 16:00:00,4199.51
5/13/2013 16:00:00,4180.13
5/14/2013 16:00:00,4161.14
5/15/2013 16:00:00,4164.21
5/16/2013 16:00:00,4142.95
5/17/2013 16:00:00,4149.82
5/20/2013 16:00:00,4155.66
5/21/2013 16:00:00,4143.33
5/22/2013 16:00:00,4105.61
5/23/2013 16:00:00,4105.17
5/24/2013 16:00:00,4085.08
5/27/2013 16:00:00,4077.88
5/28/2013 16:00:00,4067.64
5/29/2013 16:00:00,3986.6
5/30/2013 16:00:00,3993.12
5/31/2013 16:00:00,3938.89
6/3/2013 16:00:00,3953.73
6/4/2013 16:00:00,3924.57
6/5/2013 16:00:00,3845.36
6/6/2013 16:00:00,3878.95
6/7/2013 16:00:00,3840.29
6/10/2013 16:00:00,3803.49
6/11/2013 16:00:00,3737.77
6/12/2013 16:00:00,3683.87
6/13/2013 16:00:00,3756.29
6/14/2013 16:00:00,3721.33
6/17/2013 16:00:00,3711.74
6/18/2013 16:00:00,3689.42
6/19/2013 16:00:00,3576.89
6/20/2013 16:00:00,3447.16
6/21/2013 16:00:00,3459.39
6/24/2013 16:00:00,3403.02
6/25/2013 16:00:00,3463.48
6/26/2013 16:00:00,3541.69
6/27/2013 16:00:00,3617.74
6/28/2013 16:00:00,3631.33
7/1/2013 16:00:00,3636.9
7/2/2013 16:00:00,3522.24
7/3/2013 16:00:00,3504.68
7/4/2013 16:00:00,3530.44
7/5/2013 16:00:00,3466.61
7/8/2013 16:00:00,3466.04
7/9/2013 16:00:00,3483.81
7/10/2013 16:00:00,3456.03
7/11/2013 16:00:00,3544.8
7/12/2013 16:00:00,3517.53
7/15/2013 16:00:00,3594.14
7/16/2013 16:00:00,3563.03
7/17/2013 16:00:00,3619.98
7/18/2013 16:00:00,3629.17
7/19/2013 16:00:00,3582.14
7/22/2013 16:00:00,3644.15
7/23/2013 16:00:00,3692.46
7/24/2013 16:00:00,3635.26
7/25/2013 16:00:00,3654.27
7/26/2013 16:00:00,3647.8
7/29/2013 16:00:00,3594.34
7/30/2013 16:00:00,3560.26
7/31/2013 16:00:00,3572.12
8/1/2013 16:00:00,3628.02
8/2/2013 16:00:00,3643.59
8/5/2013 16:00:00,3598.29
8/6/2013 16:00:00,3560.64
8/7/2013 16:00:00,3546.89
8/8/2013 16:00:00,3653.34
8/9/2013 16:00:00,3672.75
8/12/2013 16:00:00,3660.34
8/13/2013 16:00:00,3647.37
8/14/2013 16:00:00,3643.41
8/15/2013 16:00:00,3630.24
8/16/2013 16:00:00,3574.74
8/19/2013 16:00:00,3516.11
8/20/2013 16:00:00,3519.7
8/21/2013 16:00:00,3435.4
8/22/2013 16:00:00,3481.87
8/23/2013 16:00:00,3576.24
8/26/2013 16:00:00,3503.58
8/27/2013 16:00:00,3439.99
8/28/2013 16:00:00,3434.09
8/29/2013 16:00:00,3433.6
8/30/2013 16:00:00,3444.78
9/2/2013 16:00:00,3452.45
9/3/2013 16:00:00,3469.03
9/4/2013 16:00:00,3481.83
9/5/2013 16:00:00,3548
9/6/2013 16:00:00,3614.19
9/9/2013 16:00:00,3723.77
9/10/2013 16:00:00,3759.12
9/11/2013 16:00:00,3764.77
9/12/2013 16:00:00,3708.98
9/13/2013 16:00:00,3726.04
9/16/2013 16:00:00,3745.23
9/17/2013 16:00:00,3776.76
9/18/2013 16:00:00,3933.31
9/19/2013 16:00:00,3905.44
9/20/2013 16:00:00,3829.5
9/23/2013 16:00:00,3881.28
9/24/2013 16:00:00,3854.67
9/25/2013 16:00:00,3830.44
9/26/2013 16:00:00,3809.91
9/27/2013 16:00:00,3789.31
9/30/2013 16:00:00,3759.27
10/1/2013 16:00:00,3810.37
10/2/2013 16:00:00,3829.81
10/3/2013 16:00:00,3794.84
10/4/2013 16:00:00,3820.87
10/7/2013 16:00:00,3797.21
10/8/2013 16:00:00,3757.21
10/9/2013 16:00:00,3762.1
10/10/2013 16:00:00,3845.98
10/11/2013 16:00:00,3881.62
10/14/2013 16:00:00,3911.51
10/15/2013 16:00:00,3888.25
10/16/2013 16:00:00,3926.18
10/17/2013 16:00:00,3956.81
10/18/2013 16:00:00,3938.6
10/21/2013 16:00:00,3947.73
10/22/2013 16:00:00,3986.04
10/23/2013 16:00:00,3913.51
10/24/2013 16:00:00,3897.37
10/25/2013 16:00:00,3922.42
10/28/2013 16:00:00,3963.3
10/29/2013 16:00:00,3968.8
10/30/2013 16:00:00,3965.85
10/31/2013 16:00:00,3907.06
11/1/2013 16:00:00,3888.96
11/4/2013 16:00:00,3922.93
11/5/2013 16:00:00,3827.19
11/6/2013 16:00:00,3829.69
11/7/2013 16:00:00,3757.38
11/8/2013 16:00:00,3719.71
11/11/2013 16:00:00,3698.71
11/12/2013 16:00:00,3672.27
11/13/2013 16:00:00,3701.13
11/14/2013 16:00:00,3772.19
11/15/2013 16:00:00,3815.27
11/18/2013 16:00:00,3872.91
11/19/2013 16:00:00,3813.72
11/20/2013 16:00:00,3784.55
11/21/2013 16:00:00,3760.53
11/22/2013 16:00:00,3796.67
11/25/2013 16:00:00,3735.44
11/26/2013 16:00:00,3705.63
11/27/2013 16:00:00,3720.51
11/28/2013 16:00:00,3737.17
11/29/2013 16:00:00,3753.98
12/2/2013 16:00:00,3647.14
12/3/2013 16:00:00,3613.49
12/4/2013 16:00:00,3590.26
12/5/2013 16:00:00,3597.99
12/6/2013 16:00:00,3640.58
12/9/2013 16:00:00,3672.05
12/10/2013 16:00:00,3671.62
12/11/2013 16:00:00,3589.18
12/12/2013 16:00:00,3594
12/13/2013 16:00:00,3598.48
12/16/2013 16:00:00,3604.94
12/17/2013 16:00:00,3594.53
12/18/2013 16:00:00,3638.11
12/19/2013 16:00:00,3619.35
12/20/2013 16:00:00,3584.56
12/23/2013 16:00:00,3620.99
12/24/2013 16:00:00,3628.28
12/26/2013 16:00:00,3612.81
12/27/2013 16:00:00,3660.64
12/30/2013 16:00:00,3655.51
12/31/2013 16:00:00,3665.28
1/2/2014 16:00:00,3563.78
1/3/2014 16:00:00,3564.88
1/6/2014 16:00:00,3542.51
1/7/2014 16:00:00,3544.61
1/8/2014 16:00:00,3506.41
1/9/2014 16:00:00,3467.02
1/10/2014 16:00:00,3534.69
1/13/2014 16:00:00,3496.4
1/14/2014 16:00:00,3528.27
1/15/2014 16:00:00,3528.82
1/16/2014 16:00:00,3489.99
1/17/2014 16:00:00,3482.63
1/20/2014 16:00:00,3482.41
1/21/2014 16:00:00,3455.28
1/22/2014 16:00:00,3479.79
1/23/2014 16:00:00,3399.01
1/24/2014 16:00:00,3320.48
1/27/2014 16:00:00,3317.3
1/28/2014 16:00:00,3322.17
1/29/2014 16:00:00,3266.79
1/30/2014 16:00:00,3291.75
1/31/2014 16:00:00,3284.16
2/3/2014 16:00:00,3198.47
2/4/2014 16:00:00,3268.19
2/5/2014 16:00:00,3257.19
2/6/2014 16:00:00,3349.64
2/7/2014 16:00:00,3365.33
2/10/2014 16:00:00,3329.11
2/11/2014 16:00:00,3391.98
2/12/2014 16:00:00,3357.61
2/13/2014 16:00:00,3369.76
2/14/2014 16:00:00,3399.99
2/17/2014 16:00:00,3405.04
2/18/2014 16:00:00,3339.01
2/20/2014 16:00:00,3337.57
2/21/2014 16:00:00,3354.22
2/24/2014 16:00:00,3363
2/25/2014 16:00:00,3325.59
2/26/2014 16:00:00,3307.9
2/27/2014 16:00:00,3381.35
2/28/2014 16:00:00,3353.67
3/3/2014 16:00:00,3304.77
3/4/2014 16:00:00,3344.44
3/5/2014 16:00:00,3355.81
3/6/2014 16:00:00,3392.4
3/7/2014 16:00:00,3329.81
3/10/2014 16:00:00,3280.2
3/11/2014 16:00:00,3269.73
3/12/2014 16:00:00,3282.14
3/13/2014 16:00:00,3240.35
3/14/2014 16:00:00,3236.13
3/17/2014 16:00:00,3255.2
3/18/2014 16:00:00,3315.1
3/19/2014 16:00:00,3311.66
3/20/2014 16:00:00,3382.71
3/21/2014 16:00:00,3390.23
3/24/2014 16:00:00,3427.15
3/25/2014 16:00:00,3459.04
3/26/2014 16:00:00,3454.91
3/27/2014 16:00:00,3564.01
3/28/2014 16:00:00,3577.18
3/31/2014 16:00:00,3616.68
4/1/2014 16:00:00,3628.3
4/2/2014 16:00:00,3691.9
4/3/2014 16:00:00,3643.88
4/4/2014 16:00:00,3670.58
4/7/2014 16:00:00,3742.87
4/8/2014 16:00:00,3742.24
4/9/2014 16:00:00,3746.9
4/10/2014 16:00:00,3718.01
4/11/2014 16:00:00,3739.12
4/14/2014 16:00:00,3745.33
4/15/2014 16:00:00,3661.56
4/16/2014 16:00:00,3693.73
4/17/2014 16:00:00,3736.69
4/21/2014 16:00:00,3727.81
4/22/2014 16:00:00,3713
4/23/2014 16:00:00,3710.16
4/24/2014 16:00:00,3735.89
4/25/2014 16:00:00,3687.82
4/28/2014 16:00:00,3695.22
4/29/2014 16:00:00,3724.44
4/30/2014 16:00:00,3715.97
5/1/2014 16:00:00,3711.47
5/2/2014 16:00:00,3781.23
5/5/2014 16:00:00,3765.19
5/6/2014 16:00:00,3804.05
5/7/2014 16:00:00,3834.17
5/8/2014 16:00:00,3810.36
5/9/2014 16:00:00,3798.93
5/12/2014 16:00:00,3853.56
5/13/2014 16:00:00,3853.58
5/14/2014 16:00:00,3872.87
5/15/2014 16:00:00,3821.09
5/16/2014 16:00:00,3850.2
5/19/2014 16:00:00,3817.28
5/20/2014 16:00:00,3763.99
5/21/2014 16:00:00,3766.76
5/22/2014 16:00:00,3787.45
5/23/2014 16:00:00,3769.62
5/26/2014 16:00:00,3774.58
5/27/2014 16:00:00,3727.4
5/28/2014 16:00:00,3755.45
5/29/2014 16:00:00,3752.92
5/30/2014 16:00:00,3669.15
6/2/2014 16:00:00,3663.97
6/3/2014 16:00:00,3683.79
6/4/2014 16:00:00,3651.2
6/5/2014 16:00:00,3680.48
6/6/2014 16:00:00,3769.35
6/9/2014 16:00:00,3834.38
6/10/2014 16:00:00,3849.17
6/11/2014 16:00:00,3860.96
6/12/2014 16:00:00,3829
6/13/2014 16:00:00,3837.95
6/16/2014 16:00:00,3817.97
6/17/2014 16:00:00,3768.76
6/18/2014 16:00:00,3844.78
6/19/2014 16:00:00,3832.95
6/20/2014 16:00:00,3828.68
6/23/2014 16:00:00,3829.21
6/24/2014 16:00:00,3815.41
6/25/2014 16:00:00,3805.17
6/26/2014 16:00:00,3806.39
6/27/2014 16:00:00,3804.76
6/30/2014 16:00:00,3789.45
7/1/2014 16:00:00,3807.74
7/2/2014 16:00:00,3787.65
7/3/2014 16:00:00,3834.56
7/4/2014 16:00:00,3824.72
7/7/2014 16:00:00,3819.58
7/8/2014 16:00:00,3813.66
7/9/2014 16:00:00,3870.32
7/10/2014 16:00:00,3876.21
7/11/2014 16:00:00,3888.67
7/14/2014 16:00:00,3950.73
7/15/2014 16:00:00,3961.94
7/16/2014 16:00:00,3954.93
7/17/2014 16:00:00,3903.32
7/18/2014 16:00:00,4005.16
7/21/2014 16:00:00,4034.18
7/22/2014 16:00:00,4065.76
7/23/2014 16:00:00,4032.24
7/24/2014 16:00:00,4059.68
7/25/2014 16:00:00,4042.26
7/28/2014 16:00:00,4039.2
7/29/2014 16:00:00,3995.83
7/30/2014 16:00:00,3955.5
7/31/2014 16:00:00,3870.8
8/1/2014 16:00:00,3885.81
8/4/2014 16:00:00,3933.33
8/5/2014 16:00:00,3885.11
8/6/2014 16:00:00,3907.88
8/7/2014 16:00:00,3856.65
8/8/2014 16:00:00,3847.58
8/11/2014 16:00:00,3930.26
8/12/2014 16:00:00,3925.17
8/13/2014 16:00:00,3888.45
8/14/2014 16:00:00,3907.66
8/15/2014 16:00:00,3954.5
8/18/2014 16:00:00,3997.2
8/19/2014 16:00:00,4034.5
8/20/2014 16:00:00,4047.39
8/21/2014 16:00:00,4055.75
8/22/2014 16:00:00,4012.69
8/25/2014 16:00:00,4058.35
8/26/2014 16:00:00,4090.97
8/27/2014 16:00:00,4158.29
8/28/2014 16:00:00,4137.35
8/29/2014 16:00:00,4202.94
9/1/2014 16:00:00,4194.16
9/2/2014 16:00:00,4240.88
9/3/2014 16:00:00,4255.12
9/4/2014 16:00:00,4202.18
9/5/2014 16:00:00,4215.62
9/8/2014 16:00:00,4125.79
9/9/2014 16:00:00,4053.36
9/10/2014 16:00:00,4028.92
9/11/2014 16:00:00,4017.55
9/12/2014 16:00:00,3915.51
9/15/2014 16:00:00,3955.07
9/16/2014 16:00:00,4039.45
9/17/2014 16:00:00,4005.1
9/18/2014 16:00:00,3978.79
9/19/2014 16:00:00,3929.75
9/22/2014 16:00:00,3848.81
9/23/2014 16:00:00,3812.02
9/24/2014 16:00:00,3843.33
9/25/2014 16:00:00,3752.21
9/26/2014 16:00:00,3809.98
9/29/2014 16:00:00,3660.72
9/30/2014 16:00:00,3646.3
10/1/2014 16:00:00,3538.59
10/2/2014 16:00:00,3568.1
10/3/2014 16:00:00,3615.65
10/6/2014 16:00:00,3770.32
10/7/2014 16:00:00,3792.43
10/8/2014 16:00:00,3808.64
10/9/2014 16:00:00,3792.65
10/10/2014 16:00:00,3660.05
10/13/2014 16:00:00,3789.19
10/14/2014 16:00:00,3795.21
10/15/2014 16:00:00,3658.8
10/16/2014 16:00:00,3569.6
10/17/2014 16:00:00,3653.84
10/20/2014 16:00:00,3578
10/21/2014 16:00:00,3512.11
10/22/2014 16:00:00,3482.31
10/23/2014 16:00:00,3411.63
10/24/2014 16:00:00,3488.26
10/27/2014 16:00:00,3396.57
10/28/2014 16:00:00,3506.97
10/29/2014 16:00:00,3476.62
10/30/2014 16:00:00,3585.26
10/31/2014 16:00:00,3621.19
11/3/2014 16:00:00,3568.79
11/4/2014 16:00:00,3578.58
11/5/2014 16:00:00,3554.26
11/6/2014 16:00:00,3457.98
11/7/2014 16:00:00,3499.06
11/10/2014 16:00:00,3468.29
11/11/2014 16:00:00,3457.47
11/12/2014 16:00:00,3454.43
11/13/2014 16:00:00,3397.58
11/14/2014 16:00:00,3378.87
11/17/2014 16:00:00,3352
11/18/2014 16:00:00,3411.78
11/19/2014 16:00:00,3481.92
11/20/2014 16:00:00,3488.26
11/21/2014 16:00:00,3664.1
11/24/2014 16:00:00,3596.35
11/25/2014 16:00:00,3601.16
11/26/2014 16:00:00,3613.56
11/27/2014 16:00:00,3606.58
11/28/2014 16:00:00,3507.66
12/1/2014 16:00:00,3394.87
12/2/2014 16:00:00,3339.51
12/3/2014 16:00:00,3373.64
12/4/2014 16:00:00,3316.76
12/5/2014 16:00:00,3323.6
12/8/2014 16:00:00,3244.78
12/9/2014 16:00:00,3227.68
12/10/2014 16:00:00,3133.36
12/11/2014 16:00:00,3106.01
12/12/2014 16:00:00,3042.44
12/15/2014 16:00:00,2933.24
12/16/2014 16:00:00,2907.48
12/17/2014 16:00:00,3035.74
12/18/2014 16:00:00,3106.03
12/19/2014 16:00:00,3131.45
12/22/2014 16:00:00,3163.02
12/23/2014 16:00:00,3161.8
12/24/2014 16:00:00,3166.31
12/26/2014 16:00:00,3157.38
12/29/2014 16:00:00,3163.27
12/30/2014 16:00:00,3172.15
12/31/2014 16:00:00,3169.96
1/2/2015 16:00:00,3073.68
1/5/2015 16:00:00,2988.39
1/6/2015 16:00:00,3028.13
1/7/2015 16:00:00,3100.96
1/8/2015 16:00:00,3147.61
1/9/2015 16:00:00,3143.74
1/12/2015 16:00:00,3078.4
1/13/2015 16:00:00,3088.11
1/14/2015 16:00:00,3095.11
1/15/2015 16:00:00,3057.9
1/16/2015 16:00:00,3128.03
1/19/2015 16:00:00,3108.18
1/20/2015 16:00:00,3100.8
1/21/2015 16:00:00,3171.81
1/22/2015 16:00:00,3236.29
1/23/2015 16:00:00,3179.58
1/26/2015 16:00:00,3173.94
1/27/2015 16:00:00,3186.65
1/28/2015 16:00:00,3113.77
1/29/2015 16:00:00,3097
1/30/2015 16:00:00,2986.89
2/2/2015 16:00:00,3018.6
2/3/2015 16:00:00,3111.61
2/4/2015 16:00:00,3087.23
2/5/2015 16:00:00,3117.5
2/6/2015 16:00:00,3070.76
2/9/2015 16:00:00,3110.87
2/10/2015 16:00:00,3036.14
2/11/2015 16:00:00,2963.63
2/12/2015 16:00:00,3072.68
2/13/2015 16:00:00,3116.27
2/16/2015 16:00:00,3112.08
2/17/2015 16:00:00,3127.96
2/18/2015 16:00:00,3122.71
2/19/2015 16:00:00,3090.79
2/20/2015 16:00:00,3096.09
2/23/2015 16:00:00,3089.28
2/24/2015 16:00:00,3148.99
2/25/2015 16:00:00,3115.51
2/26/2015 16:00:00,3114.92
2/27/2015 16:00:00,3136.15
3/2/2015 16:00:00,3070
3/3/2015 16:00:00,3061.93
3/4/2015 16:00:00,3005.31
3/5/2015 16:00:00,2973.64
3/6/2015 16:00:00,2897.01
3/9/2015 16:00:00,2833.09
3/10/2015 16:00:00,2796.1
3/11/2015 16:00:00,2821.27
3/12/2015 16:00:00,2830.75
3/13/2015 16:00:00,2770.66
3/16/2015 16:00:00,2784.63
3/17/2015 16:00:00,2825.84
3/18/2015 16:00:00,2922.21
3/19/2015 16:00:00,2841.4
3/20/2015 16:00:00,2912.88
3/23/2015 16:00:00,2954.94
3/24/2015 16:00:00,2955.63
3/25/2015 16:00:00,2918.29
3/26/2015 16:00:00,2862.24
3/27/2015 16:00:00,2843.04
3/30/2015 16:00:00,2883.56
4/1/2015 16:00:00,2971.86
4/2/2015 16:00:00,3027.03
4/6/2015 16:00:00,3074.75
4/7/2015 16:00:00,3067.25
4/8/2015 16:00:00,3101.67
4/9/2015 16:00:00,3082.81
4/10/2015 16:00:00,3084.39
4/13/2015 16:00:00,3049.22
4/14/2015 16:00:00,3086.94
4/15/2015 16:00:00,3137.6
4/16/2015 16:00:00,3159.01
4/17/2015 16:00:00,3099.77
4/20/2015 16:00:00,3083.4
4/21/2015 16:00:00,3087.78
4/22/2015 16:00:00,3122.88
4/23/2015 16:00:00,3184.18
4/24/2015 16:00:00,3236.95
4/27/2015 16:00:00,3229.39
4/28/2015 16:00:00,3228.99
4/29/2015 16:00:00,3201.63
4/30/2015 16:00:00,3172.07
5/1/2015 16:00:00,3167.77
5/4/2015 16:00:00,3168.16
5/5/2015 16:00:00,3199.05
5/6/2015 16:00:00,3174.54
5/7/2015 16:00:00,3183.93
5/8/2015 16:00:00,3234.94
5/11/2015 16:00:00,3189.01
5/12/2015 16:00:00,3184.57
5/13/2015 16:00:00,3162.72
5/14/2015 16:00:00,3214.92
5/15/2015 16:00:00,3242.38
5/18/2015 16:00:00,3183.83
5/19/2015 16:00:00,3137.11
5/20/2015 16:00:00,3135.47
5/21/2015 16:00:00,3102.61
5/22/2015 16:00:00,3048.03
5/25/2015 16:00:00,3049.18
5/26/2015 16:00:00,2980.51
5/27/2015 16:00:00,3005
5/28/2015 16:00:00,2992.82
5/29/2015 16:00:00,2937.99
6/1/2015 16:00:00,2944.7
6/2/2015 16:00:00,3004.44
6/3/2015 16:00:00,2966.99
6/4/2015 16:00:00,2939.41
6/5/2015 16:00:00,2920.39
6/8/2015 16:00:00,2937.63
6/9/2015 16:00:00,2936.88
6/10/2015 16:00:00,2978.61
6/11/2015 16:00:00,2986.68
6/12/2015 16:00:00,2968.06
6/15/2015 16:00:00,2943.04
6/16/2015 16:00:00,2992.16
6/17/2015 16:00:00,3003.41
6/18/2015 16:00:00,3035.71
6/19/2015 16:00:00,2992.65
6/22/2015 16:00:00,3021.33
6/23/2015 16:00:00,3025.05
6/24/2015 16:00:00,3000.93
6/25/2015 16:00:00,2966.52
6/26/2015 16:00:00,2990.59
6/29/2015 16:00:00,2931.83
6/30/2015 16:00:00,2951.32
7/1/2015 16:00:00,2908.42
7/2/2015 16:00:00,2958.18
7/3/2015 16:00:00,2940.57
7/6/2015 16:00:00,2886.25
7/7/2015 16:00:00,2875.58
7/8/2015 16:00:00,2813.85
7/9/2015 16:00:00,2836.48
7/10/2015 16:00:00,2903.26
7/13/2015 16:00:00,2940.97
7/14/2015 16:00:00,2949.12
7/15/2015 16:00:00,2924.49
7/16/2015 16:00:00,2919.29
7/17/2015 16:00:00,2876.05
7/20/2015 16:00:00,2851.34
7/21/2015 16:00:00,2852.45
7/22/2015 16:00:00,2784.08
7/23/2015 16:00:00,2717.14
7/24/2015 16:00:00,2657
7/27/2015 16:00:00,2617.47
7/28/2015 16:00:00,2654.52
7/29/2015 16:00:00,2692.7
7/30/2015 16:00:00,2656.32
7/31/2015 16:00:00,2688.84
8/3/2015 16:00:00,2658.82
8/4/2015 16:00:00,2655.74
8/5/2015 16:00:00,2632.36
8/6/2015 16:00:00,2616.27
8/7/2015 16:00:00,2593.17
8/10/2015 16:00:00,2656.55
8/11/2015 16:00:00,2584.67
8/12/2015 16:00:00,2567.22
8/13/2015 16:00:00,2516.13
8/14/2015 16:00:00,2512.7
8/17/2015 16:00:00,2504.15
8/18/2015 16:00:00,2515.13
8/19/2015 16:00:00,2459.1
8/20/2015 16:00:00,2450.13
8/21/2015 16:00:00,2373.36
8/24/2015 16:00:00,2288.66
8/25/2015 16:00:00,2287.04
8/26/2015 16:00:00,2349.72
8/27/2015 16:00:00,2460
8/28/2015 16:00:00,2439.48
8/31/2015 16:00:00,2420.36
9/1/2015 16:00:00,2334.61
9/2/2015 16:00:00,2349.8
9/3/2015 16:00:00,2383.19
9/4/2015 16:00:00,2307.88
9/7/2015 16:00:00,2302.77
9/8/2015 16:00:00,2338.28
9/9/2015 16:00:00,2327.01
9/10/2015 16:00:00,2312
9/11/2015 16:00:00,2292.38
9/14/2015 16:00:00,2335.92
9/15/2015 16:00:00,2347.54
9/16/2015 16:00:00,2400.84
9/17/2015 16:00:00,2397.47
9/18/2015 16:00:00,2327.3
9/21/2015 16:00:00,2307.58
9/22/2015 16:00:00,2256.32
9/23/2015 16:00:00,2186.15
9/24/2015 16:00:00,2229.53
9/25/2015 16:00:00,2210.56
9/29/2015 16:00:00,2163.75
9/30/2015 16:00:00,2230.32
10/1/2015 16:00:00,2231.81
10/2/2015 16:00:00,2298.02
10/5/2015 16:00:00,2355.92
10/6/2015 16:00:00,2378.43
10/7/2015 16:00:00,2405.79
10/8/2015 16:00:00,2444.45
10/9/2015 16:00:00,2468.37
10/12/2015 16:00:00,2443.68
10/13/2015 16:00:00,2360.99
10/14/2015 16:00:00,2368.79
10/15/2015 16:00:00,2396.19
10/16/2015 16:00:00,2386.3
10/20/2015 16:00:00,2355.86
10/21/2015 16:00:00,2329.98
10/22/2015 16:00:00,2380.46
10/23/2015 16:00:00,2394.36
10/26/2015 16:00:00,2372.53
10/27/2015 16:00:00,2361.2
10/28/2015 16:00:00,2354.4
10/29/2015 16:00:00,2339.52
10/30/2015 16:00:00,2339.09
11/2/2015 16:00:00,2361.11
11/3/2015 16:00:00,2443.23
11/4/2015 16:00:00,2407.47
11/5/2015 16:00:00,2407.18
11/6/2015 16:00:00,2379.63
11/9/2015 16:00:00,2327.32
11/10/2015 16:00:00,2339.71
11/11/2015 16:00:00,2358.89
11/12/2015 16:00:00,2327.69
11/13/2015 16:00:00,2291
11/16/2015 16:00:00,2305.98
11/17/2015 16:00:00,2326.9
11/18/2015 16:00:00,2368.74
11/19/2015 16:00:00,2403.13
11/20/2015 16:00:00,2426.91
11/23/2015 16:00:00,2394.04
11/24/2015 16:00:00,2402.56
11/25/2015 16:00:00,2341.2
11/26/2015 16:00:00,2345.87
11/27/2015 16:00:00,2300.36
11/30/2015 16:00:00,2247.45
12/1/2015 16:00:00,2270.95
12/2/2015 16:00:00,2257.99
12/3/2015 16:00:00,2287.87
12/4/2015 16:00:00,2275.83
12/7/2015 16:00:00,2236.4
12/8/2015 16:00:00,2206.86
12/9/2015 16:00:00,2252.57
12/10/2015 16:00:00,2202.92
12/11/2015 16:00:00,2157.07
12/14/2015 16:00:00,2143.92
12/15/2015 16:00:00,2184.33
12/16/2015 16:00:00,2224.4
12/17/2015 16:00:00,2206.8
12/18/2015 16:00:00,2138.6
12/21/2015 16:00:00,2123.33
12/22/2015 16:00:00,2138.02
12/23/2015 16:00:00,2178.39
12/24/2015 16:00:00,2174.06
12/28/2015 16:00:00,2175.63
12/29/2015 16:00:00,2176.39
12/30/2015 16:00:00,2123.03
12/31/2015 16:00:00,2127.53
1/4/2016 16:00:00,2063.87
1/5/2016 16:00:00,2074.31
1/6/2016 16:00:00,2031.08
1/7/2016 16:00:00,1951.48
1/8/2016 16:00:00,1934.17
1/11/2016 16:00:00,1927.32
1/12/2016 16:00:00,1933.62
1/13/2016 16:00:00,1910.8
1/14/2016 16:00:00,1950.76
1/15/2016 16:00:00,1878.36
1/18/2016 16:00:00,1876.94
1/19/2016 16:00:00,1869.61
1/20/2016 16:00:00,1844.99
1/21/2016 16:00:00,1820.52
1/22/2016 16:00:00,1886.14
1/25/2016 16:00:00,1855.64
1/26/2016 16:00:00,1889.57
1/27/2016 16:00:00,1908.37
1/28/2016 16:00:00,1936.34
1/29/2016 16:00:00,2038.89
2/1/2016 16:00:00,2038.69
2/2/2016 16:00:00,1943.93
2/3/2016 16:00:00,2015.83
2/4/2016 16:00:00,2067.97
2/5/2016 16:00:00,2027.14
2/8/2016 16:00:00,1986.27
2/9/2016 16:00:00,1955.75
2/10/2016 16:00:00,1968.61
2/11/2016 16:00:00,1914.07
2/12/2016 16:00:00,1958.17
2/15/2016 16:00:00,1981.03
2/16/2016 16:00:00,1977.12
2/17/2016 16:00:00,2051.71
2/18/2016 16:00:00,2027.95
2/19/2016 16:00:00,2028.39
2/22/2016 16:00:00,2103.48
2/23/2016 16:00:00,2064.32
2/24/2016 16:00:00,2055.71
2/25/2016 16:00:00,2062.55
2/26/2016 16:00:00,2035.44
2/29/2016 16:00:00,2067.74
3/1/2016 16:00:00,2150.24
3/2/2016 16:00:00,2198.29
3/3/2016 16:00:00,2293.64
3/4/2016 16:00:00,2378.98
3/7/2016 16:00:00,2380.49
3/8/2016 16:00:00,2350
3/9/2016 16:00:00,2366.21
3/10/2016 16:00:00,2400.17
3/11/2016 16:00:00,2437.59
3/14/2016 16:00:00,2395.32
3/15/2016 16:00:00,2293.67
3/16/2016 16:00:00,2339.45
3/17/2016 16:00:00,2482.65
3/18/2016 16:00:00,2494.21
3/21/2016 16:00:00,2500.15
3/22/2016 16:00:00,2501.14
3/23/2016 16:00:00,2420.39
3/24/2016 16:00:00,2417.13
3/28/2016 16:00:00,2481.7
3/29/2016 16:00:00,2503.1
3/30/2016 16:00:00,2527.58
3/31/2016 16:00:00,2495.24
4/1/2016 16:00:00,2520.21
4/4/2016 16:00:00,2445.64
4/5/2016 16:00:00,2411.82
4/6/2016 16:00:00,2394.91
4/7/2016 16:00:00,2362.38
4/8/2016 16:00:00,2448.47
4/11/2016 16:00:00,2500.74
4/12/2016 16:00:00,2580.23
4/13/2016 16:00:00,2624.44
4/14/2016 16:00:00,2601.63
4/15/2016 16:00:00,2598.05
4/18/2016 16:00:00,2565.78
4/19/2016 16:00:00,2640.26
4/20/2016 16:00:00,2638.76
4/21/2016 16:00:00,2603.82
4/22/2016 16:00:00,2595.15
4/25/2016 16:00:00,2561.05
4/26/2016 16:00:00,2614.45
4/27/2016 16:00:00,2674.22
4/28/2016 16:00:00,2670.57
4/29/2016 16:00:00,2689.51
5/2/2016 16:00:00,2641.73
5/3/2016 16:00:00,2550.44
5/4/2016 16:00:00,2547.69
5/5/2016 16:00:00,2514.05
5/6/2016 16:00:00,2535.26
5/9/2016 16:00:00,2483.83
5/10/2016 16:00:00,2581
5/11/2016 16:00:00,2582.11
5/12/2016 16:00:00,2582.72
5/13/2016 16:00:00,2495.97
5/16/2016 16:00:00,2510.57
5/17/2016 16:00:00,2490.3
5/18/2016 16:00:00,2431.38
5/19/2016 16:00:00,2402.14
5/20/2016 16:00:00,2416.48
5/23/2016 16:00:00,2381.48
5/24/2016 16:00:00,2389.62
5/25/2016 16:00:00,2400.13
5/26/2016 16:00:00,2412.49
5/27/2016 16:00:00,2390.37
5/30/2016 16:00:00,2386.36
5/31/2016 16:00:00,2341.7
6/1/2016 16:00:00,2368.06
6/2/2016 16:00:00,2381.73
6/3/2016 16:00:00,2441.7
6/6/2016 16:00:00,2451.59
6/7/2016 16:00:00,2490.8
6/8/2016 16:00:00,2573.01
6/9/2016 16:00:00,2523.87
6/10/2016 16:00:00,2428.48
6/13/2016 16:00:00,2401.92
6/14/2016 16:00:00,2361.49
6/15/2016 16:00:00,2393.3
6/16/2016 16:00:00,2413.49
6/17/2016 16:00:00,2438.85
6/20/2016 16:00:00,2488.54
6/21/2016 16:00:00,2496.67
6/22/2016 16:00:00,2499.19
6/23/2016 16:00:00,2577.85
6/24/2016 16:00:00,2449.56
6/27/2016 16:00:00,2383.36
6/28/2016 16:00:00,2479.84
6/29/2016 16:00:00,2570.81
6/30/2016 16:00:00,2619.81
7/1/2016 16:00:00,2637.12
7/4/2016 16:00:00,2627.84
7/5/2016 16:00:00,2558
7/6/2016 16:00:00,2541.06
7/7/2016 16:00:00,2529.2
7/8/2016 16:00:00,2620.77
7/11/2016 16:00:00,2646.88
7/12/2016 16:00:00,2674.8
7/13/2016 16:00:00,2682.9
7/14/2016 16:00:00,2731.31
7/15/2016 16:00:00,2725.75
7/18/2016 16:00:00,2770.82
7/19/2016 16:00:00,2763.95
7/20/2016 16:00:00,2775.19
7/21/2016 16:00:00,2756.38
7/22/2016 16:00:00,2781.06
7/25/2016 16:00:00,2742.01
7/26/2016 16:00:00,2746.76
7/27/2016 16:00:00,2742.11
7/28/2016 16:00:00,2713.71
7/29/2016 16:00:00,2760.25
8/1/2016 16:00:00,2719.21
8/2/2016 16:00:00,2702.41
8/3/2016 16:00:00,2751.2
8/4/2016 16:00:00,2794.02
8/5/2016 16:00:00,2818.91
8/8/2016 16:00:00,2835.63
8/9/2016 16:00:00,2861.45
8/10/2016 16:00:00,2846.19
8/11/2016 16:00:00,2911.96
8/12/2016 16:00:00,2891.24
8/15/2016 16:00:00,2928.74
8/16/2016 16:00:00,2919.27
8/17/2016 16:00:00,2912.6
8/18/2016 16:00:00,2901.8
8/19/2016 16:00:00,2902.65
8/22/2016 16:00:00,2860.73
8/23/2016 16:00:00,2832.13
8/24/2016 16:00:00,2826.21
8/25/2016 16:00:00,2830.09
8/26/2016 16:00:00,2790.67
8/29/2016 16:00:00,2835.78
8/30/2016 16:00:00,2823.91
8/31/2016 16:00:00,2798.71
9/1/2016 16:00:00,2801.47
9/2/2016 16:00:00,2859.42
9/5/2016 16:00:00,2854.2
9/6/2016 16:00:00,2911.74
9/7/2016 16:00:00,2895.7
9/8/2016 16:00:00,2885.55
9/9/2016 16:00:00,2751.14
9/12/2016 16:00:00,2796.41
9/13/2016 16:00:00,2680.37
9/14/2016 16:00:00,2671.4
9/15/2016 16:00:00,2710.23
9/16/2016 16:00:00,2680.43
9/19/2016 16:00:00,2681.43
9/20/2016 16:00:00,2707.92
9/21/2016 16:00:00,2776.96
9/22/2016 16:00:00,2812.02
9/23/2016 16:00:00,2778.2
9/26/2016 16:00:00,2745.7
9/27/2016 16:00:00,2785.5
9/28/2016 16:00:00,2832.95
9/29/2016 16:00:00,2772.21
9/30/2016 16:00:00,2774.19
10/3/2016 16:00:00,2836.56
10/4/2016 16:00:00,2806.8
10/5/2016 16:00:00,2857.38
10/6/2016 16:00:00,2868.12
10/7/2016 16:00:00,2879.05
10/10/2016 16:00:00,2936.18
10/11/2016 16:00:00,2910.59
10/12/2016 16:00:00,2902.16
10/13/2016 16:00:00,2915.25
10/14/2016 16:00:00,2921.72
10/17/2016 16:00:00,2955.27
10/18/2016 16:00:00,3022.58
10/19/2016 16:00:00,3040.14
10/20/2016 16:00:00,3064.64
10/21/2016 16:00:00,3075.32
10/24/2016 16:00:00,3098.22
10/25/2016 16:00:00,3100.49
10/26/2016 16:00:00,3072.16
10/27/2016 16:00:00,3074.23
10/28/2016 16:00:00,3047.26
10/31/2016 16:00:00,3074.59
11/1/2016 16:00:00,2977.05
11/2/2016 16:00:00,2944.21
11/3/2016 16:00:00,2919.11
11/4/2016 16:00:00,2924.16
11/7/2016 16:00:00,3062.68
11/8/2016 16:00:00,3110.02
11/9/2016 16:00:00,2971.43
11/10/2016 16:00:00,2769.6
11/11/2016 16:00:00,2700.84
11/14/2016 16:00:00,2689.72
11/15/2016 16:00:00,2729.11
11/16/2016 16:00:00,2727.89
11/17/2016 16:00:00,2692.33
11/18/2016 16:00:00,2692.21
11/21/2016 16:00:00,2761.17
11/22/2016 16:00:00,2789.16
11/23/2016 16:00:00,2779.77
11/24/2016 16:00:00,2773.16
11/25/2016 16:00:00,2746.55
11/28/2016 16:00:00,2794.5
11/29/2016 16:00:00,2744.04
11/30/2016 16:00:00,2781.5
12/1/2016 16:00:00,2677.84
12/2/2016 16:00:00,2700.5
12/5/2016 16:00:00,2733.29
12/6/2016 16:00:00,2768.09
12/7/2016 16:00:00,2804.02
12/8/2016 16:00:00,2801.92
12/9/2016 16:00:00,2810.25
12/12/2016 16:00:00,2785.88
12/13/2016 16:00:00,2789.98
12/14/2016 16:00:00,2708.58
12/15/2016 16:00:00,2712.59
12/16/2016 16:00:00,2672.76
12/19/2016 16:00:00,2638.1
12/20/2016 16:00:00,2665.15
12/21/2016 16:00:00,2667.75
12/22/2016 16:00:00,2662.79
12/23/2016 16:00:00,2691.56
12/26/2016 16:00:00,2693.14
12/27/2016 16:00:00,2708.99
12/28/2016 16:00:00,2745.13
12/29/2016 16:00:00,2773
12/30/2016 16:00:00,2748.31
1/2/2017 16:00:00,2744.56
1/3/2017 16:00:00,2818.58
1/4/2017 16:00:00,2830.53
1/5/2017 16:00:00,2865.74
1/6/2017 16:00:00,2835.06
1/9/2017 16:00:00,2831.84
1/10/2017 16:00:00,2844.48
1/11/2017 16:00:00,2885.92
1/12/2017 16:00:00,2914.28
1/13/2017 16:00:00,2904.16
1/16/2017 16:00:00,2883.76
1/17/2017 16:00:00,2923.51
1/18/2017 16:00:00,2908.02
1/19/2017 16:00:00,2915.24
1/20/2017 16:00:00,2960.78
1/23/2017 16:00:00,3030.14
1/24/2017 16:00:00,3036.85
1/25/2017 16:00:00,3073.78
1/26/2017 16:00:00,3052.17
1/27/2017 16:00:00,3061.62
1/30/2017 16:00:00,3017.97
1/31/2017 16:00:00,3008.33
2/1/2017 16:00:00,3033.2
2/2/2017 16:00:00,3041.22
2/3/2017 16:00:00,3053.63
2/6/2017 16:00:00,3019.28
2/7/2017 16:00:00,3008.69
2/8/2017 16:00:00,3046.22
2/9/2017 16:00:00,3057.49
2/10/2017 16:00:00,3118.9
2/13/2017 16:00:00,3143.35
2/14/2017 16:00:00,3157.17
2/15/2017 16:00:00,3207.45
2/16/2017 16:00:00,3183.96
2/17/2017 16:00:00,3163.97
2/20/2017 16:00:00,3169.38
2/21/2017 16:00:00,3234.51
2/22/2017 16:00:00,3232.3
2/23/2017 16:00:00,3208.65
2/24/2017 16:00:00,3140.19
2/27/2017 16:00:00,3147.76
2/28/2017 16:00:00,3105.51
3/1/2017 16:00:00,3170.98
3/2/2017 16:00:00,3079.75
3/3/2017 16:00:00,3150.13
3/6/2017 16:00:00,3127.42
3/7/2017 16:00:00,3116.62
3/8/2017 16:00:00,3048.37
3/9/2017 16:00:00,3015.03
3/10/2017 16:00:00,3046.13
3/13/2017 16:00:00,3073.95
3/14/2017 16:00:00,3031.12
3/15/2017 16:00:00,3141.03
3/16/2017 16:00:00,3135.89
3/17/2017 16:00:00,3117.15
3/20/2017 16:00:00,3160.18
3/21/2017 16:00:00,3082.49
3/22/2017 16:00:00,3098.45
3/23/2017 16:00:00,3087.28
3/24/2017 16:00:00,3124.8
3/27/2017 16:00:00,3129.65
3/28/2017 16:00:00,3140.93
3/29/2017 16:00:00,3192.41
3/30/2017 16:00:00,3158.89
3/31/2017 16:00:00,3145.06
4/3/2017 16:00:00,3172.19
4/4/2017 16:00:00,3207.98
4/5/2017 16:00:00,3166.96
4/6/2017 16:00:00,3132.9
4/7/2017 16:00:00,3151.91
4/10/2017 16:00:00,3167.54
4/11/2017 16:00:00,3149.05
4/12/2017 16:00:00,3127.1
4/13/2017 16:00:00,3082.82
4/17/2017 16:00:00,3162.47
4/18/2017 16:00:00,3136.44
4/19/2017 16:00:00,3082.5
4/20/2017 16:00:00,3088.66
4/21/2017 16:00:00,3082.21
4/24/2017 16:00:00,3127.36
4/25/2017 16:00:00,3131.1
4/26/2017 16:00:00,3089.24
4/27/2017 16:00:00,3076.49
4/28/2017 16:00:00,3101.08
5/1/2017 16:00:00,3118.86
5/2/2017 16:00:00,3162.4
5/3/2017 16:00:00,3127.83
5/4/2017 16:00:00,3065.41
5/5/2017 16:00:00,3109.44
5/8/2017 16:00:00,3081.44
5/9/2017 16:00:00,3111.85
5/10/2017 16:00:00,3165.78
5/11/2017 16:00:00,3184.7
5/12/2017 16:00:00,3229.82
5/15/2017 16:00:00,3267.41
5/16/2017 16:00:00,3279.96
5/17/2017 16:00:00,3202.61
5/18/2017 16:00:00,2886.66
5/19/2017 16:00:00,3005.61
5/22/2017 16:00:00,2975.18
5/23/2017 16:00:00,3004.65
5/24/2017 16:00:00,3036.34
5/25/2017 16:00:00,3015.35
5/26/2017 16:00:00,3048.1
5/29/2017 16:00:00,3040.41
5/30/2017 16:00:00,3034.74
5/31/2017 16:00:00,2998.81
6/1/2017 16:00:00,2988.28
6/2/2017 16:00:00,2994.02
6/5/2017 16:00:00,2997.98
6/6/2017 16:00:00,3019.59
6/7/2017 16:00:00,3025.5
6/8/2017 16:00:00,3018.95
6/9/2017 16:00:00,2998.15
6/12/2017 16:00:00,2977.41
6/13/2017 16:00:00,2990.8
6/14/2017 16:00:00,3012.87
6/15/2017 16:00:00,2985.36
6/16/2017 16:00:00,2990.46
6/19/2017 16:00:00,3001.74
6/20/2017 16:00:00,2930.03
6/21/2017 16:00:00,2924.66
6/22/2017 16:00:00,2940.5
6/23/2017 16:00:00,2944.14
6/26/2017 16:00:00,3003.57
6/27/2017 16:00:00,2975.28
6/28/2017 16:00:00,3010.32
6/29/2017 16:00:00,2995.96
6/30/2017 16:00:00,3019.24
7/3/2017 16:00:00,3038.37
7/4/2017 16:00:00,3038.45
7/5/2017 16:00:00,3043.82
7/6/2017 16:00:00,3017.67
7/7/2017 16:00:00,3029.57
7/10/2017 16:00:00,3083.43
7/11/2017 16:00:00,3112.47
7/12/2017 16:00:00,3180.88
7/13/2017 16:00:00,3192.19
7/14/2017 16:00:00,3231.32
7/17/2017 16:00:00,3227.92
7/18/2017 16:00:00,3242.65
7/19/2017 16:00:00,3246.06
7/20/2017 16:00:00,3247.86
7/21/2017 16:00:00,3234.15
7/24/2017 16:00:00,3241.33
7/25/2017 16:00:00,3252.71
7/26/2017 16:00:00,3258.76
7/27/2017 16:00:00,3242.95
7/28/2017 16:00:00,3258.69
7/31/2017 16:00:00,3276.25
8/1/2017 16:00:00,3299.18
8/2/2017 16:00:00,3322.6
8/3/2017 16:00:00,3316.56
8/4/2017 16:00:00,3309.99
8/7/2017 16:00:00,3340.44
8/8/2017 16:00:00,3346.88
8/9/2017 16:00:00,3320.64
8/10/2017 16:00:00,3272.6
8/14/2017 16:00:00,3309.86
8/15/2017 16:00:00,3331.1
8/16/2017 16:00:00,3361.64
8/17/2017 16:00:00,3307.73
8/18/2017 16:00:00,3363.36
8/21/2017 16:00:00,3353.66
8/22/2017 16:00:00,3389.28
8/23/2017 16:00:00,3424.97
8/24/2017 16:00:00,3447.01
8/25/2017 16:00:00,3447.03
8/28/2017 16:00:00,3425.28
8/29/2017 16:00:00,3433.39
8/30/2017 16:00:00,3420.14
8/31/2017 16:00:00,3429.01
9/1/2017 16:00:00,3471.54
9/4/2017 16:00:00,3461.77
9/5/2017 16:00:00,3462.78
9/6/2017 16:00:00,3527.34
9/7/2017 16:00:00,3536.46
9/8/2017 16:00:00,3500.27
9/11/2017 16:00:00,3543.1
9/12/2017 16:00:00,3539.51
9/13/2017 16:00:00,3532.5
9/14/2017 16:00:00,3544.66
9/15/2017 16:00:00,3570.02
9/18/2017 16:00:00,3566.92
9/19/2017 16:00:00,3558.38
9/20/2017 16:00:00,3575.08
9/21/2017 16:00:00,3560.09
9/22/2017 16:00:00,3566.22
9/25/2017 16:00:00,3504.53
9/26/2017 16:00:00,3488.96
9/27/2017 16:00:00,3448.3
9/28/2017 16:00:00,3449.11
9/29/2017 16:00:00,3480.19
10/2/2017 16:00:00,3490.09
10/3/2017 16:00:00,3572.54
10/4/2017 16:00:00,3571.75
10/5/2017 16:00:00,3557
10/6/2017 16:00:00,3524.8
10/9/2017 16:00:00,3481.09
10/10/2017 16:00:00,3514.73
10/11/2017 16:00:00,3526.16
10/12/2017 16:00:00,3511.17
10/13/2017 16:00:00,3548.29
10/16/2017 16:00:00,3531.67
10/17/2017 16:00:00,3536.21
10/18/2017 16:00:00,3531.11
10/19/2017 16:00:00,3523.19
10/20/2017 16:00:00,3504
10/23/2017 16:00:00,3438.25
10/24/2017 16:00:00,3466.01
10/25/2017 16:00:00,3460.66
10/26/2017 16:00:00,3402.03
10/27/2017 16:00:00,3442.67
10/30/2017 16:00:00,3379.63
10/31/2017 16:00:00,3368.15
11/1/2017 16:00:00,3359.36
11/2/2017 16:00:00,3369.75
11/3/2017 16:00:00,3329.6
11/6/2017 16:00:00,3400.27
11/7/2017 16:00:00,3333.66
11/8/2017 16:00:00,3386.14
11/9/2017 16:00:00,3350
11/10/2017 16:00:00,3296.23
11/13/2017 16:00:00,3291.44
11/14/2017 16:00:00,3223.68
11/15/2017 16:00:00,3223.49
11/16/2017 16:00:00,3288.32
11/17/2017 16:00:00,3344.99
11/20/2017 16:00:00,3323.76
11/21/2017 16:00:00,3365.25
11/22/2017 16:00:00,3388.13
11/24/2017 13:00:00,3379.34
11/27/2017 16:00:00,3343.99
11/28/2017 16:00:00,3367.96
11/29/2017 16:00:00,3308.72
11/30/2017 16:00:00,3241.59
12/1/2017 16:00:00,3267.09
12/4/2017 16:00:00,3293.08
12/5/2017 16:00:00,3268.38
12/6/2017 16:00:00,3266.6
12/7/2017 16:00:00,3215.29
12/8/2017 16:00:00,3235.7
12/11/2017 16:00:00,3245.05
12/12/2017 16:00:00,3285.44
12/13/2017 16:00:00,3258.49
12/14/2017 16:00:00,3222.76
12/15/2017 16:00:00,3244.79
12/18/2017 16:00:00,3323.78
12/19/2017 16:00:00,3306.82
12/20/2017 16:00:00,3318.5
12/21/2017 16:00:00,3349.25
12/22/2017 16:00:00,3330.58
12/26/2017 16:00:00,3347.27
12/27/2017 16:00:00,3356.15
12/28/2017 16:00:00,3382.16
12/29/2017 16:00:00,3400.85
1/2/2018 16:00:00,3510.74
1/3/2018 16:00:00,3541.33
1/4/2018 16:00:00,3557.58
1/5/2018 16:00:00,3595.56
1/8/2018 16:00:00,3594.17
1/9/2018 16:00:00,3565.1
1/10/2018 16:00:00,3542.45
1/11/2018 16:00:00,3597.57
1/12/2018 16:00:00,3619.53
1/16/2018 16:00:00,3635.85
1/17/2018 16:00:00,3689.02
1/18/2018 16:00:00,3709.97
1/19/2018 16:00:00,3724.87
1/22/2018 16:00:00,3742.12
1/23/2018 16:00:00,3694.46
1/24/2018 16:00:00,3865.65
1/25/2018 16:00:00,3876.54
1/26/2018 16:00:00,3934.08
1/29/2018 16:00:00,3867.59
1/30/2018 16:00:00,3846.53
1/31/2018 16:00:00,3868.93
2/1/2018 16:00:00,3911.78
2/2/2018 16:00:00,3791
2/5/2018 16:00:00,3688.33
2/6/2018 16:00:00,3764.97
2/7/2018 16:00:00,3676.39
2/8/2018 16:00:00,3576.29
2/9/2018 16:00:00,3608.92
2/12/2018 16:00:00,3641.08
2/13/2018 16:00:00,3647.02
2/14/2018 16:00:00,3761
2/15/2018 16:00:00,3792.94
2/16/2018 16:00:00,3775.51
2/20/2018 16:00:00,3789.73
2/21/2018 16:00:00,3776.88
2/22/2018 16:00:00,3830.89
2/23/2018 16:00:00,3848.91
2/26/2018 16:00:00,3867.95
2/27/2018 16:00:00,3805.52
2/28/2018 16:00:00,3730.24
3/1/2018 16:00:00,3726.8
3/2/2018 16:00:00,3734.39
3/5/2018 16:00:00,3768.29
3/6/2018 16:00:00,3795.29
3/7/2018 16:00:00,3751.12
3/8/2018 16:00:00,3735.81
3/9/2018 16:00:00,3793.15
3/12/2018 16:00:00,3809.98
3/13/2018 16:00:00,3787.71
3/14/2018 16:00:00,3772.54
3/15/2018 16:00:00,3703.8
3/16/2018 16:00:00,3689.08
3/19/2018 16:00:00,3653.54
3/20/2018 16:00:00,3641.87
3/21/2018 16:00:00,3724.36
3/22/2018 16:00:00,3654.75
3/23/2018 16:00:00,3634.35
3/26/2018 16:00:00,3682.04
3/27/2018 16:00:00,3621.91
3/28/2018 16:00:00,3624.15
3/29/2018 16:00:00,3695.87
4/2/2018 16:00:00,3658.05
4/3/2018 16:00:00,3671.04
4/4/2018 16:00:00,3683.8
4/5/2018 16:00:00,3719.12
4/6/2018 16:00:00,3677.7
4/9/2018 16:00:00,3611.42
4/10/2018 16:00:00,3676.89
4/11/2018 16:00:00,3723.01
4/12/2018 16:00:00,3714.39
4/13/2018 16:00:00,3674.68
4/16/2018 16:00:00,3630.98
4/17/2018 16:00:00,3679.92
4/18/2018 16:00:00,3758.4
4/19/2018 16:00:00,3731.31
4/20/2018 16:00:00,3698.19
4/23/2018 16:00:00,3647.33
4/24/2018 16:00:00,3638.9
4/25/2018 16:00:00,3602.49
4/26/2018 16:00:00,3653.16
4/27/2018 16:00:00,3674.27
4/30/2018 16:00:00,3628.6
5/1/2018 16:00:00,3590
5/2/2018 16:00:00,3520.23
5/3/2018 16:00:00,3481.03
5/4/2018 16:00:00,3471.55
5/7/2018 16:00:00,3433.01
5/8/2018 16:00:00,3421.64
5/9/2018 16:00:00,3442.75
5/10/2018 16:00:00,3543.86
5/11/2018 16:00:00,3499.71
5/14/2018 16:00:00,3484.55
5/15/2018 16:00:00,3451.02
5/16/2018 16:00:00,3476.37
5/17/2018 16:00:00,3375.91
5/18/2018 16:00:00,3320.14
5/21/2018 16:00:00,3309.76
5/22/2018 16:00:00,3360.96
5/23/2018 16:00:00,3330.88
5/24/2018 16:00:00,3265.55
5/25/2018 16:00:00,3218.02
5/29/2018 16:00:00,3091.8
5/30/2018 16:00:00,3112.75
5/31/2018 16:00:00,3104.26
6/1/2018 16:00:00,3096.67
6/4/2018 16:00:00,3149.06
6/5/2018 16:00:00,3060.69
6/6/2018 16:00:00,3047.11
6/7/2018 16:00:00,2945.84
6/8/2018 16:00:00,3029.7
6/11/2018 16:00:00,3004.74
6/12/2018 16:00:00,3017.61
6/13/2018 16:00:00,2997.4
6/14/2018 16:00:00,2945.49
6/15/2018 16:00:00,2942.77
6/18/2018 16:00:00,2920.34
6/19/2018 16:00:00,2945.25
6/20/2018 16:00:00,2963.96
6/21/2018 16:00:00,2908.06
6/22/2018 16:00:00,2934.4
6/25/2018 16:00:00,2938.16
6/26/2018 16:00:00,2943.23
6/27/2018 16:00:00,2882.77
6/28/2018 16:00:00,2943.5
7/2/2018 16:00:00,2926.08
7/3/2018 13:00:00,2993.08
7/5/2018 16:00:00,3027.28
7/6/2018 16:00:00,3076.28
7/9/2018 16:00:00,3096.03
7/10/2018 16:00:00,3118.51
7/11/2018 16:00:00,3055.39
7/12/2018 16:00:00,3091.36
7/13/2018 16:00:00,3121.7
7/16/2018 16:00:00,3119.81
7/17/2018 16:00:00,3163.18
7/18/2018 16:00:00,3154.54
7/19/2018 16:00:00,3123.89
7/20/2018 16:00:00,3199.95
7/23/2018 16:00:00,3193.25
7/24/2018 16:00:00,3257.6
7/25/2018 16:00:00,3323.49
7/26/2018 16:00:00,3283.73
7/27/2018 16:00:00,3313.98
7/30/2018 16:00:00,3329.65
7/31/2018 16:00:00,3289.93
8/1/2018 16:00:00,3266.89
8/2/2018 16:00:00,3263.08
8/3/2018 16:00:00,3340.41
8/6/2018 16:00:00,3315.87
8/7/2018 16:00:00,3298.81
8/8/2018 16:00:00,3269.88
8/9/2018 16:00:00,3211.76
8/10/2018 16:00:00,3098.2
8/13/2018 16:00:00,3087.85
8/14/2018 16:00:00,3144.52
8/15/2018 16:00:00,3058.79
8/16/2018 16:00:00,3050.41
8/17/2018 16:00:00,3039.69
8/20/2018 16:00:00,3025.86
8/21/2018 16:00:00,2989.93
8/22/2018 16:00:00,3036.79
8/23/2018 16:00:00,2964.58
8/24/2018 16:00:00,2992.05
8/27/2018 16:00:00,3060.77
8/28/2018 16:00:00,3009.85
8/29/2018 16:00:00,3043.15
8/30/2018 16:00:00,2955.19
8/31/2018 16:00:00,2995.15
9/4/2018 16:00:00,2872.15
9/5/2018 16:00:00,2883.38
9/6/2018 16:00:00,2927.9
9/10/2018 16:00:00,2933.94
9/11/2018 16:00:00,2878.01
9/12/2018 16:00:00,2927.55
9/13/2018 16:00:00,2930.57
9/14/2018 16:00:00,2952.39
9/17/2018 16:00:00,2995.89
9/18/2018 16:00:00,3034.19
9/19/2018 16:00:00,3050.25
9/20/2018 16:00:00,3082.03
9/21/2018 16:00:00,3119.52
9/24/2018 16:00:00,3062.65
9/25/2018 16:00:00,3084.6
9/26/2018 16:00:00,3105.19
9/27/2018 16:00:00,3155.09
9/28/2018 16:00:00,3123.08
10/1/2018 16:00:00,3130.9
10/2/2018 16:00:00,3223.18
10/3/2018 16:00:00,3269.3
10/4/2018 16:00:00,3238.79
10/5/2018 16:00:00,3242.6
10/8/2018 16:00:00,3377.14
10/9/2018 16:00:00,3412.78
10/10/2018 16:00:00,3293.6
10/11/2018 16:00:00,3261.28
10/12/2018 16:00:00,3309.26
10/15/2018 16:00:00,3318.5
10/16/2018 16:00:00,3403.52
10/17/2018 16:00:00,3412.06
10/18/2018 16:00:00,3299.06
10/19/2018 16:00:00,3309.89
10/22/2018 16:00:00,3341.54
10/23/2018 16:00:00,3310.25
10/24/2018 16:00:00,3201.64
10/25/2018 16:00:00,3263.77
10/26/2018 16:00:00,3329.63
10/29/2018 16:00:00,3187.13
10/30/2018 16:00:00,3272.23
10/31/2018 16:00:00,3273.35
11/1/2018 16:00:00,3363.88
11/2/2018 16:00:00,3378.61
11/5/2018 16:00:00,3408.87
11/6/2018 16:00:00,3367.33
11/7/2018 16:00:00,3362.22
11/8/2018 16:00:00,3239.51
11/9/2018 16:00:00,3235.5
11/12/2018 16:00:00,3182.3
11/13/2018 16:00:00,3115.52
11/14/2018 16:00:00,3156.87
11/15/2018 16:00:00,3196.23
11/16/2018 16:00:00,3262.65
11/19/2018 16:00:00,3236.64
11/20/2018 16:00:00,3143.29
11/21/2018 16:00:00,3181.51
11/23/2018 13:00:00,3113.37
11/26/2018 16:00:00,3007.24
11/27/2018 16:00:00,3094.58
11/28/2018 16:00:00,3172.4
11/29/2018 16:00:00,3196.69
11/30/2018 16:00:00,3185.91
12/3/2018 16:00:00,3221.89
12/4/2018 16:00:00,3165.34
12/6/2018 16:00:00,3162.27
12/7/2018 16:00:00,3125.73
12/10/2018 16:00:00,3046.44
12/11/2018 16:00:00,3055.04
12/12/2018 16:00:00,3091.19
12/13/2018 16:00:00,3108.11
12/14/2018 16:00:00,3077.76
12/17/2018 16:00:00,3031.87
12/18/2018 16:00:00,3044.71
12/19/2018 16:00:00,3019.37
12/20/2018 16:00:00,3045.98
12/21/2018 16:00:00,3007.04
12/24/2018 13:00:00,2977.19
12/26/2018 16:00:00,3022.28
12/27/2018 16:00:00,3051.24
12/28/2018 16:00:00,3075.14
12/31/2018 16:00:00,3092.73
1/2/2019 16:00:00,3233.81
1/3/2019 16:00:00,3232.48
1/4/2019 16:00:00,3319.85
1/7/2019 16:00:00,3312.95
1/8/2019 16:00:00,3356.09
1/9/2019 16:00:00,3426.18
1/10/2019 16:00:00,3429.61
1/11/2019 16:00:00,3417.64
1/14/2019 16:00:00,3442.32
1/15/2019 16:00:00,3422.9
1/16/2019 16:00:00,3429.95
1/17/2019 16:00:00,3452.03
1/18/2019 16:00:00,3465.64
1/22/2019 16:00:00,3391.5
1/23/2019 16:00:00,3449.95
1/24/2019 16:00:00,3458.7
1/25/2019 16:00:00,3458.12
1/28/2019 16:00:00,3388.29
1/29/2019 16:00:00,3428.66
1/30/2019 16:00:00,3480.76
1/31/2019 16:00:00,3540.76
2/1/2019 16:00:00,3545.56
2/4/2019 16:00:00,3556.97
2/5/2019 16:00:00,3559.49
2/6/2019 16:00:00,3441.99
2/7/2019 16:00:00,3411.45
2/8/2019 16:00:00,3410.22
2/11/2019 16:00:00,3370.27
2/12/2019 16:00:00,3450.1
2/13/2019 16:00:00,3397.74
2/14/2019 16:00:00,3479.8
2/15/2019 16:00:00,3498.71
2/19/2019 16:00:00,3494.69
2/20/2019 16:00:00,3479.73
2/21/2019 16:00:00,3476.22
2/22/2019 16:00:00,3491.83
2/25/2019 16:00:00,3473.55
2/26/2019 16:00:00,3479.8
2/27/2019 16:00:00,3471.56
2/28/2019 16:00:00,3387.65
3/1/2019 16:00:00,3344.47
3/4/2019 16:00:00,3342.32
3/5/2019 16:00:00,3349.24
3/6/2019 16:00:00,3287.1
3/7/2019 16:00:00,3263.8
3/8/2019 16:00:00,3280.54
3/11/2019 16:00:00,3385.93
3/12/2019 16:00:00,3394.08
3/13/2019 16:00:00,3433.92
3/14/2019 16:00:00,3401.04
3/15/2019 16:00:00,3441.89
3/18/2019 16:00:00,3496.51
3/19/2019 16:00:00,3496.58
3/20/2019 16:00:00,3495.68
3/21/2019 16:00:00,3442.6
3/22/2019 16:00:00,3269.34
3/25/2019 16:00:00,3298.16
3/26/2019 16:00:00,3335.01
3/27/2019 16:00:00,3209.82
3/28/2019 16:00:00,3273.76
3/29/2019 16:00:00,3304.79
4/1/2019 16:00:00,3362.13
4/2/2019 16:00:00,3346.5
4/3/2019 16:00:00,3316.7
4/4/2019 16:00:00,3389.72
4/5/2019 16:00:00,3427.39
4/8/2019 16:00:00,3469.79
4/9/2019 16:00:00,3440.08
4/10/2019 16:00:00,3451.62
4/11/2019 16:00:00,3390.8
4/12/2019 16:00:00,3323.15
4/15/2019 16:00:00,3321.81
4/16/2019 16:00:00,3343.03
4/17/2019 16:00:00,3319.08
4/18/2019 16:00:00,3348.02
4/22/2019 16:00:00,3336.85
4/23/2019 16:00:00,3358.28
4/24/2019 16:00:00,3292.2
4/25/2019 16:00:00,3330.44
4/26/2019 16:00:00,3339.64
4/29/2019 16:00:00,3328.95
4/30/2019 16:00:00,3330.26
5/1/2019 16:00:00,3293.06
5/2/2019 16:00:00,3271.17
5/3/2019 16:00:00,3298.01
5/6/2019 16:00:00,3251.91
5/7/2019 16:00:00,3211.42
5/8/2019 16:00:00,3244.87
5/9/2019 16:00:00,3202.02
5/10/2019 16:00:00,3209.66
5/13/2019 16:00:00,3114.53
5/14/2019 16:00:00,3133.39
5/15/2019 16:00:00,3105.63
5/16/2019 16:00:00,3053.29
5/17/2019 16:00:00,3011.26
5/20/2019 16:00:00,3047.38
5/21/2019 16:00:00,3126.48
5/22/2019 16:00:00,3126.54
5/23/2019 16:00:00,3107.25
5/24/2019 16:00:00,3116.52
5/28/2019 16:00:00,3132.7
5/29/2019 16:00:00,3192.85
5/30/2019 16:00:00,3218.85
5/31/2019 16:00:00,3208.38
6/3/2019 16:00:00,3232.87
6/4/2019 16:00:00,3277.28
6/5/2019 16:00:00,3226.09
6/6/2019 16:00:00,3253.05
6/7/2019 16:00:00,3275.4
6/10/2019 16:00:00,3282.02
6/11/2019 16:00:00,3345.46
6/12/2019 16:00:00,3312.02
6/13/2019 16:00:00,3325.82
6/14/2019 16:00:00,3268.16
6/17/2019 16:00:00,3253.83
6/18/2019 16:00:00,3329.82
6/19/2019 16:00:00,3361.6
6/20/2019 16:00:00,3407.22
6/21/2019 16:00:00,3421.05
6/24/2019 16:00:00,3437.96
6/25/2019 16:00:00,3381.38
6/26/2019 16:00:00,3402.28
6/27/2019 16:00:00,3387.71
6/28/2019 16:00:00,3385.93
7/1/2019 16:00:00,3405.78
7/2/2019 16:00:00,3373.36
7/3/2019 13:00:00,3406.44
7/5/2019 16:00:00,3461.84
7/8/2019 16:00:00,3481.79
7/9/2019 16:00:00,3462.69
7/10/2019 16:00:00,3510.2
7/11/2019 16:00:00,3507.19
7/12/2019 16:00:00,3491.85
7/15/2019 16:00:00,3481.1
7/16/2019 16:00:00,3466.13
7/17/2019 16:00:00,3457.84
7/18/2019 16:00:00,3479.48
7/19/2019 16:00:00,3440.73
7/22/2019 16:00:00,3448.2
7/23/2019 16:00:00,3420.44
7/24/2019 16:00:00,3432.77
7/25/2019 16:00:00,3379.98
7/26/2019 16:00:00,3378.42
7/29/2019 16:00:00,3392.88
7/30/2019 16:00:00,3355.2
7/31/2019 16:00:00,3306.41
8/1/2019 16:00:00,3259.87
8/2/2019 16:00:00,3228.34
8/5/2019 16:00:00,3104.15
8/6/2019 16:00:00,3154.82
8/7/2019 16:00:00,3180.13
8/8/2019 16:00:00,3247.47
8/9/2019 16:00:00,3223.57
8/12/2019 16:00:00,3126.98
8/13/2019 16:00:00,3170.45
8/14/2019 16:00:00,3036.48
8/15/2019 16:00:00,3037.17
8/16/2019 16:00:00,3045.67
8/19/2019 16:00:00,3005.81
8/20/2019 16:00:00,3017.22
8/21/2019 16:00:00,3072.73
8/22/2019 16:00:00,3027.87
8/23/2019 16:00:00,2940.02
8/26/2019 16:00:00,2908.28
8/27/2019 16:00:00,2927.51
8/28/2019 16:00:00,2945.21
8/29/2019 16:00:00,3002.86
8/30/2019 16:00:00,3054.15
9/3/2019 16:00:00,2986.9
9/4/2019 16:00:00,3074.82
9/5/2019 16:00:00,3120.19
9/6/2019 16:00:00,3164.18
9/9/2019 16:00:00,3176.39
9/10/2019 16:00:00,3178.12
9/11/2019 16:00:00,3195.4
9/12/2019 16:00:00,3220.22
9/13/2019 16:00:00,3197.59
9/16/2019 16:00:00,3203.09
9/17/2019 16:00:00,3238.81
9/18/2019 16:00:00,3213.29
9/19/2019 16:00:00,3170.04
9/20/2019 16:00:00,3179.44
9/23/2019 16:00:00,3166.16
9/24/2019 16:00:00,3134.54
9/25/2019 16:00:00,3157.2
9/26/2019 16:00:00,3168.92
9/27/2019 16:00:00,3167.73
9/30/2019 16:00:00,3146.5
10/1/2019 16:00:00,3121.89
10/2/2019 16:00:00,3057.01
10/3/2019 16:00:00,3093.78
10/4/2019 16:00:00,3163.52
10/7/2019 16:00:00,3092.79
10/8/2019 16:00:00,3065.84
10/9/2019 16:00:00,3095.57
10/11/2019 16:00:00,3193.35
10/14/2019 16:00:00,3185.38
10/15/2019 16:00:00,3171.11
10/16/2019 16:00:00,3195.09
10/17/2019 16:00:00,3185.1
10/18/2019 16:00:00,3203.66
10/21/2019 16:00:00,3205.86
10/22/2019 16:00:00,3271.36
10/23/2019 16:00:00,3310.86
10/24/2019 16:00:00,3310.34
10/25/2019 16:00:00,3330.23
10/28/2019 16:00:00,3364.63
10/29/2019 16:00:00,3340.46
10/30/2019 16:00:00,3343.54
10/31/2019 16:00:00,3296.4
11/1/2019 16:00:00,3338.79
11/4/2019 16:00:00,3339.9
11/5/2019 16:00:00,3345.78
11/6/2019 16:00:00,3290.2
11/7/2019 16:00:00,3318.68
11/8/2019 16:00:00,3235.19
11/11/2019 16:00:00,3241.97
11/12/2019 16:00:00,3175.83
11/13/2019 16:00:00,3142.15
11/14/2019 16:00:00,3137.87
11/15/2019 16:00:00,3203.67
11/18/2019 16:00:00,3156.92
11/19/2019 16:00:00,3144.76
11/20/2019 16:00:00,3134.9
11/21/2019 16:00:00,3168.53
11/22/2019 16:00:00,3197.74
11/25/2019 16:00:00,3174.01
11/26/2019 16:00:00,3113.09
11/27/2019 16:00:00,3121.01
11/29/2019 13:00:00,3119.54
12/2/2019 16:00:00,3134.83
12/3/2019 16:00:00,3127.92
12/4/2019 16:00:00,3181.29
12/5/2019 16:00:00,3211.41
12/6/2019 16:00:00,3238.41
12/9/2019 16:00:00,3244.65
12/10/2019 16:00:00,3238.57
12/11/2019 16:00:00,3271.81
12/12/2019 16:00:00,3323.56
12/13/2019 16:00:00,3334.34
12/16/2019 16:00:00,3345.96
12/17/2019 16:00:00,3365.61
12/18/2019 16:00:00,3413.35
12/19/2019 16:00:00,3415.56
12/20/2019 16:00:00,3383.45
12/23/2019 16:00:00,3401.08
12/24/2019 13:00:00,3401
12/26/2019 16:00:00,3443.57
12/27/2019 16:00:00,3418.39
12/30/2019 16:00:00,3396.46
12/31/2019 16:00:00,3396.41
1/2/2020 16:00:00,3481.75
1/3/2020 16:00:00,3448.6
1/6/2020 16:00:00,3425.94
1/7/2020 16:00:00,3408.33
1/8/2020 16:00:00,3403.62
1/9/2020 16:00:00,3373.93
1/10/2020 16:00:00,3360.9
1/13/2020 16:00:00,3370.48
1/14/2020 16:00:00,3370.18
1/15/2020 16:00:00,3305.9
1/16/2020 16:00:00,3324.57
1/17/2020 16:00:00,3380.43
1/21/2020 16:00:00,3290.87
1/22/2020 16:00:00,3325.98
1/23/2020 16:00:00,3348.69
1/24/2020 16:00:00,3313.77
1/27/2020 16:00:00,3195.18
1/28/2020 16:00:00,3251.16
1/29/2020 16:00:00,3213.82
1/30/2020 16:00:00,3205.54
1/31/2020 16:00:00,3133.64
2/3/2020 16:00:00,3172.34
2/4/2020 16:00:00,3223.62
2/5/2020 16:00:00,3242.18
2/6/2020 16:00:00,3205.35
2/7/2020 16:00:00,3165.19
2/10/2020 16:00:00,3151.09
2/11/2020 16:00:00,3204.43
2/12/2020 16:00:00,3224.08
2/13/2020 16:00:00,3195.25
2/14/2020 16:00:00,3197.56
2/18/2020 16:00:00,3164.25
2/19/2020 16:00:00,3193.14
2/20/2020 16:00:00,3143.53
2/21/2020 16:00:00,3104.88
2/24/2020 16:00:00,2991.51
2/25/2020 16:00:00,2940.14
2/26/2020 16:00:00,2865.66
2/27/2020 16:00:00,2778.99
2/28/2020 16:00:00,2773.97
3/2/2020 16:00:00,2862.73
3/3/2020 16:00:00,2827.35
3/4/2020 16:00:00,2869.57
3/5/2020 16:00:00,2742.46
3/6/2020 16:00:00,2621.47
3/9/2020 16:00:00,2259.11
3/10/2020 16:00:00,2425.73
3/11/2020 16:00:00,2236.03
3/12/2020 16:00:00,1955.07
3/13/2020 16:00:00,2161.51
3/16/2020 16:00:00,1876.81
3/17/2020 16:00:00,1905.99
3/18/2020 16:00:00,1691.21
3/19/2020 16:00:00,1730.78
3/20/2020 16:00:00,1672.78
3/23/2020 16:00:00,1555.75
3/24/2020 16:00:00,1719.62
3/25/2020 16:00:00,1847.41
3/26/2020 16:00:00,1918.73
3/27/2020 16:00:00,1788.92
3/30/2020 16:00:00,1796.61
3/31/2020 16:00:00,1808.19
4/1/2020 16:00:00,1726.48
4/2/2020 16:00:00,1761.13
4/3/2020 16:00:00,1698.66
4/6/2020 16:00:00,1804.75
4/7/2020 16:00:00,1854.03
4/8/2020 16:00:00,1918.18
4/9/2020 16:00:00,1933.48
4/13/2020 16:00:00,1923.26
4/14/2020 16:00:00,1940.1
4/15/2020 16:00:00,1871.96
4/16/2020 16:00:00,1835.35
4/17/2020 16:00:00,1887.42
4/20/2020 16:00:00,1839.65
4/21/2020 16:00:00,1786.8
4/22/2020 16:00:00,1812.29
4/23/2020 16:00:00,1784.1
4/24/2020 16:00:00,1697.16
4/27/2020 16:00:00,1756.02
4/28/2020 16:00:00,1859.42
4/29/2020 16:00:00,1970.85
4/30/2020 16:00:00,1894.83
5/1/2020 16:00:00,1840.03
5/4/2020 16:00:00,1840.22
5/5/2020 16:00:00,1849.08
5/6/2020 16:00:00,1813.4
5/7/2020 16:00:00,1791.72
5/8/2020 16:00:00,1873.49
5/11/2020 16:00:00,1831.22
5/12/2020 16:00:00,1784.36
5/13/2020 16:00:00,1744.56
5/14/2020 16:00:00,1781.3
5/15/2020 16:00:00,1757.74
5/18/2020 16:00:00,1878.1
5/19/2020 16:00:00,1836.71
5/20/2020 16:00:00,1880.07
5/21/2020 16:00:00,1918.98
5/22/2020 16:00:00,1912.99
5/26/2020 16:00:00,2004.82
5/27/2020 16:00:00,2071.16
5/28/2020 16:00:00,2022.95
5/29/2020 16:00:00,2022.87
6/1/2020 16:00:00,2068.19
6/2/2020 16:00:00,2173.45
6/3/2020 16:00:00,2265.62
6/4/2020 16:00:00,2276.12
6/5/2020 16:00:00,2378.22
6/8/2020 16:00:00,2478.85
6/9/2020 16:00:00,2416.18
6/10/2020 16:00:00,2341.69
6/11/2020 16:00:00,2193.66
6/12/2020 16:00:00,2250.49
6/15/2020 16:00:00,2214.28
6/16/2020 16:00:00,2226.17
6/17/2020 16:00:00,2234.65
6/18/2020 16:00:00,2193.44
6/19/2020 16:00:00,2214.71
6/22/2020 16:00:00,2207.9
6/23/2020 16:00:00,2251.75
6/24/2020 16:00:00,2168.47
6/25/2020 16:00:00,2196.58
6/26/2020 16:00:00,2116.55
6/29/2020 16:00:00,2158.7
6/30/2020 16:00:00,2145.2
7/1/2020 16:00:00,2194.7
7/2/2020 16:00:00,2218.19
7/6/2020 16:00:00,2262.31
7/7/2020 16:00:00,2225.97
7/8/2020 16:00:00,2269.9
7/9/2020 16:00:00,2234.66
7/10/2020 16:00:00,2255.62
7/13/2020 16:00:00,2224.16
7/14/2020 16:00:00,2276.69
7/15/2020 16:00:00,2290.1
7/16/2020 16:00:00,2267.59
7/17/2020 16:00:00,2269.44
7/20/2020 16:00:00,2303.39
7/21/2020 16:00:00,2357.45
7/22/2020 16:00:00,2402.5
7/23/2020 16:00:00,2339.15
7/24/2020 16:00:00,2345.03
7/27/2020 16:00:00,2422.51
7/28/2020 16:00:00,2406.47
7/29/2020 16:00:00,2426.39
7/30/2020 16:00:00,2398.71
7/31/2020 16:00:00,2331.97
8/3/2020 16:00:00,2299.73
8/4/2020 16:00:00,2280.29
8/5/2020 16:00:00,2314.09
8/6/2020 16:00:00,2318.57
8/7/2020 16:00:00,2275.26
8/10/2020 16:00:00,2274.74
8/11/2020 16:00:00,2276.69
8/12/2020 16:00:00,2278.53
8/13/2020 16:00:00,2277.88
8/14/2020 16:00:00,2275.08
8/17/2020 16:00:00,2237.63
8/18/2020 16:00:00,2282.98
8/19/2020 16:00:00,2252.2
8/20/2020 16:00:00,2246.66
8/21/2020 16:00:00,2220.37
8/24/2020 16:00:00,2240.99
8/25/2020 16:00:00,2256.18
8/26/2020 16:00:00,2207.45
8/27/2020 16:00:00,2210.4
8/28/2020 16:00:00,2281.87
8/31/2020 16:00:00,2198.36
9/1/2020 16:00:00,2281.69
9/2/2020 16:00:00,2278.65
9/3/2020 16:00:00,2273.43
9/4/2020 16:00:00,2280.74
9/8/2020 16:00:00,2219.21
9/9/2020 16:00:00,2265.7
9/10/2020 16:00:00,2217.2
9/11/2020 16:00:00,2226.41
9/14/2020 16:00:00,2278.11
9/15/2020 16:00:00,2273.2
9/16/2020 16:00:00,2278.79
9/17/2020 16:00:00,2285.82
9/18/2020 16:00:00,2211.77
9/21/2020 16:00:00,2163.57
9/22/2020 16:00:00,2146.05
9/23/2020 16:00:00,2064.26
9/24/2020 16:00:00,2118.32
9/25/2020 16:00:00,2104.51
9/28/2020 16:00:00,2072.17
9/29/2020 16:00:00,2043.28
9/30/2020 16:00:00,2085.82
10/1/2020 16:00:00,2073.64
10/2/2020 16:00:00,2063.75
10/5/2020 16:00:00,2126.26
10/6/2020 16:00:00,2105.18
10/7/2020 16:00:00,2111.36
10/8/2020 16:00:00,2182.55
10/9/2020 16:00:00,2209.8
10/12/2020 16:00:00,2205.98
10/13/2020 16:00:00,2193.3
10/14/2020 16:00:00,2195.6
10/15/2020 16:00:00,2178.9
10/16/2020 16:00:00,2162.8
10/19/2020 16:00:00,2175.16
10/20/2020 16:00:00,2223.83
10/21/2020 16:00:00,2239.07
10/22/2020 16:00:00,2275.01
10/23/2020 16:00:00,2267.02
10/26/2020 16:00:00,2245.95
10/27/2020 16:00:00,2202.45
10/28/2020 16:00:00,2101.16
10/29/2020 16:00:00,2112.95
10/30/2020 16:00:00,2087.08
11/2/2020 16:00:00,2098.71
11/3/2020 16:00:00,2134.91
11/4/2020 16:00:00,2172.61
11/5/2020 16:00:00,2284.71
11/6/2020 16:00:00,2335.77
11/9/2020 16:00:00,2423.19
11/10/2020 16:00:00,2463.42
11/11/2020 16:00:00,2469.24
11/12/2020 16:00:00,2395.73
11/13/2020 16:00:00,2445.25
11/16/2020 16:00:00,2495.93
11/17/2020 16:00:00,2561.72
11/18/2020 16:00:00,2540.44
11/19/2020 16:00:00,2560.59
11/20/2020 16:00:00,2527.1
11/23/2020 16:00:00,2554.55
11/24/2020 16:00:00,2649.22
11/25/2020 16:00:00,2659.97
11/27/2020 13:00:00,2647.11
11/30/2020 16:00:00,2598.37
12/1/2020 16:00:00,2724.96
12/2/2020 16:00:00,2747.49
12/3/2020 16:00:00,2787.5
12/4/2020 16:00:00,2831.03
12/7/2020 16:00:00,2822.85
12/8/2020 16:00:00,2820.61
12/9/2020 16:00:00,2789.45
12/10/2020 16:00:00,2894.28
12/11/2020 16:00:00,2876.37
12/14/2020 16:00:00,2843.79
12/15/2020 16:00:00,2895.27
12/16/2020 16:00:00,2934.25
12/17/2020 16:00:00,2964.91
12/18/2020 16:00:00,2939.98
12/21/2020 16:00:00,2877.23
12/22/2020 16:00:00,2870.01
12/23/2020 16:00:00,2895.68
12/24/2020 13:00:00,2900.22
12/28/2020 16:00:00,2902.95
12/29/2020 16:00:00,2934.36
12/30/2020 16:00:00,2939.76
12/31/2020 16:00:00,2924.59
1/4/2021 16:00:00,2917.09
1/5/2021 16:00:00,2952.91
1/6/2021 16:00:00,2980.45
1/7/2021 16:00:00,3013.36
1/8/2021 16:00:00,3041.42
1/11/2021 16:00:00,2973.96
1/12/2021 16:00:00,3036.57
1/13/2021 16:00:00,2988.83
1/14/2021 16:00:00,3065.78
1/15/2021 16:00:00,2945.95
1/19/2021 16:00:00,2947.96
1/20/2021 16:00:00,2946.58
1/21/2021 16:00:00,2892.27
1/22/2021 16:00:00,2829.8
1/25/2021 16:00:00,2804.15
1/26/2021 16:00:00,2826.92
1/27/2021 16:00:00,2759.61
1/28/2021 16:00:00,2808.16
1/29/2021 16:00:00,2700.78
2/1/2021 16:00:00,2758.64
2/2/2021 16:00:00,2815.69
2/3/2021 16:00:00,2835.25
2/4/2021 16:00:00,2816.24
2/5/2021 16:00:00,2871.09
2/8/2021 16:00:00,2871.8
2/9/2021 16:00:00,2887.19
2/10/2021 16:00:00,2879.69
2/11/2021 16:00:00,2881.19
2/12/2021 16:00:00,2895.05
2/16/2021 16:00:00,2923.01
2/17/2021 16:00:00,2913.97
2/18/2021 16:00:00,2871.18
2/19/2021 16:00:00,2878.97
2/22/2021 16:00:00,2726.74
2/23/2021 16:00:00,2799.03
2/24/2021 16:00:00,2818.56
2/25/2021 16:00:00,2691.46
2/26/2021 16:00:00,2639.01
3/1/2021 16:00:00,2664.61
3/2/2021 16:00:00,2696.43
3/3/2021 16:00:00,2690.27
3/4/2021 16:00:00,2663.54
3/5/2021 16:00:00,2694.21
3/8/2021 16:00:00,2591.33
3/9/2021 16:00:00,2629.32
3/10/2021 16:00:00,2706.06
3/11/2021 16:00:00,2797.09
3/12/2021 16:00:00,2760.46
3/15/2021 16:00:00,2745.14
3/16/2021 16:00:00,2730.83
3/17/2021 16:00:00,2769.02
3/18/2021 16:00:00,2735.29
3/19/2021 16:00:00,2762.34
3/22/2021 16:00:00,2742.67
3/23/2021 16:00:00,2681.04
3/24/2021 16:00:00,2640.96
3/25/2021 16:00:00,2655.01
3/26/2021 16:00:00,2670.34
3/29/2021 16:00:00,2667.41
3/30/2021 16:00:00,2696.54
3/31/2021 16:00:00,2722.58
4/1/2021 16:00:00,2696.81
4/5/2021 16:00:00,2753.95
4/6/2021 16:00:00,2772.11
4/7/2021 16:00:00,2761.67
4/8/2021 16:00:00,2806.84
4/9/2021 16:00:00,2759.04
4/12/2021 16:00:00,2748.32
4/13/2021 16:00:00,2759.61
4/14/2021 16:00:00,2808.97
4/15/2021 16:00:00,2831.56
4/16/2021 16:00:00,2849.32
4/19/2021 16:00:00,2844
4/20/2021 16:00:00,2815.03
4/21/2021 16:00:00,2825.26
4/22/2021 16:00:00,2832.22
4/23/2021 16:00:00,2842.05
4/26/2021 16:00:00,2864.41
4/27/2021 16:00:00,2840.83
4/28/2021 16:00:00,2894.07
4/29/2021 16:00:00,2867.3
4/30/2021 16:00:00,2786.64
5/3/2021 16:00:00,2803.52
5/4/2021 16:00:00,2777.48
5/5/2021 16:00:00,2829.81
5/6/2021 16:00:00,2887.93
5/7/2021 16:00:00,2951.82
5/10/2021 16:00:00,2969.81
5/11/2021 16:00:00,2981.11
5/12/2021 16:00:00,2882.47
5/13/2021 16:00:00,2894.18
5/14/2021 16:00:00,2952.65
5/17/2021 16:00:00,2952.19
5/18/2021 16:00:00,2961.53
5/19/2021 16:00:00,2910.18
5/20/2021 16:00:00,2930.55
5/21/2021 16:00:00,2901.21
5/24/2021 16:00:00,2912.29
5/25/2021 16:00:00,2871.64
5/26/2021 16:00:00,2912.12
5/27/2021 16:00:00,2950
5/28/2021 16:00:00,3011.39
6/1/2021 16:00:00,3088.72
6/2/2021 16:00:00,3153.78
6/3/2021 16:00:00,3125.53
6/4/2021 16:00:00,3170.26
6/7/2021 16:00:00,3181.86
6/8/2021 16:00:00,3163.69
6/9/2021 16:00:00,3149.29
6/10/2021 16:00:00,3149.93
6/11/2021 16:00:00,3136.38
6/14/2021 16:00:00,3155.29
6/15/2021 16:00:00,3152.1
6/16/2021 16:00:00,3113.68
6/17/2021 16:00:00,3087.67
6/18/2021 16:00:00,3074.02
6/21/2021 16:00:00,3114.15
6/22/2021 16:00:00,3135.46
6/23/2021 16:00:00,3146.09
6/24/2021 16:00:00,3200.18
6/25/2021 16:00:00,3153.26
6/28/2021 16:00:00,3149.07
6/29/2021 16:00:00,3149.8
6/30/2021 16:00:00,3127.19
7/1/2021 16:00:00,3071.43
7/2/2021 16:00:00,3108.34
7/6/2021 16:00:00,2991.3
7/7/2021 16:00:00,3002.06
7/8/2021 16:00:00,2956.9
7/9/2021 16:00:00,2995.34
7/12/2021 16:00:00,3029.11
7/13/2021 16:00:00,3017.25
7/14/2021 16:00:00,3051
7/15/2021 16:00:00,3031.25
7/16/2021 16:00:00,2999.55
7/19/2021 16:00:00,2905.87
7/20/2021 16:00:00,2942.78
7/21/2021 16:00:00,2991.26
7/22/2021 16:00:00,2983.42
7/23/2021 16:00:00,2968.03
7/26/2021 16:00:00,3009.01
7/27/2021 16:00:00,2988.62
7/28/2021 16:00:00,3057.7
7/29/2021 16:00:00,3078.25
7/30/2021 16:00:00,2940.3
8/2/2021 16:00:00,2954.43
8/3/2021 16:00:00,2983.26
8/4/2021 16:00:00,2943.29
8/5/2021 16:00:00,2948.18
8/6/2021 16:00:00,2950.91
8/9/2021 16:00:00,2942.19
8/10/2021 16:00:00,2960.03
8/11/2021 16:00:00,2971.41
8/12/2021 16:00:00,2933.58
8/13/2021 16:00:00,2952.38
8/16/2021 16:00:00,2897.62
8/17/2021 16:00:00,2862.63
8/18/2021 16:00:00,2812.2
8/19/2021 16:00:00,2764.29
8/20/2021 16:00:00,2778.37
8/23/2021 16:00:00,2796.09
8/24/2021 16:00:00,2881.03
8/25/2021 16:00:00,2908.81
8/26/2021 16:00:00,2853.46
8/27/2021 16:00:00,2923.59
8/30/2021 16:00:00,2913
8/31/2021 16:00:00,2914.43
9/1/2021 16:00:00,2902.88
9/2/2021 16:00:00,2857.87
9/3/2021 16:00:00,2852.03
9/7/2021 16:00:00,2855.54
9/8/2021 16:00:00,2732.09
9/9/2021 16:00:00,2773.33
9/10/2021 16:00:00,2766.98
9/13/2021 16:00:00,2801.91
9/14/2021 16:00:00,2779.69
9/15/2021 16:00:00,2780.91
9/16/2021 16:00:00,2747.21
9/17/2021 16:00:00,2689.33
9/20/2021 16:00:00,2611.48
9/21/2021 16:00:00,2642.12
9/22/2021 16:00:00,2691.07
9/23/2021 16:00:00,2681.53
9/24/2021 16:00:00,2644.83
9/27/2021 16:00:00,2654.26
9/28/2021 16:00:00,2567.02
9/29/2021 16:00:00,2572.54
9/30/2021 16:00:00,2569.75
10/1/2021 16:00:00,2623.09
10/4/2021 16:00:00,2567.47
10/5/2021 16:00:00,2557.69
10/6/2021 16:00:00,2553.76
10/7/2021 16:00:00,2554.23
10/8/2021 16:00:00,2562
10/11/2021 16:00:00,2543.11
10/12/2021 16:00:00,2552.1
10/13/2021 16:00:00,2573.98
10/14/2021 16:00:00,2576.65
10/15/2021 16:00:00,2642.84
10/18/2021 16:00:00,2620.98
10/19/2021 16:00:00,2560.19
10/20/2021 16:00:00,2581.08
10/21/2021 16:00:00,2505.01
10/22/2021 16:00:00,2489.33
10/25/2021 16:00:00,2558.01
10/26/2021 16:00:00,2536.79
10/27/2021 16:00:00,2501.71
10/28/2021 16:00:00,2480.66
10/29/2021 16:00:00,2420.98
11/1/2021 16:00:00,2449.17
11/2/2021 16:00:00,2423.04
11/3/2021 16:00:00,2450.6
11/4/2021 16:00:00,2405.78
11/5/2021 16:00:00,2436.81
11/8/2021 16:00:00,2450.6
11/9/2021 16:00:00,2468.13
11/10/2021 16:00:00,2451.6
11/11/2021 16:00:00,2501.02
11/12/2021 16:00:00,2478.37
11/15/2021 16:00:00,2471.09
11/16/2021 16:00:00,2424.24
11/17/2021 16:00:00,2375
11/18/2021 16:00:00,2332.45
11/19/2021 16:00:00,2328.15
11/22/2021 16:00:00,2338.09
11/23/2021 16:00:00,2365.9
11/24/2021 16:00:00,2369.57
11/26/2021 13:00:00,2301.89
11/29/2021 16:00:00,2311.9
11/30/2021 16:00:00,2297.81
12/1/2021 16:00:00,2271.83
12/2/2021 16:00:00,2338.38
12/3/2021 16:00:00,2323.02
12/6/2021 16:00:00,2351.97
12/7/2021 16:00:00,2398.13
12/8/2021 16:00:00,2420.52
12/9/2021 16:00:00,2386.04
12/10/2021 16:00:00,2393.64
12/13/2021 16:00:00,2346.73
12/14/2021 16:00:00,2332.89
12/15/2021 16:00:00,2345.15
12/16/2021 16:00:00,2385.37
12/17/2021 16:00:00,2378.94
12/20/2021 16:00:00,2305.13
12/21/2021 16:00:00,2322.44
12/22/2021 16:00:00,2343.74
12/23/2021 16:00:00,2350.68
12/27/2021 16:00:00,2380.7
12/28/2021 16:00:00,2366.73
12/29/2021 16:00:00,2337.85
12/30/2021 16:00:00,2387.4
12/31/2021 16:00:00,2382.58
1/3/2022 16:00:00,2367.51
1/4/2022 16:00:00,2355.86
1/5/2022 16:00:00,2321.57
1/6/2022 16:00:00,2349.11
1/7/2022 16:00:00,2395.56
1/10/2022 16:00:00,2367.65
1/11/2022 16:00:00,2439.07
1/12/2022 16:00:00,2499.04
1/13/2022 16:00:00,2502.58
1/14/2022 16:00:00,2524.07
1/18/2022 16:00:00,2499.23
1/19/2022 16:00:00,2536.08
1/20/2022 16:00:00,2540.54
1/21/2022 16:00:00,2522.73
1/24/2022 16:00:00,2486.07
1/25/2022 16:00:00,2532.71
1/26/2022 16:00:00,2548.1
1/27/2022 16:00:00,2557.45
1/28/2022 16:00:00,2551.68
1/31/2022 16:00:00,2583.88
2/1/2022 16:00:00,2636.92
2/2/2022 16:00:00,2609.15
2/3/2022 16:00:00,2571.24
2/4/2022 16:00:00,2580.09
2/7/2022 16:00:00,2601.87
2/8/2022 16:00:00,2625.51
2/9/2022 16:00:00,2645.3
2/10/2022 16:00:00,2660.33
2/11/2022 16:00:00,2688
2/14/2022 16:00:00,2679.05
2/15/2022 16:00:00,2719
2/16/2022 16:00:00,2751.59
2/17/2022 16:00:00,2673.31
2/18/2022 16:00:00,2670.97
2/22/2022 16:00:00,2697.89
2/23/2022 16:00:00,2700.29
2/24/2022 16:00:00,2639.71
2/25/2022 16:00:00,2694.74
2/28/2022 16:00:00,2723.51
3/1/2022 16:00:00,2725.44
3/2/2022 16:00:00,2763.56
3/3/2022 16:00:00,2809.01
3/4/2022 16:00:00,2781.16
3/7/2022 16:00:00,2697.53
3/8/2022 16:00:00,2718.92
3/9/2022 16:00:00,2770.47
3/10/2022 16:00:00,2769.49
3/11/2022 16:00:00,2725.97
3/14/2022 16:00:00,2658.78
3/15/2022 16:00:00,2630.66
3/16/2022 16:00:00,2699.15
3/17/2022 16:00:00,2771.16
3/18/2022 16:00:00,2837.51
3/21/2022 16:00:00,2899.52
3/22/2022 16:00:00,2917.34
3/23/2022 16:00:00,2953.86
3/24/2022 16:00:00,3001.99
3/25/2022 16:00:00,3020.28
3/28/2022 16:00:00,2998.36
3/29/2022 16:00:00,3040.92
3/30/2022 16:00:00,3035.7
3/31/2022 16:00:00,3051.86
4/1/2022 16:00:00,3117.6
4/4/2022 16:00:00,3130.4
4/5/2022 16:00:00,3038.3
4/6/2022 16:00:00,3007.44
4/7/2022 16:00:00,3014.65
4/8/2022 16:00:00,2999.33
4/11/2022 16:00:00,2987.27
4/12/2022 16:00:00,2971.61
4/13/2022 16:00:00,2988.21
4/14/2022 16:00:00,2920.91
4/18/2022 16:00:00,2930.94
4/19/2022 16:00:00,2916.93
4/20/2022 16:00:00,2912.76
4/21/2022 16:00:00,2834.17
4/22/2022 16:00:00,2739.05
4/25/2022 16:00:00,2683.48
4/26/2022 16:00:00,2590.63
4/27/2022 16:00:00,2619.29
4/28/2022 16:00:00,2640.42
4/29/2022 16:00:00,2598.84
5/2/2022 16:00:00,2540.14
5/3/2022 16:00:00,2574.16
5/4/2022 16:00:00,2639.19
5/5/2022 16:00:00,2536.5
5/6/2022 16:00:00,2512.72
5/9/2022 16:00:00,2420.44
5/10/2022 16:00:00,2429.23
5/11/2022 16:00:00,2462.68
5/12/2022 16:00:00,2483.66
5/13/2022 16:00:00,2549.54
5/16/2022 16:00:00,2586.49
5/17/2022 16:00:00,2655.4
5/18/2022 16:00:00,2581.23
5/19/2022 16:00:00,2641.55
5/20/2022 16:00:00,2689.09
5/23/2022 16:00:00,2758.09
5/24/2022 16:00:00,2709.8
5/25/2022 16:00:00,2723.58
5/26/2022 16:00:00,2777.01
5/27/2022 16:00:00,2807.33
5/31/2022 16:00:00,2770.63
6/1/2022 16:00:00,2750.39
6/2/2022 16:00:00,2781.02
6/3/2022 16:00:00,2765.55
6/6/2022 16:00:00,2735.33
6/7/2022 16:00:00,2719.58
6/8/2022 16:00:00,2664.81
6/9/2022 16:00:00,2595.17
6/10/2022 16:00:00,2527.43
6/13/2022 16:00:00,2420.86
6/14/2022 16:00:00,2406.41
6/15/2022 16:00:00,2455.53
6/16/2022 16:00:00,2378.38
6/17/2022 16:00:00,2350.22
6/21/2022 16:00:00,2356.63
6/22/2022 16:00:00,2321.51
6/23/2022 16:00:00,2266.26
6/24/2022 16:00:00,2294.44
6/27/2022 16:00:00,2349.85
6/28/2022 16:00:00,2335.06
6/29/2022 16:00:00,2331.77
6/30/2022 16:00:00,2290.75
7/1/2022 16:00:00,2277.39
7/5/2022 16:00:00,2232.33
7/6/2022 16:00:00,2214.16
7/7/2022 16:00:00,2280.16
7/8/2022 16:00:00,2289.8
7/11/2022 16:00:00,2209.95
7/12/2022 16:00:00,2191.2
7/13/2022 16:00:00,2205.82
7/14/2022 16:00:00,2133.95
7/15/2022 16:00:00,2177.75
7/18/2022 16:00:00,2190.88
7/19/2022 16:00:00,2224.1
7/20/2022 16:00:00,2209.44
7/21/2022 16:00:00,2217.02
7/22/2022 16:00:00,2207.75
7/25/2022 16:00:00,2276.85
7/26/2022 16:00:00,2266.87
7/27/2022 16:00:00,2320.34
7/28/2022 16:00:00,2383.26
7/29/2022 16:00:00,2392.4
8/1/2022 16:00:00,2360.81
8/2/2022 16:00:00,2332.29
8/3/2022 16:00:00,2338.75
8/4/2022 16:00:00,2385.79
8/5/2022 16:00:00,2413.87
8/8/2022 16:00:00,2489.71
8/9/2022 16:00:00,2494.19
8/10/2022 16:00:00,2551.81
8/11/2022 16:00:00,2540.3
8/12/2022 16:00:00,2542.73
8/15/2022 16:00:00,2542.73
8/16/2022 16:00:00,2531.63
8/17/2022 16:00:00,2514.71
8/18/2022 16:00:00,2496.43
8/19/2022 16:00:00,2439.86
8/22/2022 16:00:00,2431.66
8/23/2022 16:00:00,2507.1
8/24/2022 16:00:00,2498.46
8/25/2022 16:00:00,2522.27
8/26/2022 16:00:00,2508.85
8/29/2022 16:00:00,2509.94
8/30/2022 16:00:00,2438.34
8/31/2022 16:00:00,2387.15
9/1/2022 16:00:00,2386.77
9/2/2022 16:00:00,2433.85
9/6/2022 16:00:00,2390.67
9/7/2022 16:00:00,2409.14
9/8/2022 16:00:00,2421.84
9/9/2022 16:00:00,2492.15
9/12/2022 16:00:00,2536.44
9/13/2022 16:00:00,2443.24
9/14/2022 16:00:00,2446.52
9/15/2022 16:00:00,2413.17
9/16/2022 16:00:00,2396.67
9/19/2022 16:00:00,2472.06
9/20/2022 16:00:00,2482.71
9/21/2022 16:00:00,2460.64
9/22/2022 16:00:00,2499.15
9/23/2022 16:00:00,2386.37
9/26/2022 16:00:00,2293.74
9/27/2022 16:00:00,2298.26
9/28/2022 16:00:00,2323.81
9/29/2022 16:00:00,2297.05
9/30/2022 16:00:00,2325.34
10/3/2022 16:00:00,2504.74
10/4/2022 16:00:00,2529.95
10/5/2022 16:00:00,2533.88
10/6/2022 16:00:00,2536.34
10/7/2022 16:00:00,2506.73
10/10/2022 16:00:00,2495.84
10/11/2022 16:00:00,2457.15
10/12/2022 16:00:00,2434.06
10/13/2022 16:00:00,2455.47
10/14/2022 16:00:00,2389.4
10/17/2022 16:00:00,2433.79
10/18/2022 16:00:00,2476.3
10/19/2022 16:00:00,2480.03
10/20/2022 16:00:00,2520.65
10/21/2022 16:00:00,2610.35
10/24/2022 16:00:00,2484.19
10/25/2022 16:00:00,2487.09
10/26/2022 16:00:00,2461.09
10/27/2022 16:00:00,2491.92
10/28/2022 16:00:00,2481.76
10/31/2022 16:00:00,2531.4
11/1/2022 16:00:00,2581.25
11/2/2022 16:00:00,2534.64
11/3/2022 16:00:00,2568.55
11/4/2022 16:00:00,2636.75
11/7/2022 16:00:00,2555.73
11/8/2022 16:00:00,2585.74
11/9/2022 16:00:00,2508.17
11/10/2022 16:00:00,2430.69
11/11/2022 16:00:00,2492.85
11/14/2022 16:00:00,2505.24
11/15/2022 16:00:00,2510.1
11/16/2022 16:00:00,2438.75
11/17/2022 16:00:00,2414.45
11/18/2022 16:00:00,2410.06
11/21/2022 16:00:00,2434.94
11/22/2022 16:00:00,2393.65
11/23/2022 16:00:00,2404.77
11/25/2022 13:00:00,2398.13
11/28/2022 16:00:00,2387.92
11/29/2022 16:00:00,2446.43
11/30/2022 16:00:00,2529.38
12/1/2022 16:00:00,2502.19
12/2/2022 16:00:00,2500.55
12/5/2022 16:00:00,2421.14
12/6/2022 16:00:00,2445.73
12/7/2022 16:00:00,2430.8
12/8/2022 16:00:00,2407.51
12/9/2022 16:00:00,2392.3
12/12/2022 16:00:00,2338.11
12/13/2022 16:00:00,2317.89
12/14/2022 16:00:00,2302.41
12/15/2022 16:00:00,2277.73
12/16/2022 16:00:00,2270.68
12/19/2022 16:00:00,2307.18
12/20/2022 16:00:00,2364.24
12/21/2022 16:00:00,2386.05
12/22/2022 16:00:00,2387.09
12/23/2022 16:00:00,2439.56
12/27/2022 16:00:00,2384.93
12/28/2022 16:00:00,2400.89
12/29/2022 16:00:00,2391.43
12/30/2022 16:00:00,2378.74
1/3/2023 16:00:00,2265.58
1/4/2023 16:00:00,2303.46
1/5/2023 16:00:00,2370.45
1/6/2023 16:00:00,2444.07
1/9/2023 16:00:00,2447.53
1/10/2023 16:00:00,2492.33
1/11/2023 16:00:00,2540.22
1/12/2023 16:00:00,2576.98
1/13/2023 16:00:00,2573.23
1/17/2023 16:00:00,2571.46
1/18/2023 16:00:00,2550.51
1/19/2023 16:00:00,2560.77
1/20/2023 16:00:00,2562.06
1/23/2023 16:00:00,2573.07
1/24/2023 16:00:00,2611.47
1/25/2023 16:00:00,2647.79
1/26/2023 16:00:00,2658.64
1/27/2023 16:00:00,2610.46
1/30/2023 16:00:00,2600.18
1/31/2023 16:00:00,2631.96
2/1/2023 16:00:00,2627.41
2/2/2023 16:00:00,2577.7
2/3/2023 16:00:00,2518.77
2/6/2023 16:00:00,2506.55
2/7/2023 16:00:00,2485.26
2/8/2023 16:00:00,2512.45
2/9/2023 16:00:00,2470.57
2/10/2023 16:00:00,2484.05
2/13/2023 16:00:00,2525.61
2/14/2023 16:00:00,2509.35
2/15/2023 16:00:00,2535.2
2/16/2023 16:00:00,2552.71
2/17/2023 16:00:00,2545.77
2/21/2023 16:00:00,2516.59
2/22/2023 16:00:00,2505.61
2/23/2023 16:00:00,2527.74
2/24/2023 16:00:00,2463.89
2/27/2023 16:00:00,2473.43
2/28/2023 16:00:00,2458.83
3/1/2023 16:00:00,2503.93
3/2/2023 16:00:00,2466.74
3/3/2023 16:00:00,2500.06
3/6/2023 16:00:00,2513.16
3/7/2023 16:00:00,2466.55
3/8/2023 16:00:00,2527.13
3/9/2023 16:00:00,2484.38
3/10/2023 16:00:00,2428.45
3/13/2023 16:00:00,2386.61
3/14/2023 16:00:00,2385.78
3/15/2023 16:00:00,2328.35
3/16/2023 16:00:00,2371.93
3/17/2023 16:00:00,2327.57
3/20/2023 16:00:00,2323.49
3/21/2023 16:00:00,2355.04
3/22/2023 16:00:00,2341.07
3/23/2023 16:00:00,2301
3/24/2023 16:00:00,2318.27
3/27/2023 16:00:00,2351.46
3/28/2023 16:00:00,2391.59
3/29/2023 16:00:00,2433.99
3/30/2023 16:00:00,2472.05
3/31/2023 16:00:00,2454.8
4/3/2023 16:00:00,2446
4/4/2023 16:00:00,2432.54
4/5/2023 16:00:00,2415.91
4/6/2023 16:00:00,2407.62
4/10/2023 16:00:00,2432.83
4/11/2023 16:00:00,2531.39
4/12/2023 16:00:00,2558.48
4/13/2023 16:00:00,2569.88
4/14/2023 16:00:00,2573.98
4/17/2023 16:00:00,2569.73
4/18/2023 16:00:00,2571.65
4/19/2023 16:00:00,2499.38
4/20/2023 16:00:00,2507.98
4/21/2023 16:00:00,2479.53
4/24/2023 16:00:00,2499.16
4/25/2023 16:00:00,2470.26
4/26/2023 16:00:00,2453.12
4/27/2023 16:00:00,2491.11
4/28/2023 16:00:00,2492.53
5/1/2023 16:00:00,2484.49
5/2/2023 16:00:00,2435.49
5/3/2023 16:00:00,2445.6
5/4/2023 16:00:00,2443.78
5/5/2023 16:00:00,2524.96
5/8/2023 16:00:00,2530.48
5/9/2023 16:00:00,2559.37
5/10/2023 16:00:00,2576.45
5/11/2023 16:00:00,2572.67
5/12/2023 16:00:00,2585.29
5/15/2023 16:00:00,2618.89
5/16/2023 16:00:00,2583.06
5/17/2023 16:00:00,2600.15
5/18/2023 16:00:00,2590.27
5/19/2023 16:00:00,2570.98
5/22/2023 16:00:00,2551.83
5/23/2023 16:00:00,2544.77
5/24/2023 16:00:00,2547.54
5/25/2023 16:00:00,2543.11
5/26/2023 16:00:00,2576.27
5/30/2023 16:00:00,2518.91
5/31/2023 16:00:00,2487.24
6/1/2023 16:00:00,2550.27
6/2/2023 16:00:00,2611.19
6/5/2023 16:00:00,2629.55
6/6/2023 16:00:00,2681.24
6/7/2023 16:00:00,2695.29
6/8/2023 16:00:00,2704.54
6/9/2023 16:00:00,2746.35
6/12/2023 16:00:00,2742.8
6/13/2023 16:00:00,2733.87
6/14/2023 16:00:00,2794.65
6/15/2023 16:00:00,2804.58
6/16/2023 16:00:00,2793.55
6/20/2023 16:00:00,2797.03
6/21/2023 16:00:00,2825.25
6/22/2023 16:00:00,2789.07
6/23/2023 16:00:00,2763.63
6/26/2023 16:00:00,2770.05
6/27/2023 16:00:00,2772.19
6/28/2023 16:00:00,2731.97
6/29/2023 16:00:00,2758.05
6/30/2023 16:00:00,2763.44
7/3/2023 13:00:00,2801.94
7/5/2023 16:00:00,2774.81
7/6/2023 16:00:00,2695.78
7/7/2023 16:00:00,2751.94
7/10/2023 16:00:00,2730.42
7/11/2023 16:00:00,2745.19
7/12/2023 16:00:00,2765.08
7/13/2023 16:00:00,2807.34
7/14/2023 16:00:00,2777.97
7/17/2023 16:00:00,2784.38
7/18/2023 16:00:00,2784.36
7/19/2023 16:00:00,2793.09
7/20/2023 16:00:00,2789.89
7/21/2023 16:00:00,2824.36
7/24/2023 16:00:00,2855.76
7/25/2023 16:00:00,2879.34
7/26/2023 16:00:00,2897.11
7/27/2023 16:00:00,2841.94
7/28/2023 16:00:00,2865.45
7/31/2023 16:00:00,2894.13
8/1/2023 16:00:00,2840.76
8/2/2023 16:00:00,2800.89
8/3/2023 16:00:00,2759.72
8/4/2023 16:00:00,2761.45
8/7/2023 16:00:00,2753.72
8/8/2023 16:00:00,2740.15
8/9/2023 16:00:00,2741.83
8/10/2023 16:00:00,2739.78
8/11/2023 16:00:00,2710.43
8/14/2023 16:00:00,2666.72
8/15/2023 16:00:00,2647.41
8/16/2023 16:00:00,2645.26
8/17/2023 16:00:00,2621.99
8/18/2023 16:00:00,2632.76
8/21/2023 16:00:00,2623.8
8/22/2023 16:00:00,2651.5
8/23/2023 16:00:00,2726.87
8/24/2023 16:00:00,2681.15
8/25/2023 16:00:00,2669.7
8/28/2023 16:00:00,2694.09
8/29/2023 16:00:00,2730.62
8/30/2023 16:00:00,2714.52
8/31/2023 16:00:00,2632.9
9/1/2023 16:00:00,2676.74
9/5/2023 16:00:00,2626.55
9/6/2023 16:00:00,2607.27
9/7/2023 16:00:00,2571.6
9/8/2023 16:00:00,2580.25
9/11/2023 16:00:00,2635.29
9/12/2023 16:00:00,2633.73
9/13/2023 16:00:00,2651.52
9/14/2023 16:00:00,2690.95
9/15/2023 16:00:00,2675.31
9/18/2023 16:00:00,2678.98
9/19/2023 16:00:00,2676.33
9/20/2023 16:00:00,2684.01
9/21/2023 16:00:00,2606.53
9/22/2023 16:00:00,2601.36
9/25/2023 16:00:00,2576.49
9/26/2023 16:00:00,2532.03
9/27/2023 16:00:00,2526.61
9/28/2023 16:00:00,2560.48
9/29/2023 16:00:00,2576.98
10/2/2023 16:00:00,2532.51
10/3/2023 16:00:00,2452.34
10/4/2023 16:00:00,2460.25
10/5/2023 16:00:00,2435.81
10/6/2023 16:00:00,2464.29
10/9/2023 16:00:00,2471.54
10/10/2023 16:00:00,2540.19
10/11/2023 16:00:00,2557.55
10/12/2023 16:00:00,2525.38
10/13/2023 16:00:00,2512.49
10/16/2023 16:00:00,2557.73
10/17/2023 16:00:00,2551.7
10/18/2023 16:00:00,2506.85
10/19/2023 16:00:00,2502.58
10/20/2023 16:00:00,2481.55
10/23/2023 16:00:00,2466.55
10/24/2023 16:00:00,2494.03
10/25/2023 16:00:00,2479.27
10/26/2023 16:00:00,2518.47
10/27/2023 16:00:00,2504.08
10/30/2023 16:00:00,2495.86
10/31/2023 16:00:00,2497.24
11/1/2023 16:00:00,2560.41
11/2/2023 16:00:00,2602.56
11/3/2023 16:00:00,2666.09
11/6/2023 16:00:00,2662.98
11/7/2023 16:00:00,2668.93
11/8/2023 16:00:00,2641.84
11/9/2023 16:00:00,2623.34
11/10/2023 16:00:00,2669.72
11/13/2023 16:00:00,2658.79
11/14/2023 16:00:00,2761.26
11/15/2023 16:00:00,2758.59
11/16/2023 16:00:00,2759.33
11/17/2023 16:00:00,2769.36
11/20/2023 16:00:00,2810.49
11/21/2023 16:00:00,2785.92
11/22/2023 16:00:00,2764.82
11/24/2023 13:00:00,2765.74
11/27/2023 16:00:00,2740.11
11/28/2023 16:00:00,2773.51
11/29/2023 16:00:00,2757.63
11/30/2023 16:00:00,2780.12
12/1/2023 16:00:00,2822.28
12/4/2023 16:00:00,2761.19
12/5/2023 16:00:00,2773.29
12/6/2023 16:00:00,2761.81
12/7/2023 16:00:00,2770.94
12/8/2023 16:00:00,2790.34
12/11/2023 16:00:00,2779.63
12/12/2023 16:00:00,2764.46
12/13/2023 16:00:00,2844.84
12/14/2023 16:00:00,2898.02
12/15/2023 16:00:00,2881.51
12/18/2023 16:00:00,2922.84
12/19/2023 16:00:00,2948.21
12/20/2023 16:00:00,2891.3
12/21/2023 16:00:00,2941.45
12/22/2023 16:00:00,2948.04
12/26/2023 16:00:00,2990.18
12/27/2023 16:00:00,2993.3
12/28/2023 16:00:00,2978.86
12/29/2023 16:00:00,2970.09
1/2/2024 16:00:00,2927.91
1/3/2024 16:00:00,2915.36
1/4/2024 16:00:00,2893.73
1/5/2024 16:00:00,2935.06
1/8/2024 16:00:00,2941.82
1/9/2024 16:00:00,2885.55
1/10/2024 16:00:00,2886.54
1/11/2024 16:00:00,2900.26
1/12/2024 16:00:00,2913.57
1/16/2024 16:00:00,2846.41
1/17/2024 16:00:00,2824.93
1/18/2024 16:00:00,2819.72
1/19/2024 16:00:00,2831.65
1/22/2024 16:00:00,2784
1/23/2024 16:00:00,2823.16
1/24/2024 16:00:00,2826.01
1/25/2024 16:00:00,2853.49
1/26/2024 16:00:00,2883.82
1/29/2024 16:00:00,2867.35
1/30/2024 16:00:00,2852.51
1/31/2024 16:00:00,2842.45
2/1/2024 16:00:00,2894.23
2/2/2024 16:00:00,2865.27
2/5/2024 16:00:00,2860.8
2/6/2024 16:00:00,2919.99
2/7/2024 16:00:00,2908.61
2/8/2024 16:00:00,2857.08
2/9/2024 16:00:00,2866.56
2/12/2024 16:00:00,2882.11
2/13/2024 16:00:00,2840.76
2/14/2024 16:00:00,2862.83
2/15/2024 16:00:00,2884.46
2/16/2024 16:00:00,2899.78
2/20/2024 16:00:00,2922.02
2/21/2024 16:00:00,2920.06
2/22/2024 16:00:00,2906.12
2/23/2024 16:00:00,2872.11
2/26/2024 16:00:00,2877.63
2/27/2024 16:00:00,2927.62
2/28/2024 16:00:00,2873.79
2/29/2024 16:00:00,2864.79
3/1/2024 16:00:00,2880.93
3/4/2024 16:00:00,2865.84
3/5/2024 16:00:00,2851.69
3/6/2024 16:00:00,2877.93
3/7/2024 16:00:00,2881.73
3/8/2024 16:00:00,2821.44
3/11/2024 16:00:00,2819.89
3/12/2024 16:00:00,2830.35
3/13/2024 16:00:00,2861.66
3/14/2024 16:00:00,2848.71
3/15/2024 16:00:00,2840.01
3/18/2024 16:00:00,2834.88
3/19/2024 16:00:00,2818.17
3/20/2024 16:00:00,2891.74
3/21/2024 16:00:00,2872.25
3/22/2024 16:00:00,2846.94
3/25/2024 16:00:00,2847.46
3/26/2024 16:00:00,2857.25
3/27/2024 16:00:00,2875.23
3/28/2024 16:00:00,2877.81
4/1/2024 16:00:00,2849.69
4/2/2024 16:00:00,2868.38
4/3/2024 16:00:00,2872.2
4/4/2024 16:00:00,2864.32
4/5/2024 16:00:00,2865.55
4/8/2024 16:00:00,2910.81
4/9/2024 16:00:00,2923.87
4/10/2024 16:00:00,2865.98
4/11/2024 16:00:00,2862.33
4/12/2024 16:00:00,2802.52
4/15/2024 16:00:00,2761.48
4/16/2024 16:00:00,2708.29
4/17/2024 16:00:00,2717.38
4/18/2024 16:00:00,2711.35
4/19/2024 16:00:00,2742.28
4/22/2024 16:00:00,2767.25
4/23/2024 16:00:00,2783.3
4/24/2024 16:00:00,2762.17
4/25/2024 16:00:00,2759.64
4/26/2024 16:00:00,2803.51
4/29/2024 16:00:00,2830.74
4/30/2024 16:00:00,2764.23
5/1/2024 16:00:00,2770.97
5/2/2024 16:00:00,2807
5/3/2024 16:00:00,2830.95
5/6/2024 16:00:00,2850.16
5/7/2024 16:00:00,2868
5/8/2024 16:00:00,2868.96
5/9/2024 16:00:00,2858.68
5/10/2024 16:00:00,2848.83
5/13/2024 16:00:00,2855.66
5/14/2024 16:00:00,2856.76
5/15/2024 16:00:00,2848.21
5/16/2024 16:00:00,2838.16
5/17/2024 16:00:00,2851.39
5/20/2024 16:00:00,2849.37
5/21/2024 16:00:00,2832.14
5/22/2024 16:00:00,2780.81
5/23/2024 16:00:00,2757.94
5/24/2024 16:00:00,2753.18
5/28/2024 16:00:00,2760.63
5/29/2024 16:00:00,2709.32
5/30/2024 16:00:00,2719.16
5/31/2024 16:00:00,2705.74
6/3/2024 16:00:00,2623.54
6/4/2024 16:00:00,2609.84
6/5/2024 16:00:00,2636.67
6/6/2024 16:00:00,2655.22
6/7/2024 16:00:00,2561.65
6/10/2024 16:00:00,2555.73
6/11/2024 16:00:00,2542.24
6/12/2024 16:00:00,2504.36
6/13/2024 16:00:00,2495.1
6/14/2024 16:00:00,2487.19
6/17/2024 16:00:00,2486.08
6/18/2024 16:00:00,2505.64
6/20/2024 16:00:00,2523.1
6/21/2024 16:00:00,2534.02
6/24/2024 16:00:00,2549.97
6/25/2024 16:00:00,2539.08
6/26/2024 16:00:00,2523.23
6/27/2024 16:00:00,2528.67
6/28/2024 16:00:00,2523.54
7/1/2024 16:00:00,2511.7
7/2/2024 16:00:00,2508.75
7/3/2024 13:00:00,2565.2
7/5/2024 16:00:00,2587.33
7/8/2024 16:00:00,2603.01
7/9/2024 16:00:00,2637.23
7/10/2024 16:00:00,2664.25
7/11/2024 16:00:00,2672.32
7/12/2024 16:00:00,2699.91
7/15/2024 16:00:00,2681.01
7/16/2024 16:00:00,2694.61
7/17/2024 16:00:00,2662.77
7/18/2024 16:00:00,2594.97
7/19/2024 16:00:00,2604.34
7/22/2024 16:00:00,2611.11
7/23/2024 16:00:00,2578.34
7/24/2024 16:00:00,2535.6
7/25/2024 16:00:00,2523.1
7/26/2024 16:00:00,2535.97
7/29/2024 16:00:00,2518.13
7/30/2024 16:00:00,2495.86
7/31/2024 16:00:00,2525.56
8/1/2024 16:00:00,2466.77
8/2/2024 16:00:00,2420.53
8/5/2024 16:00:00,2381.52
8/6/2024 16:00:00,2433.25
8/7/2024 16:00:00,2464.09
8/8/2024 16:00:00,2518.21
8/9/2024 16:00:00,2561.9
8/12/2024 16:00:00,2572.07
8/13/2024 16:00:00,2611.91
8/14/2024 16:00:00,2626.07
8/15/2024 16:00:00,2663.45
8/16/2024 16:00:00,2669.2
8/19/2024 16:00:00,2708.51
8/20/2024 16:00:00,2677.05
8/21/2024 16:00:00,2671.47
8/22/2024 16:00:00,2608.11
8/23/2024 16:00:00,2651.12
8/26/2024 16:00:00,2668.71
8/27/2024 16:00:00,2641.29
8/28/2024 16:00:00,2627.67
8/29/2024 16:00:00,2603.83
8/30/2024 16:00:00,2615.7
9/3/2024 16:00:00,2572.06
9/4/2024 16:00:00,2577.7
9/5/2024 16:00:00,2596.46
9/6/2024 16:00:00,2549.5
9/9/2024 16:00:00,2566.56
9/10/2024 16:00:00,2523.4
9/11/2024 16:00:00,2556.06
9/12/2024 16:00:00,2584.72
9/13/2024 16:00:00,2618.26
9/16/2024 16:00:00,2634.54
9/17/2024 16:00:00,2641.92
9/18/2024 16:00:00,2633.46
9/19/2024 16:00:00,2644.69
9/20/2024 16:00:00,2576.05
9/23/2024 16:00:00,2581.92
9/24/2024 16:00:00,2646.81
9/25/2024 16:00:00,2624.15
9/26/2024 16:00:00,2647.5
9/27/2024 16:00:00,2639.13
9/30/2024 16:00:00,2612.26
10/1/2024 16:00:00,2617.16
10/2/2024 16:00:00,2632.54
10/3/2024 16:00:00,2600.66
10/4/2024 16:00:00,2630.31
10/7/2024 16:00:00,2616.06
10/8/2024 16:00:00,2590.91
10/9/2024 16:00:00,2558.38
10/10/2024 16:00:00,2579.38
10/14/2024 16:00:00,2606.23
10/15/2024 16:00:00,2562.1
10/16/2024 16:00:00,2563.33
10/17/2024 16:00:00,2553.69
10/18/2024 16:00:00,2556.68
10/21/2024 16:00:00,2547.78
10/22/2024 16:00:00,2544.86
10/23/2024 16:00:00,2541.98
10/24/2024 16:00:00,2555.65
10/25/2024 16:00:00,2543.11
10/28/2024 16:00:00,2563.7
10/29/2024 16:00:00,2530.72
10/30/2024 16:00:00,2512.16
10/31/2024 16:00:00,2482.47
11/1/2024 16:00:00,2438.44
11/4/2024 16:00:00,2480.74
11/5/2024 16:00:00,2497.77
11/6/2024 16:00:00,2524.48
11/7/2024 16:00:00,2548.4
11/8/2024 16:00:00,2495.47
11/11/2024 16:00:00,2488.34
11/12/2024 16:00:00,2471.74
11/13/2024 16:00:00,2455.78
11/14/2024 16:00:00,2444.6
11/15/2024 16:00:00,2429.84
11/18/2024 16:00:00,2441.91
11/19/2024 16:00:00,2433.89
11/20/2024 16:00:00,2428.04
11/21/2024 16:00:00,2408.42
11/22/2024 16:00:00,2436.39
11/25/2024 16:00:00,2439.63
11/26/2024 16:00:00,2420.72
11/27/2024 16:00:00,2372.47
11/29/2024 13:00:00,2328.18
12/2/2024 16:00:00,2317.19
12/3/2024 16:00:00,2327.36
12/4/2024 16:00:00,2336.15
12/5/2024 16:00:00,2368.14
12/6/2024 16:00:00,2329.74
12/9/2024 16:00:00,2356.64
12/10/2024 16:00:00,2361.59
12/11/2024 16:00:00,2398.16
12/12/2024 16:00:00,2349.72
12/13/2024 16:00:00,2320.17
12/16/2024 16:00:00,2276.92
12/17/2024 16:00:00,2280.58
12/18/2024 16:00:00,2179.31
12/19/2024 16:00:00,2187.98
12/20/2024 16:00:00,2216.39
12/23/2024 16:00:00,2186.66
12/24/2024 13:00:00,2194.04
12/26/2024 16:00:00,2199.7
12/27/2024 16:00:00,2173.27
12/30/2024 16:00:00,2163.32
12/31/2024 16:00:00,2163.92
1/2/2025 16:00:00,2185.4
1/3/2025 16:00:00,2153.9
1/6/2025 16:00:00,2199.88
1/7/2025 16:00:00,2224.31
1/8/2025 16:00:00,2204.98
1/10/2025 16:00:00,2181.96
1/13/2025 16:00:00,2192.57
1/14/2025 16:00:00,2207.79
1/15/2025 16:00:00,2262.81
1/16/2025 16:00:00,2230.95
1/17/2025 16:00:00,2238.76
1/21/2025 16:00:00,2269.78
1/22/2025 16:00:00,2297.32
1/23/2025 16:00:00,2310.35
1/24/2025 16:00:00,2322.63
1/27/2025 16:00:00,2330.61
1/28/2025 16:00:00,2338.52
1/29/2025 16:00:00,2336.48
1/30/2025 16:00:00,2388.03
1/31/2025 16:00:00,2370.49
2/3/2025 16:00:00,2376.48
2/4/2025 16:00:00,2401.76
2/5/2025 16:00:00,2392.39
2/6/2025 16:00:00,2437.08
2/7/2025 16:00:00,2410.24
2/10/2025 16:00:00,2428.87
2/11/2025 16:00:00,2444.58
2/12/2025 16:00:00,2421.78
2/13/2025 16:00:00,2438.53
2/14/2025 16:00:00,2486.21
2/18/2025 16:00:00,2497.37
2/19/2025 16:00:00,2463.68
2/20/2025 16:00:00,2480.21
2/21/2025 16:00:00,2408.55
2/24/2025 16:00:00,2386.34
2/25/2025 16:00:00,2390.95
2/26/2025 16:00:00,2379.84
2/27/2025 16:00:00,2347.52
2/28/2025 16:00:00,2298.92
3/3/2025 16:00:00,2286.64
3/4/2025 16:00:00,2286.69
3/5/2025 16:00:00,2342.3
3/6/2025 16:00:00,2344.78
3/7/2025 16:00:00,2361.82
3/10/2025 16:00:00,2297.38
3/11/2025 16:00:00,2307.52
3/12/2025 16:00:00,2326.29
3/13/2025 16:00:00,2343.21
3/14/2025 16:00:00,2432.92
3/17/2025 16:00:00,2475.69
3/18/2025 16:00:00,2476.87
3/19/2025 16:00:00,2495.85
3/20/2025 16:00:00,2471.9
3/21/2025 16:00:00,2470.8
3/24/2025 16:00:00,2455.5
3/25/2025 16:00:00,2480.8
3/26/2025 16:00:00,2460.26
3/27/2025 16:00:00,2466.98
3/28/2025 16:00:00,2429.43
3/31/2025 16:00:00,2406.22
4/1/2025 16:00:00,2440.93
4/2/2025 16:00:00,2448.23
4/3/2025 16:00:00,2453.38
4/4/2025 16:00:00,2294.6
4/7/2025 16:00:00,2227.14
4/8/2025 16:00:00,2177.3
4/9/2025 16:00:00,2330.16
4/10/2025 16:00:00,2255.64
4/11/2025 16:00:00,2298.75
4/14/2025 16:00:00,2340.02
4/15/2025 16:00:00,2337.88
4/16/2025 16:00:00,2345.32
4/17/2025 16:00:00,2383.75
4/21/2025 16:00:00,2384.47
4/22/2025 16:00:00,2444.63
4/23/2025 16:00:00,2475.9
4/24/2025 16:00:00,2521.21
4/25/2025 16:00:00,2530.65
4/28/2025 16:00:00,2549.44
4/29/2025 16:00:00,2548.27
4/30/2025 16:00:00,2529.66
5/1/2025 16:00:00,2523.42
5/2/2025 16:00:00,2522.93
5/5/2025 16:00:00,2493.86
5/6/2025 16:00:00,2517.04
5/7/2025 16:00:00,2512.07
5/8/2025 16:00:00,2557.27
5/9/2025 16:00:00,2578.58
5/12/2025 16:00:00,2578.53
5/13/2025 16:00:00,2640.68
5/14/2025 16:00:00,2645.42
5/15/2025 16:00:00,2631.31
5/16/2025 16:00:00,2623.99
5/19/2025 16:00:00,2638.56
5/20/2025 16:00:00,2631.81
5/21/2025 16:00:00,2597.38
5/22/2025 16:00:00,2589.68
5/23/2025 16:00:00,2602.71
5/27/2025 16:00:00,2619.31
5/28/2025 16:00:00,2599.53
5/29/2025 16:00:00,2600.63
5/30/2025 16:00:00,2554.48
6/2/2025 16:00:00,2567.88
6/3/2025 16:00:00,2578.93
6/4/2025 16:00:00,2560.51
6/5/2025 16:00:00,2575.32
6/6/2025 16:00:00,2584.58
6/9/2025 16:00:00,2574.85
6/10/2025 16:00:00,2588.16
6/11/2025 16:00:00,2625.01
6/12/2025 16:00:00,2617.09
6/13/2025 16:00:00,2608.21
6/16/2025 16:00:00,2642.67
6/17/2025 16:00:00,2618.36
6/18/2025 16:00:00,2622.24
6/20/2025 16:00:00,2592.58
6/23/2025 16:00:00,2585.46
6/24/2025 16:00:00,2631.38
6/25/2025 16:00:00,2611.91
6/26/2025 16:00:00,2657.77
6/27/2025 16:00:00,2657.01
6/30/2025 16:00:00,2694.58
7/1/2025 16:00:00,2701.08
7/2/2025 16:00:00,2727.94
7/3/2025 13:00:00,2739.99
7/7/2025 16:00:00,2695.2
7/8/2025 16:00:00,2708.14
7/9/2025 16:00:00,2669.65
7/10/2025 16:00:00,2639.33
7/11/2025 16:00:00,2621.56
7/14/2025 16:00:00,2597.4
7/15/2025 16:00:00,2600.94
7/16/2025 16:00:00,2613.36
7/17/2025 16:00:00,2628.42
7/18/2025 16:00:00,2577.85
7/21/2025 16:00:00,2588.28
7/22/2025 16:00:00,2590.91
7/23/2025 16:00:00,2639.18
7/24/2025 16:00:00,2627.58
7/25/2025 16:00:00,2616.48
7/28/2025 16:00:00,2573.4
7/29/2025 16:00:00,2599.74
7/30/2025 16:00:00,2582.1
7/31/2025 16:00:00,2563.84
8/1/2025 16:00:00,2553.89
8/4/2025 16:00:00,2572.27
8/5/2025 16:00:00,2590.51
8/6/2025 16:00:00,2613.5
8/7/2025 16:00:00,2666.61
8/8/2025 16:00:00,2658.01
8/11/2025 16:00:00,2648.54
8/12/2025 16:00:00,2696.8
8/13/2025 16:00:00,2684.56
8/14/2025 16:00:00,2653.4
8/15/2025 16:00:00,2686.1
8/18/2025 16:00:00,2692.06
8/19/2025 16:00:00,2637.6
8/20/2025 16:00:00,2648.47
8/21/2025 16:00:00,2661.02
8/22/2025 16:00:00,2737.36
8/25/2025 16:00:00,2727.04
8/26/2025 16:00:00,2715.37
8/27/2025 16:00:00,2741.35
8/28/2025 16:00:00,2770.74
8/29/2025 16:00:00,2770.04
9/2/2025 16:00:00,2760.02
9/3/2025 16:00:00,2756.91
9/4/2025 16:00:00,2770.29
9/5/2025 16:00:00,2801.75
9/8/2025 16:00:00,2802.69
9/9/2025 16:00:00,2800.26
9/10/2025 16:00:00,2822.97
9/11/2025 16:00:00,2859.93
9/12/2025 16:00:00,2857.8
9/15/2025 16:00:00,2904.55
9/16/2025 16:00:00,2919.6
9/17/2025 16:00:00,2927.97
9/18/2025 16:00:00,2906
9/19/2025 16:00:00,2911.26
9/22/2025 16:00:00,2923.12
9/23/2025 16:00:00,2957.33
9/24/2025 16:00:00,2941.02
9/25/2025 16:00:00,2908.21
9/26/2025 16:00:00,2920.8
9/29/2025 16:00:00,2945.34
9/30/2025 16:00:00,2951.5
10/1/2025 16:00:00,2905.87
10/2/2025 16:00:00,2893.79
10/3/2025 16:00:00,2902.44
10/6/2025 16:00:00,2877.42
10/7/2025 16:00:00,2839.9
10/8/2025 16:00:00,2873.25
10/9/2025 16:00:00,2858.54
10/10/2025 16:00:00,2785.96
10/13/2025 16:00:00,2833.94
10/14/2025 16:00:00,2826.5
10/15/2025 16:00:00,2858.51
10/16/2025 16:00:00,2868.97
10/17/2025 16:00:00,2884.62
10/20/2025 16:00:00,2916.62
10/21/2025 16:00:00,2880.55
10/22/2025 16:00:00,2894.55
10/23/2025 16:00:00,2933.15
10/24/2025 16:00:00,2922.76
10/27/2025 16:00:00,2954.34
10/28/2025 16:00:00,2979.82
10/29/2025 16:00:00,3012.82
10/30/2025 16:00:00,2999.83
10/31/2025 16:00:00,3003.67
11/3/2025 16:00:00,3020.24
11/4/2025 16:00:00,2985.42
11/5/2025 16:00:00,3054.6
11/6/2025 16:00:00,3050.45
11/7/2025 16:00:00,3084.87
11/10/2025 16:00:00,3107.5
11/11/2025 16:00:00,3176.04
11/12/2025 16:00:00,3145.09
11/13/2025 16:00:00,3103.6
11/14/2025 16:00:00,3111.85
11/17/2025 16:00:00,3087.59
11/18/2025 16:00:00,3070.9
11/19/2025 16:00:00,3070.06
11/20/2025 16:00:00,3029.45
11/21/2025 16:00:00,3036.63
11/24/2025 16:00:00,3054.47
11/25/2025 16:00:00,3094.79
11/26/2025 16:00:00,3154.18
11/28/2025 13:00:00,3172.24
12/1/2025 16:00:00,3163.56
12/2/2025 16:00:00,3209.63
12/3/2025 16:00:00,3216.12
12/4/2025 16:00:00,3255.46
12/5/2025 16:00:00,3126.05
12/8/2025 16:00:00,3127.62
12/9/2025 16:00:00,3135.99
12/10/2025 16:00:00,3129.59
12/11/2025 16:00:00,3171.63
12/12/2025 16:00:00,3173.29
12/15/2025 16:00:00,3178.81
12/16/2025 16:00:00,3100.62
12/17/2025 16:00:00,3058.3
12/18/2025 16:00:00,3093.49
12/19/2025 16:00:00,3087.72
12/22/2025 16:00:00,3100.71
12/23/2025 16:00:00,3148.06
12/24/2025 13:00:00,3150.33
12/26/2025 16:00:00,3152.09
12/29/2025 16:00:00,3122.18
12/30/2025 16:00:00,3145.52
12/31/2025 16:00:00,3133.49
1/2/2026 16:00:00,3157.25
1/5/2026 16:00:00,3222.7
1/6/2026 16:00:00,3255.61
1/7/2026 16:00:00,3223.79
1/8/2026 16:00:00,3247.68
1/9/2026 16:00:00,3266.88
1/12/2026 16:00:00,3272.07
1/13/2026 16:00:00,3268.35
1/14/2026 16:00:00,3326.32
1/15/2026 16:00:00,3326.61
1/16/2026 16:00:00,3333.62
1/20/2026 16:00:00,3371.58
1/21/2026 16:00:00,3465.21
1/22/2026 16:00:00,3538.45
1/23/2026 16:00:00,3591.57
1/26/2026 16:00:00,3604.49
1/27/2026 16:00:00,3707.69
1/28/2026 16:00:00,3751
1/29/2026 16:00:00,3760.03
1/30/2026 16:00:00,3623.17
2/2/2026 16:00:00,3656.11
2/3/2026 16:00:00,3761.64
2/4/2026 16:00:00,3653.05
2/5/2026 16:00:00,3616.07
2/6/2026 16:00:00,3694.9
2/9/2026 16:00:00,3767.79
2/10/2026 16:00:00,3746.47
2/11/2026 16:00:00,3806.41
2/12/2026 16:00:00,3741.3
2/13/2026 16:00:00,3721.55
2/17/2026 16:00:00,3694.06
2/18/2026 16:00:00,3707.85
2/19/2026 16:00:00,3738.74
2/20/2026 16:00:00,3799.71
2/23/2026 16:00:00,3743.45
2/24/2026 16:00:00,3800.72
2/25/2026 16:00:00,3826.41
2/26/2026 16:00:00,3772.9
2/27/2026 16:00:00,3741.78
3/2/2026 16:00:00,3723.67
3/3/2026 16:00:00,3539.33
3/4/2026 16:00:00,3619.17
3/5/2026 16:00:00,3506.21
3/6/2026 16:00:00,3476.89
3/9/2026 16:00:00,3532.7
3/10/2026 16:00:00,3590.43
3/11/2026 16:00:00,3584.57
3/12/2026 16:00:00,3459.11
3/13/2026 16:00:00,3407.13
3/16/2026 16:00:00,3491.78
3/17/2026 16:00:00,3517.42
3/18/2026 16:00:00,3459.2
3/19/2026 16:00:00,3466.8
3/20/2026 16:00:00,3347.85
3/23/2026 16:00:00,3466.54
3/24/2026 16:00:00,3480.97
3/25/2026 16:00:00,3563.42
3/26/2026 16:00:00,3500.05
3/27/2026 16:00:00,3473.97
3/30/2026 16:00:00,3475.76
3/31/2026 16:00:00,3623.86
4/1/2026 16:00:00,3658.43
4/2/2026 16:00:00,3651.54
4/6/2026 16:00:00,3656.1
4/7/2026 16:00:00,3643.28
4/8/2026 16:00:00,3759.62
4/9/2026 16:00:00,3814.09
4/10/2026 16:00:00,3867.33
4/13/2026 16:00:00,3891.04
4/14/2026 16:00:00,3896.85
4/15/2026 16:00:00,3869.85
4/16/2026 16:00:00,3882.9
4/17/2026 16:00:00,3872.61
4/20/2026 16:00:00,3876.2
4/21/2026 16:00:00,3834.71
4/22/2026 16:00:00,3809.54
4/23/2026 16:00:00,3763.9
4/24/2026 16:00:00,3770.18
4/27/2026 16:00:00,3743.91
4/28/2026 16:00:00,3722.5
4/29/2026 16:00:00,3650.15
4/30/2026 16:00:00,3724.19
5/1/2026 16:00:00,3708.92
5/4/2026 16:00:00,3661.71
5/5/2026 16:00:00,3721.8
5/6/2026 16:00:00,3771.83
5/7/2026 16:00:00,3704.22
5/8/2026 16:00:00,3725.97
5/11/2026 16:00:00,3707.77
5/12/2026 16:00:00,3684.31
5/13/2026 16:00:00,3607.09
5/14/2026 16:00:00,3616.96
5/15/2026 16:00:00,3526.71
5/18/2026 16:00:00,3561.17
5/19/2026 16:00:00,3512.9
5/20/2026 16:00:00,3582.34
5/21/2026 16:00:00,3597.35
5/22/2026 16:00:00,3564.28
5/26/2026 16:00:00,3611.15
5/27/2026 16:00:00,3604.82
5/28/2026 16:00:00,3578.27
5/29/2026 16:00:00,3557.57
6/1/2026 16:00:00,3542.7
6/2/2026 16:00:00,3556.34
6/3/2026 16:00:00,3460.1
6/4/2026 16:00:00,3455.5
6/5/2026 16:00:00,3370.77
6/8/2026 16:00:00,3338.95
6/9/2026 16:00:00,3384.04
6/10/2026 16:00:00,3368.82
6/11/2026 16:00:00,3505.73
6/12/2026 16:00:00,3550.78
6/15/2026 16:00:00,3538.58
6/16/2026 16:00:00,3539.64
6/17/2026 16:00:00,3514.13
6/18/2026 16:00:00,3492.11
6/22/2026 16:00:00,3500.49
6/23/2026 16:00:00,3458.42
6/24/2026 16:00:00,3409.16
6/25/2026 16:00:00,3452.18
6/26/2026 16:00:00,3478.78
6/29/2026 16:00:00,3481.26
6/30/2026 16:00:00,3470.38
7/1/2026 16:00:00,3450.75
7/2/2026 16:00:00,3467.85
7/6/2026 16:00:00,3510.3
7/7/2026 16:00:00,3470.73
7/8/2026 16:00:00,3452.21
7/9/2026 16:00:00,3480.25
7/10/2026 16:00:00,3549.04
7/13/2026 16:00:00,3505.53
7/14/2026 16:00:00,3565.77
7/15/2026 16:00:00,3555.91
7/16/2026 16:00:00,3506.25
7/17/2026 16:00:00,3503.28
7/20/2026 16:00:00,3517.45
7/21/2026 16:00:00,3567.63
7/22/2026 16:00:00,3632.38
7/23/2026 16:00:00,3572.76
7/24/2026 16:00:00,3553.29
7/27/2026 16:00:00,3574.11
7/28/2026 16:00:00,3578.56
7/29/2026 16:00:00,3528.86
7/30/2026 16:00:00,3629.84
7/31/2026 16:00:00,3627.78